building_id,mean_temp,std_temp,pct_above_18,pct_below_15
10000, 6.634732342982112, 5.595448260511732, 6.654370547177317, 88.63874724241438
10009, 5.446838522078078, 5.033299541983458, 4.475324153181224, 92.40627198713437
10014, 9.819701269951382, 6.507510907790768, 15.37224405040614, 75.44431098715417
10019, 9.744853650724869, 6.4977739249522335, 15.075126397493413, 75.86596270638142
10029, 4.187396795458308, 4.075863161575241, 2.1080318682575383, 96.03933976289406
10031, 8.497346030189133, 5.9051627050212865, 9.485019002445275, 84.10128745249389
10051, 9.262933693715562, 6.138496864336562, 11.961950932863228, 80.09769355075657
10053, 4.749275267824175, 4.3640007683326605, 2.8363011283497883, 94.99515162200282
10056, 9.952353628119388, 6.381428635281399, 15.230164738113261, 76.38333153094698
10064, 5.223252512532297, 4.977662616776504, 3.868934729962361, 93.15204388293992
10075, 9.448542723863543, 6.538886371870119, 14.787783764685097, 77.08572564261108
10079, 7.959127313213895, 6.453684535726626, 11.568504089435223, 82.78565551952765
10080, 8.100615416819945, 6.364673520161408, 11.605647049602727, 82.55821927873735
10082, 8.75262151859183, 6.522428183384825, 13.317528803755158, 80.07301692665118
10083, 6.128261077904399, 5.354098024683414, 5.458505512210404, 90.48826697298345
10084, 5.987926768440791, 5.3406082770250975, 5.728053004065653, 90.59930733323294
10085, 6.51069990963744, 5.470573399284462, 6.368420310097204, 89.6022911640637
10086, 7.539267808516995, 6.22475316569692, 10.167230546157564, 84.56645722571291
10087, 7.095752281237912, 6.149512997126285, 9.281614324499516, 86.01087865322648
10089, 7.329937292939497, 6.1454503037111285, 9.514577797111865, 85.31061157712567
10090, 4.603646656843404, 4.341531756491714, 2.1910503130071874, 95.89612798516114
10093, 7.309392179667386, 5.876511261651483, 8.259852243430032, 86.05303637584765
10094, 7.682381859376513, 6.162785328706616, 9.921742461555299, 84.27625458326493
10097, 5.7493585763412876, 5.345417863710545, 4.8762974084470265, 91.32286702787388
10117, 6.404067775644735, 5.0534848565631965, 4.780546563276368, 91.48786669678034
10119, 5.589423031796857, 4.637556617790517, 3.3956668174734834, 93.77419192680843
10120, 4.220850422930681, 4.121707850793778, 1.591491343839764, 96.4417876458867
10124, 5.8728464654989025, 5.357059399505935, 5.0005380779854365, 90.83473831473975
10126, 5.567205415566319, 4.944807502259857, 3.826332509707024, 92.9279915284151
10128, 4.370861418100157, 4.887263349513856, 2.899398840240464, 94.02298239080704
10136, 8.108820436905308, 6.663730751483225, 12.265316816119114, 81.54665981195686
10144, 5.787725987292031, 5.270611344741438, 5.1852688657930415, 90.98508811568007
10145, 5.457809427718032, 4.751027930065798, 3.721805700547278, 93.53231470057891
10150, 6.48149955988149, 5.81074151078642, 6.822691615822561, 88.35747269254307
10161, 5.844912891193126, 4.888973883384744, 3.8731139360817393, 93.30266976696822
10165, 5.23500334362233, 4.43343352391314, 2.416460905349794, 95.01399176954732
10167, 5.623317179595686, 4.760128243248409, 3.3834461148704955, 93.56311877062569
10168, 5.97998828374153, 4.952273558588608, 4.003855934316154, 92.79505376701515
10174, 7.983421559794014, 6.724142108199196, 13.011375951783306, 81.41671502786303
10176, 7.988727522220469, 6.617387850054548, 12.763930230617298, 81.5387932233566
10177, 8.417961799000738, 6.97371357252222, 15.005622339428662, 79.07084147680116
10180, 8.024825837935822, 6.831555218222789, 13.644809529469912, 80.7214669577893
10182, 6.743784109452751, 6.070888070419299, 7.943859152937849, 86.87454335478093
10198, 6.9163581554178934, 6.330532325671822, 8.999603017070266, 85.36588593357153
10199, 8.188249086521587, 6.936436535980729, 13.06500400442141, 79.45963477029183
10200, 5.86179638139771, 6.028832006842022, 7.578261422253742, 88.3385630272903
10201, 6.928669133985423, 6.592048006479106, 9.807397751344304, 84.38650806583021
10202, 6.279572704954632, 6.301496889946407, 8.590306910286232, 86.47301694600739
10203, 7.517810134743868, 6.592200669723535, 10.477404280176305, 82.88792416759598
10204, 6.770553323210809, 6.313769450535735, 9.03497581459629, 85.79173975442514
10205, 5.021999652980211, 5.1163652535320265, 4.747269269889002, 92.37606686419316
10206, 4.597061968713972, 4.792935053026383, 3.892245551957806, 93.67537915456599
10207, 5.145450116339527, 5.097800236275664, 4.653704746447617, 92.43483157232288
10208, 4.53860481687701, 4.56885572096838, 3.4417401245524837, 94.53754124171405
1021, 7.72563253082612, 5.793032827045887, 8.764111991222414, 86.41495269535423
10215, 5.487713429290407, 4.963759718805628, 3.048554102553525, 92.64263025452746
10219, 4.963259809917479, 4.658045831189352, 2.790621211187144, 94.06941618889094
1022, 8.31442117151501, 6.122198779579084, 10.030341551223405, 82.49654366121385
1023, 8.75643169558871, 6.064210380577633, 10.92837048257953, 82.27185909317576
1024, 8.15853717741204, 5.794424483145828, 9.059223734106626, 85.34556472600194
10243, 10.183715223305363, 6.0251563717393495, 11.999356602863118, 75.92524895082398
10244, 10.1406013313531, 6.469572271849034, 15.040541346211173, 73.74202587491803
10245, 10.384255121850254, 6.182700406685207, 13.533911121451839, 74.46632154490462
10247, 9.918387755109459, 6.358391181066721, 13.619203754117345, 76.20888293952201
10249, 10.645630245168642, 6.313746931310186, 15.216073293138873, 73.23251035737141
1025, 7.722479321576912, 5.897173624659164, 8.76123085517434, 85.90661514827056
10251, 5.795541893338494, 5.769862341493867, 6.758675526779122, 89.40288900248008
10252, 5.92972767772535, 6.136907275421858, 8.728756203940442, 87.46710031583696
10255, 6.021718892839379, 6.03375996503205, 8.273145108338804, 87.79743464067398
10257, 6.917762433974409, 6.349671145615084, 10.322289199147338, 84.83843189293731
10259, 6.1151447068687155, 6.194832768296071, 8.966866551478809, 86.90415692651692
1026, 8.763538064976219, 5.9530054599093525, 10.3831096196868, 82.55313199105146
10260, 6.59607364623492, 6.149748204304653, 8.744392710310603, 86.77998995582264
10262, 7.087305800330686, 6.486796533948286, 10.634691130278707, 84.16429841618054
10263, 7.925933778944355, 6.895019445828543, 13.686626866183008, 80.35700519918801
10265, 7.458131974087752, 6.43510832342487, 10.65834459728075, 83.71100686438207
10267, 8.211484281420493, 6.751279298953169, 13.127517770687296, 80.45039606765798
10268, 8.173018231961851, 6.74021689355931, 12.878172017459386, 80.63709243718499
10269, 8.694755280112364, 7.0698937430975155, 15.399540394380152, 77.55913638177539
1027, 7.47895186415433, 5.4491475147555235, 7.518690459322726, 87.86557871663014
10276, 8.191196881276804, 5.8845605992442644, 9.593864086925436, 85.30045824350822
10277, 8.389231454826575, 5.915575331552181, 9.60673290362404, 85.21538881568796
10279, 9.006553241525495, 6.1535213553608035, 10.993018651661977, 82.14337813900177
10281, 8.37071177684092, 5.797859333656715, 8.510416666666666, 85.99479166666667
10282, 3.9955254858865885, 4.206878299241482, 1.6705449241134998, 96.29423818289168
10285, 6.080194784458148, 5.025416699721873, 3.8334213770029937, 91.47209015671774
10288, 7.24171445603778, 6.200488452795182, 9.273021426598445, 85.02111092112013
10291, 7.113521384907487, 5.85728856440974, 8.249117323609422, 87.20263934710887
10292, 6.428968939306398, 5.391636132863186, 6.143660732887335, 90.10856732794741
10303, 8.858275821530421, 6.6403632510835235, 14.226578094832945, 79.57066657940378
10306, 6.207160364986621, 4.842004002893919, 3.8484249062619944, 92.83310206371233
1031, 7.77821699658523, 6.062937740426202, 9.533428390367554, 85.16912230671736
10311, 10.813402412319244, 7.120242601870478, 21.554640736271796, 68.66113043272529
10312, 10.092526438131177, 6.864580407117303, 18.009889927014243, 73.77386301500131
10315, 10.893664125229304, 6.971977137124789, 21.059471336128937, 69.14832330756555
10316, 7.9660749840155844, 6.556817334298163, 12.007895744998603, 82.26703980987877
10318, 8.792125957747805, 5.850717239638221, 9.45937401201391, 83.40183370218148
10323, 9.139824694952186, 6.879871195199076, 15.209717274798626, 76.6615320432592
10324, 8.746789623900264, 6.011694208727706, 9.895635071691409, 83.18424057860678
10330, 9.847775166018776, 6.6329517670000415, 15.697806957552546, 74.07863341388166
10334, 9.268681249124835, 6.9358019052088125, 15.418202528041006, 75.92349432851877
10337, 5.173610955877797, 4.7717262004709085, 3.773436113794531, 93.54927744810047
10340, 6.435014605695962, 6.300845257173173, 9.71118858470976, 86.12905069440475
10349, 6.597335117176213, 6.094458239837391, 8.732313162130348, 86.9339611309967
10350, 8.38022003633553, 6.790378126294262, 13.471376057170767, 79.9066862034395
10354, 6.09725704808114, 5.89894689363768, 7.4548992695514835, 88.42469423631937
10356, 5.859646936536252, 5.746074018371347, 6.961753330468415, 89.35951153129923
10357, 5.859420319018386, 5.708935792490007, 7.048975627803728, 89.56204041992322
10363, 8.055504740026082, 6.701665311980655, 12.887468339162947, 81.14134086875615
10366, 8.368847636161648, 6.604615856947809, 12.789240585033623, 80.7568322476349
10370, 8.35139617034332, 6.718249825373908, 12.957086364302103, 81.01840550700581
10371, 7.453364915218631, 5.3792762658764435, 6.893270401948842, 88.80557247259439
10372, 10.106367897196948, 7.011665822275939, 18.954212803003507, 71.92779606605545
10376, 8.514457725947572, 6.100955546751608, 10.826585747240328, 83.0053722654859
10382, 8.15073276066442, 6.3809306388937115, 10.307441525455854, 82.12466987629048
10386, 6.720686728955511, 5.787355247079788, 6.958040480583687, 87.67412707579193
10388, 10.780801132953913, 6.828575444297667, 19.942614537650464, 71.02617336941309
10394, 9.826105430099709, 6.807926372179625, 17.039379958437348, 74.12921017892852
10396, 10.816697583495907, 6.873174098786415, 20.66871809382332, 70.14583996510217
10401, 8.062707497451981, 7.032952310927428, 14.610603701053638, 79.2513714101323
10405, 9.034177017379816, 6.750438357889039, 14.969700546964152, 78.45689214181718
10417, 7.236142194816651, 5.568340754589889, 6.730734815132969, 88.83997279788109
10422, 7.031789650607574, 5.636554318392624, 6.174057124822471, 88.8590815843459
10430, 9.737715901493857, 6.6013805805112336, 15.650499858300188, 75.53381739291892
10437, 5.7481629230471425, 5.743975068274221, 6.282189253593666, 89.52263817357215
10447, 7.864409988074756, 6.405693023885042, 10.673779315647828, 82.40220107650903
10455, 7.862485054295483, 6.057208331507709, 8.751323952186413, 84.19201089423514
10456, 5.761927986712825, 5.025942140761344, 4.309802957011287, 92.37244131070483
10464, 7.764773650539459, 6.097218393970613, 9.749660160939841, 84.85558080231786
10477, 7.363212527627748, 6.23742701301976, 10.760859834279973, 84.71317305109866
10478, 8.041708176822645, 6.595674366586887, 13.291979606936884, 81.6158360446377
10483, 7.489756186560868, 6.095315020038844, 10.373809157114255, 85.08613671866405
10490, 5.983000632605643, 5.4996193416735855, 5.275459098497496, 90.19365609348915
10491, 6.868809272068393, 5.7652006392279755, 6.25459661688997, 87.58993380871678
10493, 7.4345922062137895, 6.098042400110105, 9.257723064671335, 84.99850681886055
10495, 6.120190682575849, 5.311440939117863, 5.2852545659910914, 90.74441105641156
10498, 6.911414684970211, 5.5781350836023496, 6.837915612970738, 88.92653818843198
10504, 7.664177797072628, 6.49073260979077, 11.019447402342655, 83.07123241607353
10507, 7.029672965283682, 6.238441175851039, 9.187270677953908, 85.96129403582819
10515, 3.395098228065797, 3.2403453111881624, 0.21289091176038757, 98.72754857338619
10522, 4.8774325940221095, 4.501068338235265, 2.2692727623043822, 95.0654021536683
10524, 4.8969848889595315, 4.220990680547476, 0.9710602697626771, 96.55326959194127
10532, 6.269154002138783, 5.74438510913565, 7.450069791408481, 88.76554000286993
10535, 5.915057670385602, 5.1792159546677015, 3.803617255285348, 91.47928632530856
10538, 6.846734232199031, 5.99217329261114, 7.8518740405137235, 86.73007076796345
10541, 6.164584718890336, 5.865543648945463, 7.49041199030611, 88.53438742617821
10580, 10.744899376467263, 7.264646395000809, 22.227266377985753, 69.73040927503843
10584, 5.224252771651856, 4.970639149491149, 4.079792919601808, 92.90801148729571
10587, 8.473774064287905, 6.180253105965999, 11.333108089598305, 82.59900831879902
10588, 5.0198583635589715, 4.556421882611752, 3.3649881873349705, 94.4735257330801
10589, 5.6598427321753615, 5.232233324908794, 4.903939452745973, 91.38560062099748
10593, 5.151949476232726, 4.843481670569313, 3.7128072445019407, 93.35187580853817
10594, 4.864762115893421, 4.445800314402213, 2.916709813261537, 94.78616547582065
10604, 9.562745403237006, 6.4560898220552945, 14.993206651740437, 77.84985743536751
10605, 5.865919264152505, 5.129927862232777, 4.74435618158491, 91.84887942565446
10608, 6.897907981515665, 5.757839183280976, 7.08510545644569, 87.73569842214512
10609, 5.860381590461445, 5.0594995147216775, 4.217148822769856, 92.0945630374461
10611, 5.453862342802722, 4.929809019441933, 4.164346373381595, 92.69803703188083
10612, 6.951854580866418, 5.688410353760053, 6.903307971132809, 87.81634719002056
10614, 10.677230127471208, 6.7573139928512, 20.27371101209421, 71.62862598890607
10618, 5.253031046890673, 4.979776082640861, 4.042128519601813, 92.8559772033994
10628, 7.537187290850334, 6.114394240085785, 9.616117520701243, 85.03967016595641
10633, 9.961816496086435, 6.752865224147932, 16.348356410219, 75.40378470651746
10634, 10.006085070314999, 6.561051931931535, 15.62196339434276, 75.43826955074874
10637, 8.217455785681718, 6.705318067822057, 12.931924177302834, 80.5126262296367
10649, 6.845636525640153, 6.508956643201936, 10.797122530480548, 84.47938430615429
10650, 7.229971151078253, 6.6127464646510195, 11.67789712455801, 83.14230435652811
10651, 6.915697095746935, 6.1150863614764015, 9.0630003378428, 86.44515930022474
10653, 7.61805258653273, 6.606774706831843, 12.071992976294995, 82.75368886119686
10655, 7.925221091258198, 6.503846859607688, 12.099644128113878, 82.84109059321322
10678, 6.982995882791807, 5.339009868923634, 6.261694982465271, 90.12107017609081
10682, 5.311531442581358, 4.4464552624795, 3.299305409387497, 94.72479478004631
10691, 7.2255829287055535, 6.553878110848586, 10.85191309201588, 83.90117007719772
10692, 6.647775964481101, 6.377734648354424, 9.717581458701343, 85.7183901930321
10696, 6.844202514731843, 5.734768129305933, 7.400316234443739, 88.28964493540857
10700, 7.020959278277556, 5.650819372132768, 7.601806162324125, 88.45061864202574
10701, 3.680613255801535, 3.789795624476112, 1.3046557572594775, 97.12975733402915
10702, 3.6322913233363345, 3.8607639209659523, 1.4172721768089616, 96.87216167120799
10705, 6.210317262768338, 5.3013473735644085, 4.876996961677938, 91.19474664314417
10706, 5.594412396655815, 4.528232890961319, 2.3672337350338872, 94.69911521709409
10707, 7.614468560497629, 6.299913203484097, 10.371177905829828, 83.77718943051445
10708, 5.079341028583307, 5.82218652022463, 5.680663575400417, 90.367811420443
10709, 4.670348971376133, 5.66100146193987, 5.318204063876452, 91.04569595243706
10712, 6.591475178346326, 6.499320233565253, 9.506599622878692, 84.98169852479019
10714, 6.367335191145553, 5.402819578576629, 5.232977562383233, 90.53846580714378
10715, 5.237661500902176, 4.838376667787322, 3.2977932060500867, 93.72321207183593
10721, 5.051908311561084, 4.841052756182176, 3.0329792334283767, 93.45966541343897
10722, 9.882708408765035, 6.408569890755681, 15.928368599432078, 75.77448016854447
10724, 5.25730137694373, 4.71113474439255, 2.4475908242783446, 94.18505103720777
10726, 6.9010151317645265, 6.1082716125050105, 9.40347848265173, 85.90557283134362
10733, 5.23826935689891, 4.897845809035245, 4.166737298910003, 92.93790578223798
10737, 5.49796945829301, 5.020124835130573, 4.2696795886075956, 92.18255537974683
10739, 7.113231479265902, 6.130732927308587, 9.421949510315004, 85.49404344779256
10742, 8.34679291333106, 6.81276921526452, 13.711461454453811, 79.75133712301532
10765, 11.19296500892743, 7.020228127747291, 22.61996567078783, 68.55394412796339
10769, 7.964591889618592, 6.5280180897152285, 12.196657392928945, 82.06445586174684
10772, 7.037278712489041, 6.392736220199958, 9.947751254994365, 85.0186114810641
10773, 7.956992888091938, 6.5764360520892895, 12.334348589063477, 81.89684732839825
10776, 6.760581560016538, 6.11866178828295, 8.354907571422084, 86.31852659308717
10782, 8.310209666445392, 6.604272298780869, 12.976588628762542, 80.88375392723218
10786, 8.247133014608421, 6.824798117973796, 13.735644925287103, 80.4336451913271
10790, 9.332381052758544, 6.2862794854987865, 12.965440009954273, 79.71505894795781
10791, 9.016682678407872, 5.980145466654699, 11.485804628632938, 82.40715823466093
10793, 7.91003721710453, 5.351759390597531, 7.275254865616311, 88.51670417935478
10794, 9.411384093179327, 6.050537912025685, 12.150919488487636, 80.98834592107238
10797, 8.11376130624659, 5.469296214170174, 7.680948809300581, 87.86564785299082
10798, 10.076100081930885, 6.335007864263195, 14.229497216058945, 76.47534921365875
10799, 9.007669050761308, 6.036375914858148, 11.422495507822159, 81.89940818647896
108, 8.618693387427989, 7.239033126898788, 16.221996283700875, 77.31772020240976
10801, 8.77136318149074, 6.3455902678633676, 12.508415241685741, 81.36753287554419
10803, 11.866597197494636, 6.714405436507033, 22.390980147439898, 65.49546786254456
10806, 11.771273519772269, 6.617273508626466, 19.882984264654223, 65.129068598355
10821, 8.974434548848567, 6.8582563925974975, 15.16201649588537, 78.23215670157019
10822, 9.34839900248427, 7.364452972379684, 18.23217834692758, 73.97998183436901
10823, 8.54685574476016, 6.936197753195824, 14.900133389497332, 78.86390761022184
10830, 7.5232196509595965, 6.892078531250842, 12.992053224912215, 81.71485694124763
10834, 5.772005648412891, 5.94721750827101, 7.546961833463464, 88.93216368897258
10836, 7.551685861657344, 6.769126071098967, 12.216408474593694, 82.15956167312575
10841, 7.935940939740323, 6.834288196336635, 13.50605594121235, 80.97340420382042
10845, 7.93490208981695, 6.8311879848313675, 13.531827119558931, 80.98083818483248
10849, 5.813072975485403, 5.874030197067426, 7.3603517171359645, 88.89427062472639
10851, 7.733285783593908, 6.63403710739367, 12.058003921973372, 82.11683352255135
10853, 5.982823177520778, 5.772078860044034, 7.064535374107675, 89.27153407805139
10855, 8.166998330957567, 6.913990979371178, 13.95818511463521, 79.76958208064627
10865, 6.161220300158431, 5.892216334662847, 7.6795371907560375, 88.3961581943921
10867, 7.533808499100218, 6.8872515248848565, 12.93817216397426, 81.2907798227062
10869, 6.1448295604879695, 5.93929626742406, 7.800442419238101, 88.10259233207948
10871, 7.491947203314968, 6.826153437748486, 12.495554918267853, 81.68052767421852
10874, 9.879268939719658, 7.207743240149232, 19.46796719131013, 72.27665706051873
10882, 8.588916892562604, 6.5637573094686985, 13.207331533307617, 80.61400877155388
10884, 8.95312362824232, 6.873152908644075, 15.415358264344848, 77.71909791607193
10889, 8.970472245540982, 6.666341602304552, 14.769312064467123, 78.85222981824586
10890, 9.77818318321408, 6.983515809582379, 17.452873422749075, 74.43555039564939
10893, 10.117100071557253, 6.498584026263608, 16.0488346281909, 75.87495375508693
10895, 9.495225002855012, 5.952549817904503, 11.856254572055597, 81.2874908558888
10896, 7.758562279384556, 6.2519197469187775, 10.878281261820108, 84.67546713064529
10905, 10.926683770414051, 6.995644355168016, 20.582549170464183, 68.37505671618236
10927, 8.1084291962004, 6.839080292050409, 14.663564989822623, 79.82436754870602
10929, 7.775522307775816, 6.586689046557195, 13.281048837009699, 82.35451892541413
10930, 9.25283948634199, 7.20927574956483, 17.74199550929774, 75.18576869161777
10931, 6.200417887179068, 5.848909326700824, 7.032653819939277, 88.36005063156684
10933, 7.925669673353005, 6.78934151516515, 12.674409690279056, 80.95963661453543
10941, 4.945377606875844, 5.320001392545322, 4.759522455940876, 92.1341671404207
10945, 5.94751052107415, 5.604492402401055, 6.697619976589933, 89.65275068279361
10946, 6.3466386674188815, 5.94441742997972, 7.9871245234537565, 87.97846639388904
10947, 4.691176423647522, 4.242656991909531, 2.841576538259003, 95.23028314497509
10949, 7.433444590926737, 6.092088938701612, 9.100694257574943, 84.94160701792153
10956, 6.968282022383981, 6.512030745546146, 10.483602098650618, 84.56982926529682
10957, 6.979829446111544, 6.232879815512498, 9.126283000561711, 85.524179134964
10959, 6.336962987480759, 6.329161009029918, 9.071594904765881, 86.49466076614063
10961, 8.37152820383243, 6.697136406571148, 12.8296552597156, 80.65319211781087
10967, 7.053357638628296, 6.235840867589926, 9.032866351701733, 85.34183260399479
10970, 8.021180215033079, 6.88568253535227, 13.175464107925658, 80.27660726226742
10972, 6.633405979869032, 5.862606425228287, 8.21999782395822, 88.0910069028881
10973, 6.951936664322521, 6.076369436299663, 9.20615047537071, 86.64071364294378
10975, 7.95587827268661, 6.71195306378658, 12.773615155580275, 81.69616856983934
10977, 6.2361883017357975, 5.495847632430185, 6.249019036301262, 89.90896656875714
10978, 6.730378803405319, 6.174605217806476, 9.217469406085103, 86.28045357583922
10980, 6.819104864611987, 6.091959236876278, 8.514654865954864, 86.67639162999374
10982, 6.683850418345386, 6.204864147510945, 8.673950475565759, 86.16759593309283
10985, 8.548296546607627, 6.787330611996879, 13.674395594941066, 79.65994149531103
10987, 2.6027852591090497, 2.508009083544035, 0.1476160015745707, 99.43413866063081
10989, 10.357220661369313, 7.258464846001492, 21.09786783207522, 70.63302873791551
1099, 7.694072622372994, 6.187487903984292, 9.215363553860117, 84.40571595576132
10993, 10.46580179435532, 7.263432213986714, 22.0398298319098, 70.19105633263706
10995, 9.910189955011324, 7.017344031453854, 19.43529305211199, 72.71790691618834
10997, 11.601157551768896, 6.927759525097236, 23.586515203870075, 66.75989115411195
11000, 11.627877992605587, 6.883347173213, 23.400888628075617, 66.71626776208241
11009, 7.766789005273375, 6.388936616848834, 10.80292150607826, 83.85412176226428
1101, 9.34291139277463, 6.955175331711931, 16.33091215538344, 76.05842931096754
11012, 7.737644795195654, 6.3697714326985215, 10.685218247860618, 84.04974450532538
11015, 8.636175139697112, 6.456693321580932, 12.519042924993279, 81.53807091435911
1102, 7.547846878528361, 6.409396917885328, 10.318420791588135, 83.22388651919452
11024, 7.858311563106788, 6.052194431006731, 9.412486478632202, 84.72690873278547
11032, 9.325307570802465, 6.480609451537723, 13.724212297519877, 79.43027100046214
11037, 7.889039553395486, 6.384510387341142, 11.05145689983235, 83.54983697943986
11038, 8.536965818176604, 6.452785452265958, 12.278681445228155, 81.12751650249851
11039, 8.569104315283779, 6.523713815153636, 12.487396652550919, 80.98911070780399
1104, 9.285320574420542, 7.212643917922937, 17.604730295085623, 75.44884412179553
11040, 8.447475010105, 6.439239807728348, 11.850152132380442, 81.88462199399558
11041, 8.760229093556053, 6.562124529313943, 12.99270968599503, 80.44396274066727
11042, 9.22131574259404, 6.518602300704267, 13.969769105385977, 79.19720440447013
11043, 9.223624354272431, 6.873081823980304, 15.851569407603892, 76.86505305039788
11051, 10.621778313559561, 6.7253336926409295, 17.568289380519982, 72.18612970945182
11057, 7.781642562304869, 6.130968724653228, 9.641950418160096, 84.49260752688173
11060, 8.90620725140755, 6.756668477258224, 14.464024537438053, 77.66780739247122
1107, 9.39076024081078, 6.471348567457661, 13.596287134775048, 77.873429502094
11071, 8.374192765709674, 6.54375307869507, 14.008938884146035, 80.47707527745693
11075, 7.825431534937898, 6.395279606544546, 11.432636599995906, 82.58234896718325
11078, 8.303836794887895, 6.919828163759756, 14.18560456093119, 79.90735608520073
11079, 5.231931731459548, 4.7484909888800635, 3.485813880396583, 93.54695848452813
1109, 7.0222072171716885, 6.634659516645987, 9.728120757724833, 84.49179878694282
11090, 5.24708221187678, 5.723807711297666, 6.431133975938426, 90.36493655545479
11093, 8.061520937314045, 6.342847821110338, 10.959459916372694, 82.96910748701072
11096, 8.670057721311599, 6.701731538921807, 14.455989770873446, 79.37273114739642
1110, 9.890539296761727, 6.657828985806272, 16.34383935639166, 75.29926818629747
11100, 7.093544784047341, 5.791344851775614, 7.942660473819628, 87.98186698744723
11103, 7.601452066150711, 5.209887332378823, 6.763357734145173, 89.1085722104399
11104, 6.830918340300227, 5.848350085330254, 7.862782215245394, 87.88609815780968
11108, 9.293281135676802, 7.382668680579431, 19.12541835476484, 74.14567553285187
11117, 8.934720919553383, 6.643021351896097, 13.818113803566234, 78.79172035412944
11132, 5.720443427332479, 5.661048195378963, 6.07909945656862, 90.0920814284482
11133, 6.111933037003225, 6.221424697975702, 8.537501414856507, 87.12120432585945
11136, 5.723203331043298, 5.627624685839213, 6.069405977429622, 89.94357405646728
11137, 6.013980357846886, 6.114307158113229, 8.07409634183002, 87.76912790637407
11156, 9.213120674107582, 6.5337767115710275, 14.2005274581651, 78.97752468084113
11160, 8.391996811785265, 6.07470688684794, 9.65749578888265, 82.84961954732908
11163, 7.83585103493968, 6.094694098511381, 10.46524803408344, 84.26926824846466
11164, 7.380254739286646, 6.083638897262935, 9.14009225165827, 85.59332172433503
11165, 6.373141780938935, 5.768150768059227, 6.676391161222921, 88.53560939070785
11168, 7.828010199527283, 6.2921693410173445, 10.621898426776475, 83.76623376623377
11175, 7.436765876803145, 6.029439249175303, 9.003953408156226, 85.70803152113349
11176, 7.760484468803945, 6.246841338200111, 10.445291610409551, 84.08651682418659
11190, 6.8316985206012735, 6.0240740328668565, 8.65631877678675, 86.48673693965017
11192, 6.51516421303694, 5.740795235743918, 6.4267199353166395, 88.2904092649402
11195, 7.712084718636596, 6.069326575539149, 9.408551261595045, 84.82840684749979
11198, 7.807181664791405, 5.712538287345238, 7.962355272119373, 86.79029162280973
11199, 8.56499119708643, 6.323080026359714, 12.314100097335718, 81.47452294180229
11200, 5.807376087074004, 5.520834293031043, 5.786981021191274, 89.95171754185824
11209, 7.427766189554001, 6.130329081166465, 8.636340670630043, 85.17944658706233
1121, 4.702533402234382, 3.930937700769612, 2.150308383461509, 96.18365948374324
11210, 6.51412289485877, 6.22426271268295, 9.128574947929497, 86.32505431009385
11215, 6.660663129247933, 5.8873058477224305, 7.645792402442324, 87.90955400524699
11216, 5.660937844491894, 5.051545348855055, 4.191339886341602, 92.59877988753486
11218, 9.218745405110619, 6.543335395410984, 12.84581260922167, 77.13402339024063
11224, 9.862035449354535, 6.414707434356084, 13.814122000901868, 74.38229851813843
11225, 7.013824242309272, 6.293097450033176, 9.723655952253823, 84.87048968307644
11226, 13.017072000120487, 6.722317626446354, 26.605348529215217, 57.14737008371505
11227, 11.114168968786094, 6.854708346914453, 20.575127742133773, 68.57543509162856
11229, 8.065222312378442, 6.086106393753709, 9.740805524635968, 83.97355807455533
11240, 11.29435845498361, 7.227343227857186, 24.782358212776852, 64.84765074894379
11243, 10.336715184652867, 6.358929806935028, 14.944268366511166, 74.67504718492931
11244, 12.349562786388422, 6.846452077317766, 24.744198856985474, 61.09343799490463
11249, 10.515727387266361, 6.775124851260087, 18.35478680611424, 71.52051488334675
11253, 9.372727556333086, 6.348273220183466, 13.263291177401607, 77.88697788697789
11255, 10.600210700973488, 6.762418204837558, 18.25735844350212, 71.38937390870541
11258, 8.17722733817208, 6.1453334506946415, 10.954992203787734, 82.44888663080992
11269, 5.63585091170419, 5.580784678411243, 6.01662625562868, 90.19628218450525
11271, 9.48810287170927, 6.608526903018511, 14.820819993803575, 78.0904678302179
11272, 10.0569832037087, 6.897928101745908, 17.391528340185257, 74.03274499500273
11283, 2.3347143994995117, 2.9941119711364155, 0.17095965352176887, 99.23638021426943
11286, 7.073937464646466, 5.8764894120214395, 8.82274068114776, 87.02601233574686
11395, 8.191835851152703, 7.094807020568864, 14.262395063500035, 79.35441630193012
11396, 6.99721046450122, 6.774862536122087, 11.418960131600835, 83.4399201523021
11399, 6.401088977175851, 6.166417060163878, 7.987832092269385, 86.97587559606305
114, 7.455676187166863, 5.796090058156555, 8.554527529197633, 86.31208183763924
11400, 8.324114638195399, 6.654935229729747, 12.742406288835584, 79.71445911967862
11404, 11.418062868151857, 6.820536786976074, 22.134172961674317, 67.79425577795712
11407, 11.224037049100684, 6.951057020291082, 22.117038402795934, 68.86772981823685
11414, 10.594932339561685, 6.655617034783483, 18.04258215784896, 72.2648716106342
11417, 10.794559032924983, 6.89673426850987, 19.837787694930554, 69.42661585518728
11418, 11.251115339982517, 6.777604563704222, 20.6143267626134, 68.31248353137508
11421, 6.75583600532003, 5.821654723344169, 7.251127217887755, 87.7290983795762
11424, 7.145515334953618, 5.837212438089736, 8.787264833574529, 86.77713458755427
11427, 6.255989678747049, 5.958447561984598, 8.194190362388571, 88.05820212124736
11430, 6.404920470003006, 5.625037187871708, 7.2194589949931425, 89.02126675149131
11434, 6.663549336832007, 6.234108617895866, 8.902884604834375, 86.60397853827669
11437, 6.192357046613793, 6.279716779438201, 8.704247627654766, 86.69001355625848
11438, 7.812701930060486, 6.5995740135694865, 11.103298584573997, 82.34080278805294
11439, 7.172361425559458, 5.672725037805131, 5.992822966507177, 87.4102870813397
11443, 7.36443023933101, 6.175036612399514, 9.640798926344043, 84.86460882608353
11449, 8.547581313330959, 6.4989758969680995, 12.070421413207997, 80.20552855891022
11454, 8.27190076066528, 6.57772211378542, 12.324244321739625, 81.12654408834747
11456, 7.982316934785501, 6.465990659437502, 11.354516709912515, 82.35143987409077
11460, 9.510190033264609, 6.3634277947481985, 13.605818641789865, 78.62597833820855
11463, 9.185262865681894, 6.230337735570721, 12.150246627962808, 80.06896852765288
11466, 8.22049620575148, 6.257039865073945, 10.333447738733268, 83.28009082028672
11470, 8.090207360848689, 6.0562198225284325, 10.449472227028899, 83.93104343311991
11471, 8.442773166406631, 6.23361090334066, 11.807043569034668, 81.9112502976027
11474, 7.131001871405078, 5.633067818017877, 7.65178020168759, 87.90286067091995
11479, 4.742871129801319, 4.578238536521649, 2.3296728242671887, 94.90366334667007
11480, 3.97280486235216, 4.253395400208209, 1.828042328042328, 96.18518518518519
11485, 7.417310242851816, 5.883590098427115, 7.678899970949937, 86.94490171395371
11489, 7.51513098103505, 5.873540605079378, 7.475746268656716, 86.7294776119403
11497, 8.28438812012703, 6.108898176139068, 10.126416668029503, 83.21258606309385
11498, 7.664255623862097, 5.864697056051569, 8.523227790243498, 86.34255796559461
11501, 7.399430924009406, 5.8140552318440735, 8.651969642211782, 87.05601734730756
11509, 9.411635810631603, 5.988761321690661, 11.315230034896313, 81.49158343695265
11510, 7.192393070454681, 6.125407998383487, 9.249358274360755, 86.23090777587112
11511, 8.37800535969546, 5.804881726133539, 9.78247392855667, 84.98946121313146
11512, 7.792529908486835, 5.94412511529375, 8.852667699800753, 85.10349789683418
11513, 7.502537486105592, 5.942514881587409, 9.75158919796222, 85.76258960371489
11514, 6.908463099097169, 5.719068472976182, 7.175444585829117, 88.01402811830795
11515, 7.250933195022779, 5.196668010407226, 5.071980640541274, 90.19433538286786
11516, 4.929533823006987, 4.577915658172578, 2.824916952076842, 94.60252877707104
11523, 9.001669986438129, 5.958076973841311, 11.56089911134344, 81.74385781495033
11526, 7.356028930935272, 5.296362013648046, 5.541972290138549, 89.09621241367476
11574, 6.538952978804345, 6.215789070594083, 9.053532371607167, 86.65575063643644
11575, 6.449472570643952, 6.188185531561301, 9.03309570465119, 86.80980488801798
11580, 10.357141942816787, 7.43617530794967, 20.977413551868878, 70.07628756079686
11581, 10.914790873573084, 7.631311823253273, 23.945238859664286, 66.56705605360862
11604, 8.762853503055727, 7.519940386850783, 17.36048224069958, 75.53579759062595
11605, 9.142030834109615, 7.6130968874801415, 18.83729641984338, 73.84808862091725
11613, 10.249390399890027, 7.815575781868822, 23.01755127934024, 68.84912243603299
11614, 9.100646770769385, 7.333547856542141, 17.069969578444155, 75.05953933072577
11621, 8.6950731321704, 7.101103820381161, 15.289378897223047, 77.14016447410889
11622, 7.778799129050801, 6.442837227706194, 10.59580651858003, 83.23299425645284
11639, 6.071395081576184, 4.782272255275286, 3.3277177683083936, 93.27915964721039
11645, 6.565553304281031, 5.824281194114972, 6.859255202628696, 87.65744797371303
11647, 6.453499902494674, 5.140987466255323, 4.53035336756267, 90.9574146783449
11650, 6.364520362373098, 5.963971305658653, 7.920943187454692, 87.59840767166494
11669, 9.448273115807906, 6.643298935989912, 15.172232735705613, 76.91676602820044
11670, 9.120038372418664, 6.483979961236292, 13.59027922085024, 78.34042413570592
11672, 8.603250323614299, 6.4345353378561025, 12.257011426027601, 80.49201873953321
11675, 9.588125280290669, 6.639749571573541, 15.253082029397818, 76.06981981981981
11676, 7.242512124708427, 5.678846184528281, 6.912866817155757, 87.83747178329571
11679, 7.601081201358172, 6.330848137035378, 10.137331154070148, 84.14210298897218
11681, 7.046106780102098, 5.757353227358389, 8.054997488699147, 87.65067805123053
11688, 6.9975138642831265, 5.54854717197018, 6.671570990081428, 89.29885086628954
11691, 7.293053857488688, 6.140562237199723, 9.10828532745759, 85.67920571292044
11693, 7.455564632521202, 6.076592189357305, 8.196691176470589, 85.49448529411765
11695, 6.733213625258198, 6.135198539461615, 8.466276445158575, 86.57561498144534
11697, 9.582402229399957, 6.375948627105214, 13.898520717439569, 78.92583630603438
11701, 9.739732786532814, 6.249836581953761, 13.902393418100226, 79.23366990775368
11702, 8.932389515434858, 6.585700634564826, 13.719425086025913, 79.33390476900334
11705, 9.012922052984976, 6.599354852111993, 13.835144118668453, 79.40293694498189
11713, 8.655415080405628, 6.343730947308622, 12.039888728826188, 81.77686155680294
11717, 9.820416996457695, 6.447800332599276, 14.937224889955983, 77.65856342537015
11728, 7.170653365338472, 6.342181475757702, 9.8691497104522, 85.1420841112623
11729, 7.285822134397486, 6.391792447128384, 10.523922357052248, 84.4969403955546
11731, 6.209062017842794, 6.03611960212087, 8.110786108931219, 87.94321181422559
11732, 6.061424815217554, 5.630087648349995, 6.575107840649581, 89.77179015478305
11736, 2.7719458623777973, 3.593696479685635, 0.79969044240939, 97.8330968657294
11737, 2.39942546431093, 3.07824154093627, 0.20494803103498754, 98.98989898989899
11738, 2.642467508993779, 3.2234249031764137, 0.24746349913387775, 98.78247958426132
11739, 2.13828012974601, 2.868850328667744, 0.1458288655372078, 99.25798841947244
11740, 2.6359809913279677, 3.3070223376283074, 0.23453532688361184, 98.79381831888429
11780, 6.191916169696674, 6.016441637712674, 8.128920475510565, 87.84111144979386
11781, 6.321014802070672, 5.93152673063109, 8.021516168491045, 88.00457924285669
11783, 5.849338353565982, 5.655510097412301, 6.585783096437496, 90.00859289391323
11784, 6.024616259470651, 5.800519866755049, 7.248141902442071, 88.89669602148523
11786, 7.018702991248337, 5.893872905331524, 8.695363421599415, 86.9602755192076
11787, 6.160320988336837, 5.7010238626879755, 7.317301569464734, 89.2675206952092
11808, 7.060723527778174, 5.823077079296946, 7.217841260394452, 88.15487113359454
11811, 11.97803040895044, 6.582109260324602, 21.83676407082194, 64.99784079458759
11812, 11.967627635596264, 6.5837642898053135, 21.817734773867894, 64.94843869773361
11814, 7.429027846823196, 6.217320812804059, 9.07893292348227, 84.77330113074981
11816, 12.298016854663091, 6.521323906437961, 22.26525101924463, 64.49586385688623
11817, 6.006856713368666, 5.424258804913733, 5.531388871502785, 90.4284283657758
11818, 8.066996751228851, 6.292089789262712, 9.654932583026413, 82.38464821459621
11819, 6.555590414550287, 5.923501033219383, 7.557413980324467, 88.0990583621011
11824, 7.076516799534822, 6.147074380195085, 8.788680720536494, 85.97419781673834
11825, 7.84986650561384, 6.304154583747993, 10.39976143016339, 83.13217082855931
11826, 7.820923869353037, 6.470765980137808, 11.347722405334386, 82.13618482008597
11828, 13.94079244798414, 7.393578408919266, 39.114043355325165, 51.07550528851189
11829, 12.896395365900526, 7.120519573735082, 29.3441007625739, 56.36085168366035
1183, 9.242731896294718, 6.818764033278969, 15.35802607913669, 77.6837904676259
1184, 6.476136070244524, 5.777685274890892, 7.005470266454915, 88.80359978824774
11859, 3.4515001888996006, 4.019632618262431, 2.0019500860942263, 96.41101176275335
11868, 4.55218759835693, 4.839471845053584, 3.9564516619529844, 93.28224310433963
11888, 5.297860737427045, 4.9883381644372236, 4.0802547770700635, 92.50191082802547
11904, 8.437951579008844, 6.590015345008052, 12.931034482758621, 80.38897218057637
11906, 6.910536567221413, 5.893700135306365, 7.968730764495876, 86.93832327957651
11908, 8.079400934526044, 6.85864896562894, 13.092902481246394, 81.33439122908251
11909, 8.126128566463096, 6.5030167269369, 11.849034905450791, 81.56192417767672
11912, 9.68345823615764, 6.774653375652037, 16.401756622751098, 76.5080039665675
11913, 8.082886228828135, 6.284461632888224, 11.003348497178457, 83.80848197014367
11914, 10.9267714608633, 6.960552926509957, 20.654251594466206, 69.92089176555196
11916, 7.2767583171605095, 6.100146681047188, 9.194450196728102, 85.94688341271485
11931, 7.852478165443249, 6.779498344729958, 12.703491949830493, 81.82753952359107
11943, 8.87028933734429, 6.493386057379206, 13.009788949252684, 80.04781814085071
11960, 7.305852754715036, 6.741379137366786, 11.427417916193301, 83.12129719173387
11962, 7.234122111160536, 6.623277024027268, 10.707843349860521, 83.84804187325652
11964, 7.206779909935553, 6.715965083346272, 11.28162214354683, 83.00096556163503
11966, 6.674142387334291, 6.297362691284324, 9.267331880261553, 85.98552260593092
11967, 8.427730962312628, 7.2153967295384325, 15.301536951021488, 77.84543635059099
11972, 5.697921124893016, 6.034945009235168, 7.587523665885826, 88.13817668388795
11973, 7.166950822970302, 6.598685932804236, 10.432262058873192, 83.81972195643608
11974, 6.653336453413147, 6.41079450477491, 9.232611993931167, 85.62005909127205
11975, 8.315422332518269, 7.213898099965892, 14.865840360011672, 78.3178976792763
11977, 5.652119087736747, 5.967006279705819, 7.60673417829013, 88.54319257796743
11988, 9.499351960043867, 6.11999757169195, 12.822985938372506, 80.01725975937865
11993, 6.557854441696099, 5.647457055129473, 5.814742748540658, 89.01760260645278
11994, 5.255110109315389, 4.581871638402009, 2.860810206343958, 94.31922052159707
11995, 7.665252006681391, 5.963679333457263, 8.467848056847092, 85.29476269848232
11997, 7.432211971467311, 5.944961298114719, 8.646630717598702, 86.42671292281005
11998, 7.438503193543422, 5.891178640873592, 8.201497803373472, 85.85281464114179
11999, 7.43594756185789, 5.970435924267963, 8.73902176156298, 85.45025109495747
1200, 7.931563948780073, 6.799487905405417, 13.410673945783133, 81.16410956325302
12000, 8.705514815016768, 6.351091294287616, 12.210770313340785, 80.63868537605033
12001, 7.222711963933752, 6.137024676416295, 8.917239555790587, 85.29878371232152
12002, 7.525584305143424, 6.154754874190663, 8.830439890353741, 84.75177304964538
12005, 9.177533969124472, 6.995086768615343, 16.481200151917964, 76.62552221800227
1201, 7.510411997850612, 6.250379725038949, 10.535956419344863, 84.64923757642077
12347, 7.234710264065737, 6.352294786810089, 9.715361995733312, 84.72641309988276
12354, 6.144513082024754, 5.461356991504492, 5.678552421500798, 90.20400922476495
12355, 6.582749334148683, 6.02199592122491, 8.03391592489117, 87.32213631342992
124, 7.652082459612629, 6.341117146281415, 10.705700907309888, 83.58227619457837
1243, 5.934687998599662, 5.4653577082467635, 5.888996791082588, 90.23285762540112
1246, 6.700183114380028, 5.785585441996757, 7.441855642309806, 88.12434545473398
125, 7.672415304711989, 6.32133055969, 10.804785951503572, 83.54336320761871
1259, 8.064431947936082, 6.192902934780355, 10.190013723213342, 83.32312889264225
1260, 8.562392718874172, 6.288173652518192, 11.935816369006323, 82.19885428848937
1261, 8.358824836280704, 6.365713227958347, 12.365368682684341, 81.78219644665377
12815, 6.887543687709471, 6.479836667580108, 9.595025741425566, 84.67931984627656
12871, 8.886566884998023, 6.388809501060262, 12.525834945960534, 80.26144307096877
12880, 9.99205594049572, 6.6419302491453305, 16.46593729888756, 75.92718580490944
12881, 9.721921371343232, 6.577547366696723, 15.555407090682344, 77.09669517192232
12882, 9.96914154235038, 6.8192580786235855, 17.37628457810148, 75.10724758747314
12888, 6.0484418003407185, 5.632713962349011, 6.774980658215794, 89.15312741772303
12890, 4.94680446960153, 4.901525003769144, 4.511890420737965, 92.9460580912863
12894, 5.794546563205163, 5.70178174079198, 6.621530128639133, 89.67802602873694
1290, 8.233287122853692, 6.411252605343705, 13.123594937987825, 82.04425471721943
1291, 7.573687049772514, 6.22939041034088, 11.157508724197077, 84.3674217779618
12915, 8.643762043603866, 6.612999879156215, 13.600144149915913, 80.26447505405622
12945, 9.729187727327965, 6.5619327051054706, 14.535009598591245, 77.10627733433408
12948, 5.575881931343716, 4.412814312709617, 3.7077288979193246, 93.95328324591662
12949, 3.1932988174013484, 3.0347399819719074, 0.8811383571291376, 98.29614571995646
12952, 7.671655986734113, 6.63314444421281, 11.514346982538548, 82.63351373430001
12955, 5.910239161395151, 4.952780328808056, 5.237194840119333, 92.20891634102273
12959, 7.219133571382371, 5.362605293193217, 5.846177598229678, 89.69456809819108
12962, 5.5832501843509865, 5.157904979137204, 5.365989423879766, 91.72186659244828
12963, 5.241234676288522, 4.795805502081303, 4.414526361028841, 93.18060784991545
12964, 7.264287211915557, 6.0543289610728594, 9.533926711290338, 85.83318722346559
12969, 7.80560987109129, 6.311116952278394, 11.247295531174151, 83.3701250919794
12974, 6.354670559241135, 5.714016690126731, 7.387580299785867, 88.84408333166563
12975, 5.714734024813349, 5.153767617370993, 5.451761677985366, 91.68146081663708
12976, 8.354963960110263, 6.076172919676939, 10.894238415383503, 82.88254794435666
12982, 7.735514993746998, 6.2578793404110735, 10.9926588694421, 84.01608623746237
12983, 7.757658932995283, 6.269815798722362, 11.115463134406305, 83.93272563262593
12985, 7.915157061555587, 6.113808455121307, 10.307125515695828, 84.50111203544931
12986, 5.632394082628115, 5.143984343620867, 5.405803505670939, 91.74448863357392
12998, 6.341287829991625, 5.719055918435647, 7.312984217365857, 88.78847699068517
12999, 5.675287514280346, 5.132263528634277, 5.420686939154407, 91.76066837323131
13000, 8.41799201469543, 6.070352276089242, 10.906329741624225, 82.7370682975712
13006, 7.752123575837578, 6.24570412896184, 10.935669053678168, 84.06225957270522
13008, 7.757566857240574, 6.269835552532449, 11.115331204823567, 83.93291633532337
13010, 7.917554760276202, 6.098742554779811, 10.208301554210946, 84.53585532448604
13024, 2.6503340229423697, 2.8349838849069044, 0.44271337333075284, 98.83152699825818
13031, 3.9893978513135995, 4.031439165544007, 2.2878688044512776, 96.10879273738927
13039, 5.207903264974608, 4.7767251884617705, 4.369432549671642, 93.30651978041372
13040, 6.9853787372960925, 5.991778218217667, 9.064637219108345, 86.61490204144599
13045, 7.8104093686611895, 6.30247279471632, 11.21383475157837, 83.40488608289871
13052, 8.297373355921515, 6.018840162776754, 10.429930710741942, 83.8118930162612
13058, 8.031253591154195, 6.0676472630905405, 10.333450333450333, 84.01123201123201
13067, 7.514628005405635, 6.120560937687599, 9.437860171795151, 85.40906196119853
13068, 6.608393477596526, 5.6336988620893225, 7.189243125644087, 89.0182062061407
13076, 7.840027433488911, 6.145973491498459, 10.718195282148146, 84.50492605550667
13082, 7.139103925780533, 5.938118378157156, 8.702879510965737, 86.7928575258727
13089, 9.14903444860016, 6.830557654092139, 14.914269227598714, 76.46113263539692
13092, 7.221288321223581, 6.202732816928749, 9.631324382362976, 85.34529471973028
13097, 5.005368498960738, 4.801486054718841, 3.8803019716773743, 93.51408462705135
13117, 6.803755835110132, 5.5620516678242, 6.840223221541962, 88.86962489389752
13132, 6.373952343149013, 5.936820293097773, 7.239892433234421, 87.79905415430267
13143, 8.168335045335164, 6.252577430561544, 10.93845700156523, 82.65771385794977
13144, 6.747541199830796, 6.067496951317659, 7.927810292163126, 86.60200060624432
13162, 7.440969839366324, 6.218998704448911, 9.563675629557542, 84.64532814312186
132, 5.082629461394288, 4.804593080676693, 4.103935410092603, 93.40171792645073
13203, 7.4557236760974535, 6.394483054680005, 10.923487263366264, 84.08873358549482
13204, 7.762475452087957, 6.390543496496233, 10.902591599642538, 83.38489035539975
1321, 10.184305263198569, 7.129187256259371, 19.6635073747967, 72.29095395659245
13214, 7.315357788763566, 6.111822834235047, 9.647022396532149, 85.42264423573124
1322, 9.536042655867867, 6.301778232937216, 13.361790837345511, 79.41008586886386
1323, 6.7653697682119045, 6.698034211014714, 10.807643177897468, 84.01833098489537
13240, 8.744436034096491, 6.600953961914839, 13.338644571914172, 79.30847673677502
13244, 8.417287940135614, 6.500173412898204, 12.122760325079607, 80.8896915545839
13255, 7.113202303320666, 5.400299179505648, 6.280833343192116, 89.14784625031055
13257, 8.685131665776238, 6.24039736261992, 12.744314919747385, 82.34816904221063
1326, 10.39601469837576, 7.1286693678042035, 21.37249532155735, 70.96056415171847
1327, 8.158819404637438, 6.6118478046695195, 13.833582305857172, 80.59463557111324
13273, 7.884430918240525, 6.206885908905333, 10.722078449281982, 84.15410767747501
13275, 6.321408283425764, 5.1321951872206855, 5.66667234071527, 91.20806168825642
1328, 9.888762057906998, 6.707542637141095, 16.347774728993123, 75.04767998425022
13280, 4.197949955181123, 3.6044451167350378, 1.3745289399942022, 97.34756981350856
13281, 4.803831605081717, 4.287243356656209, 2.4878539118780365, 95.43474618864131
13288, 7.122312310084587, 6.206325354773587, 8.849969259400806, 85.7995048271049
13294, 9.032122141099139, 6.543585690652912, 14.188070827230618, 78.22908107979376
13297, 10.728358328607017, 7.07441214779317, 20.30257264868243, 70.05780647849183
13298, 4.138640558238635, 4.256832895902737, 1.7477001249820723, 96.10506689614195
13299, 4.3440804930602495, 4.254004529920901, 1.790141016783842, 96.03974478806843
133, 5.296953464512335, 5.116145340371436, 5.101250834901936, 92.36292428198433
1330, 9.067994785411585, 6.820963067241413, 15.615286567230932, 77.55316532122811
13300, 4.893434368402489, 4.544949658369549, 2.509821038847665, 94.8739633347883
13302, 8.62502488291575, 6.8501685400451775, 14.51144025219946, 78.78855284453068
1331, 10.420733027795645, 6.675412427252121, 18.414533443435175, 73.51976253710357
13312, 8.401928117650423, 6.7893809479927905, 13.91910899331171, 79.93943221287711
1332, 11.38530450676051, 6.637075499654495, 19.283914139219604, 67.73020149225937
13320, 8.077094158532523, 6.5199508643134365, 11.781301389496553, 81.90410814235928
13332, 9.841997896816444, 6.71596046386815, 16.571473037117734, 74.92023967006457
13333, 9.75603133130011, 6.656893224601966, 15.844265254543267, 75.92008665302684
13335, 9.562865892302076, 6.632969723611069, 15.242036401481831, 77.50120801377756
13343, 6.808246141283716, 6.022892414627956, 8.504528385244091, 86.8813264205616
13344, 7.756309193152032, 5.954796453603969, 10.220411629665998, 85.42443503761993
13345, 8.063317448555486, 6.27763479796202, 11.25006623920301, 83.42032748661968
13346, 6.017130579599452, 4.882847997267545, 4.621127849318426, 92.36599483399009
13366, 7.96229136981226, 5.873515379680964, 7.1150249376558605, 86.19077306733168
13369, 8.23333713867555, 6.252704584235582, 9.330218443679101, 82.25235423038944
13370, 8.064890191972571, 6.140347049161044, 8.507140403395985, 83.07160033370957
13372, 7.538330422796152, 5.862453732495764, 6.904820294830921, 87.17676230959972
13374, 7.148112672434115, 6.289859997266282, 10.313047362667074, 85.20460343023734
13388, 9.203132215139764, 6.612441846140879, 14.206024029677206, 77.62997619179447
13389, 7.075257278668738, 5.965130975608274, 7.821896531124298, 86.22406308494962
1339, 8.279477230401813, 5.610163753250022, 8.85295249304031, 86.07269764389018
13390, 6.87561123034464, 5.621891177965878, 6.618005855562785, 88.30310670136629
13408, 7.118883806887307, 5.955591283573624, 9.276389826693675, 86.24577987846051
13413, 6.874112513055898, 5.923962051801039, 8.799119874389842, 86.75005073539621
13419, 6.0411519131097915, 5.969502478517603, 7.770204054966354, 87.87974476796097
13425, 5.594937768162639, 5.471596762963694, 6.116619961198534, 90.51196378529855
13431, 5.465461516502579, 4.8140734055716505, 4.125525210084033, 92.94117647058823
13432, 5.6454460906718005, 4.956325378129027, 4.425389315986596, 92.30632761679479
13433, 4.634505291426838, 4.055975054148541, 1.9312511550545186, 96.25146306905687
13439, 5.870847163916749, 5.568031240417687, 6.002433882385205, 90.47186466242736
13444, 5.581686683770468, 5.334930922272152, 5.268620661149434, 91.66720246897705
13485, 6.258351445940334, 5.725002726574077, 6.997899594710528, 88.96399727834807
13488, 8.54460093320438, 6.462225457491015, 13.023398260443464, 80.94328065662134
13491, 4.418157929082048, 4.514930075562013, 3.374352692243444, 94.57931956122279
13528, 7.6619087744559735, 6.040674388260538, 9.707508595855403, 85.62401263823065
13533, 5.9548140528243865, 5.605641766513921, 6.650405752202159, 89.73481608212147
13539, 6.623624085620455, 5.21936793998083, 5.8822767932270965, 90.17980815285634
13540, 6.477603320880162, 4.749098986841975, 3.4815333119007543, 92.40530267213828
13541, 4.204992814086702, 4.623281962696797, 3.3885086371467152, 94.71993295152954
13544, 5.70129083057122, 5.374836075136946, 5.376921699537002, 91.01117847184919
13548, 9.944799805192496, 6.957560074972532, 17.75888717156105, 72.96239052035034
1355, 8.665793056688361, 5.650086539962177, 8.920238303366103, 85.93445312605064
13551, 9.226763627933824, 6.730050656980895, 15.002304501459518, 78.05218415527219
13554, 7.085351865864621, 6.559773403771237, 11.023950017355084, 84.40422472355829
13557, 6.82925387511216, 6.407460398869711, 9.657460449536488, 85.35326057968231
13558, 7.747764080790957, 6.623858724943843, 11.775534441805226, 82.48218527315915
1356, 9.743550044233661, 6.282470314025158, 13.822456968202049, 79.6115073194273
13566, 6.048385115953529, 5.390853647195791, 5.517833450401936, 90.48102187882098
13568, 7.862364152077283, 6.636027239138108, 11.88215784260259, 82.25689768389186
13569, 7.724296933962561, 6.340687057706429, 10.8270014315604, 83.52934698821716
1357, 8.326041101330622, 5.787801537126212, 9.210407269061252, 85.70357636779589
13577, 8.490702838452787, 6.629186703560009, 12.77726382823089, 80.40382091607323
13579, 8.348672960277156, 6.353560030601766, 11.444330337052723, 82.7042682575032
13594, 8.709771910382411, 6.609948963521223, 13.497504637173222, 80.78929299761224
13595, 12.27978960153805, 6.489160516856403, 24.40144125537384, 64.57475109160502
13597, 9.761846591912008, 6.784173361320058, 17.37383722403873, 75.41505081996299
13599, 10.673517918924803, 6.90478660550377, 20.429862823187307, 71.89455717807701
136, 6.157996663649649, 5.814965906233785, 7.484388804863805, 88.83631081627458
1360, 8.93328605317577, 5.9742722268975905, 11.123342668889933, 83.76098816596786
13600, 10.712755372950278, 6.441393142157839, 18.41779975278121, 73.25206370856598
1361, 6.940237505439445, 5.644676031536828, 6.929036575635118, 88.9011865846439
13617, 8.186369454989984, 6.192514360551119, 10.93001144808584, 83.03936977317267
13618, 7.4751097808283005, 6.022666303700083, 9.175519840188867, 85.74639062925633
13620, 8.742243498006477, 6.2528104749109295, 11.633763193358318, 82.27442185302132
13625, 8.437241099855209, 7.004630820405037, 15.158429481660066, 78.76183915963493
13628, 9.674284142926346, 7.094112317310851, 17.873448323957415, 74.3214468362081
13629, 7.263000165918266, 6.323146445945821, 10.66992665036675, 83.92610703613148
1363, 6.8589215971079955, 5.50951994935808, 6.637325283478349, 89.53476573399965
13638, 6.7600799481373555, 6.264053711854756, 9.02871311375046, 85.84088404554916
13644, 5.452014941085176, 5.305115115645664, 5.511847250977685, 90.97308488612836
13647, 5.832929605871638, 5.350397972323972, 5.651116851542319, 90.33885427746543
13650, 5.839314118632058, 5.470402405362371, 6.076030144645679, 89.95077184879057
13653, 5.584233807420586, 5.3495101393725335, 5.847092388005342, 90.53660313220833
1366, 8.395549379615483, 6.139159058581212, 9.703763368684834, 82.92164496352979
13661, 6.4198219495255335, 5.732335763081959, 7.630259887957541, 88.87578450781348
13662, 7.049556794229767, 6.047485379835719, 9.253692195948672, 86.8846340085546
13664, 7.5097308990487806, 5.324410930125779, 7.27513487003433, 88.76998528690535
13666, 8.078373658620452, 5.572669712881275, 8.065206133339338, 87.34942471798797
1367, 4.590547147721212, 3.943852972652713, 2.0518069059629114, 96.00604332675391
1368, 6.591950146575158, 5.545832948588183, 6.7471371092541, 89.10554008047045
13680, 7.012294133914301, 5.933817983625485, 8.363890181479757, 87.20707305723593
13688, 8.383267742842394, 6.466192011111307, 12.372162941422904, 81.4325143547155
1369, 3.8519444307776425, 3.2195553337576, 1.1558328645220681, 97.72924870863807
13694, 8.307768958195183, 6.1523990182418, 11.350984637974777, 83.77926265996301
13697, 7.8994267834934275, 6.533794983271609, 11.42790913305517, 82.42681634545335
13698, 7.466018894018351, 6.407233099482488, 10.316444864596152, 84.02699112520068
13699, 8.137379391875424, 6.433001237044045, 11.329405695075474, 82.21745136219148
1371, 5.32253911708004, 4.5267763624154504, 3.382055667858809, 94.0911211320168
13716, 6.27994492101059, 5.734781982233519, 7.718839681491761, 88.80909715579148
13717, 6.6176848771904035, 5.8993346517195375, 8.398567791649082, 87.31025281472506
13719, 6.551068466977064, 5.153664633992623, 5.585035312082458, 90.89139148692499
1372, 5.994652373626364, 5.447441457784454, 6.111199112941549, 90.15048313004911
13720, 6.444593593744441, 6.093693779408337, 8.781157453109575, 87.13752467917078
13723, 6.375931385854203, 5.703295494641163, 6.711121823197022, 88.73891968613589
1373, 5.643627353583811, 4.769176437473786, 3.8946244215023142, 93.061587753649
1374, 7.783380042398186, 6.898326290261999, 12.869651179211974, 81.20886880384126
13749, 5.100099704107814, 4.357812994594146, 1.5276748560679474, 95.62788576640256
13753, 5.511669505866302, 4.501899258300914, 1.7392261544388794, 95.07127524905059
13754, 7.775198988297856, 6.132006493635028, 9.853278312700596, 84.25645728259208
13757, 7.436507255704053, 6.147458562378823, 9.637080747240653, 84.92983153453389
13760, 6.808669997755223, 5.530701950047828, 5.934021968429475, 88.2392522004801
13763, 7.1113935749130475, 5.6867751617900195, 6.9634940426711, 87.22637849819894
13767, 7.17094414746289, 5.586020061341324, 7.415910538919525, 87.63758595689522
13779, 7.765712720701313, 6.06520298541116, 9.671233724059011, 84.78334828194104
13783, 7.882312188315078, 5.928169288929403, 9.329672204899087, 85.27171468019422
13784, 7.7266900928840965, 5.906189238582305, 9.249405283585826, 85.83948916990109
13787, 8.602898746574065, 6.657544428069428, 13.39782533847196, 80.41249708453192
1379, 7.838043295593358, 6.4878448625296326, 11.51837493191503, 82.79025557228755
13791, 8.25091149418812, 6.682422715569364, 12.943072535069398, 80.38446449588074
13795, 8.334151289929514, 6.63799278554731, 13.003129736862192, 81.22594082943479
13799, 8.692302250814096, 6.709230039007727, 13.739906124174137, 79.80779925700176
13803, 8.162774030775637, 6.517728260780756, 12.272385750906038, 81.74113851321488
13807, 6.901514363594036, 6.258907925329693, 9.308826020667457, 85.46501778756564
13810, 8.093522319027825, 6.492151815447388, 12.019689142147625, 82.13565109421077
13817, 8.170255457429137, 6.5141704285618305, 12.192627506781092, 81.7666414691627
13832, 5.801214793306854, 5.590763084188097, 5.912907055630937, 89.90205223880598
13835, 7.129949138996015, 6.545285237186508, 10.788043943990266, 84.0668757605361
13841, 6.580185118045899, 6.235541414477122, 8.232543013333746, 86.30851904046582
13856, 7.804823432305117, 6.159668685666072, 10.29980378578024, 84.50340489381348
13858, 7.957613751165987, 5.69339293091757, 9.249470804500946, 86.27681566666254
13859, 8.569891048695176, 6.484191221660904, 12.26593119465815, 81.06159578071322
13875, 7.7735331699200625, 6.128222381959663, 10.058801269175909, 84.74514598433906
13877, 8.01934319272309, 5.681642426419635, 9.271351511485811, 86.2269018552578
13879, 7.863348678021262, 5.919648544900467, 9.667571755104545, 84.90036356942335
13881, 8.154931525334847, 6.049986465903081, 10.961076159787222, 83.39343256099431
13891, 6.783252627679903, 6.1727724890163245, 8.887446183284357, 86.25025627007449
13892, 7.164049466073218, 6.3130787513990265, 9.812151302656497, 85.05570626674174
13893, 6.739077956140319, 6.03241360232849, 8.311198697626596, 86.95227486933425
13894, 7.281005695271558, 6.338956752747766, 10.177614401539095, 84.56438092620586
13895, 7.277734779658712, 6.362987595046266, 10.42842275118635, 84.74501828459033
13896, 7.561180480339102, 6.496856527609223, 11.26160160440278, 83.64815073923792
139, 5.505681571301335, 5.533871899123742, 6.42613294062521, 90.54956824419305
13945, 5.547849462518087, 5.297177938519493, 4.662806904685322, 91.68757371073228
13948, 5.14350127621219, 4.851887038412291, 4.141560927199263, 93.12929751187355
13951, 6.093929019617499, 5.3925294723504225, 5.941224049609059, 90.50310056619035
13963, 6.721747738999923, 5.727883191191554, 7.154643353404354, 88.32069245020843
13964, 6.705594994416328, 5.723380060001046, 7.14099594672843, 88.34973943254198
13976, 6.608256123510144, 6.183017206648253, 8.71804365753909, 86.4836662907922
13977, 7.225222918719239, 6.386266578161093, 10.207592033592473, 84.59670483482014
13978, 9.555935461507627, 6.890534906648453, 15.840695554620671, 75.95849109521806
13979, 6.961893120537532, 6.15820612399227, 8.987358885959576, 86.17758399242885
13980, 6.88946053529273, 6.232781587618106, 9.040268456375838, 85.90268456375838
13981, 9.42185006807059, 6.885260063514603, 15.525176329620653, 76.44399662318564
13987, 6.963915961745183, 5.417093716289331, 6.310375475354421, 89.36226013725175
14006, 8.911327092904434, 6.89492180220711, 14.630852480697406, 77.90982499604169
14007, 8.8538315554047, 6.8785907523989485, 14.475011335350562, 78.20096419879891
14008, 7.870596671521786, 6.7499885763952525, 12.868414501024569, 81.54049447497941
14011, 9.949013614213294, 6.497557572160551, 15.12677158398223, 76.8706538612012
14014, 5.4231755129008565, 4.963046433707075, 4.12847198290716, 92.77197404566624
14016, 5.244038494204668, 5.192668847886499, 4.611583859456491, 92.06240278159027
14017, 7.916246210011278, 6.492394185323096, 11.128835628874537, 82.38010012191009
14018, 8.30462952442965, 6.529420988662421, 12.28059636940303, 80.92915410214208
14020, 9.773796625707705, 7.374137685429592, 19.166558633305968, 73.73636979099146
14021, 7.774956146197445, 6.412269981401657, 11.240022680682166, 82.86954246085402
14022, 6.317098059976696, 5.384424735215619, 5.780150514847719, 90.21653489825306
14025, 7.64797987862625, 6.736303320584662, 12.216753926701571, 82.17905759162304
14032, 9.304792435078575, 6.138875061997836, 12.801097672527694, 79.51316190669783
14046, 8.047217898243, 6.767773861271738, 12.426508700481303, 80.95742317660127
14047, 8.404094318330081, 7.126793801502617, 14.678817184303513, 78.33438720476103
14050, 10.781472230381565, 7.300968671252967, 21.647403930771485, 70.00058668231152
14053, 8.422324710063826, 7.17084705490048, 15.04152086488745, 78.21217796148595
14056, 8.042151622044473, 6.762908300578709, 12.38256949439077, 81.02649276694818
14058, 7.995582082735634, 6.731105730807862, 12.145695070250593, 81.3367959218402
14059, 12.33184295763494, 7.530979821893686, 28.783127049867137, 62.2980057934931
14060, 12.175853766944641, 7.445145136818229, 27.903949081440764, 62.95747143063792
14061, 12.232965810664973, 7.525942190033157, 28.5544168591224, 62.36046959199384
14062, 12.225741392217603, 7.554829088123569, 28.94628847314424, 62.04948702474351
14063, 7.591400477032214, 6.490744921754939, 10.676728212764889, 83.02950698981853
14081, 7.663036474140749, 6.302763049041051, 11.08833564691688, 84.27109144925467
14086, 8.423100552681637, 7.169536349435589, 15.032402234636871, 78.23091247672254
14102, 8.789223056425472, 7.055381891340086, 15.252204092566066, 78.26188230087465
14103, 8.68468468582247, 7.105495567569542, 14.966410001556756, 77.213886261032
14107, 7.055048694984507, 6.018474266401806, 8.754915981408653, 85.78536527231557
14108, 9.560837815849572, 6.9832264119868865, 17.740906190172304, 74.27613125361748
14112, 6.080030082530027, 5.7208738134500425, 6.800411019229828, 89.31350002446543
14113, 7.580882050533756, 6.044433417460002, 9.144190058021014, 85.28696879410381
14114, 7.324974611766698, 6.2203694669824605, 9.916436185395526, 85.06186084508705
14115, 7.879738162514899, 6.211228905308203, 10.308204509170203, 83.9443557493867
14116, 6.691326790939425, 5.788915092262879, 7.530267251396229, 88.00742156752503
14119, 8.001937152249598, 6.137277439338561, 10.002133029969071, 83.8440755092609
14123, 6.2199132364838405, 5.8901693449095855, 7.584775252585856, 88.25145791835656
14128, 8.90306370765474, 6.635336878525352, 13.557301544296937, 78.6941208344622
14131, 8.063008626069143, 6.479531921150676, 11.374420041270717, 81.83825558929064
14134, 5.469038204128017, 4.936500771714569, 3.5741817926974564, 92.66241502557992
14136, 5.320328860062117, 4.909901106132387, 3.4810565758430863, 92.88754221214785
14139, 10.85111267265524, 7.054711592111274, 21.598624291446406, 69.43252022164194
14140, 8.154265421521973, 6.098189331775492, 9.63437908059062, 83.34616801151773
14144, 10.5744723727502, 6.983819636861442, 19.151797258856995, 70.34005689164728
14147, 6.905917198391454, 5.875546537952129, 7.557397556260345, 86.9107036807723
14151, 10.828887915332645, 6.6859826826152275, 18.884324658433883, 71.30071983208211
14153, 10.559101788520387, 7.081710814487581, 20.774460230596247, 70.73221458189806
14161, 7.7358452720811615, 6.008310564246181, 9.765566275501632, 84.73660473465922
14166, 7.918703902395607, 6.122266423166546, 9.829973528812868, 84.25643114097603
14170, 7.51337766274466, 6.03374763896529, 9.826875369688622, 84.82224046755127
14175, 6.449849593527704, 5.683804625949609, 7.086437221690457, 88.54467518415248
14176, 10.275213719246018, 6.83876469370408, 18.55514316012725, 72.46023329798516
14177, 7.423435780267683, 5.898869263574463, 8.935077553003227, 85.80797390610361
14183, 9.978160960322892, 6.849200814551714, 17.344505995371996, 73.91370404132482
14187, 6.927685364982361, 5.585406030953864, 7.055587829496769, 88.12177764868201
14193, 8.712131949266457, 6.118620303006044, 10.497256283449632, 82.94661608292121
14197, 6.585937440536698, 5.796963940721062, 7.138707462634016, 88.31223702973435
14201, 6.437375690410445, 5.4435106267264395, 5.724728084201648, 90.19697422290946
14205, 7.714488189913349, 5.981577982858924, 9.259236641221374, 86.03358778625955
14255, 7.71970707837847, 6.943894888826272, 13.029484825575116, 80.89066493861829
14270, 6.404149889731927, 5.752699126489968, 7.351740864252234, 88.63949068351951
14271, 5.825080430285877, 5.193526032101853, 5.561662502838973, 91.45582557347264
14272, 8.260612460718033, 6.02495122408678, 10.490050431994996, 83.4757027248915
14274, 7.969217847678845, 6.121657418471815, 10.400213886146759, 84.0346331029944
14278, 7.767273758224571, 6.257193091959441, 11.032741941327794, 83.90318723656083
14279, 7.79408082618738, 6.271391266393236, 11.092002433431606, 83.85745706397117
14281, 8.005185565551669, 6.1347014206928385, 10.482325735051205, 84.2401717872481
14282, 4.482693018906867, 4.490543250108663, 2.9808853276464964, 94.65604566195725
14289, 7.246194031602095, 5.916313783661579, 7.285792356080602, 86.26792088648071
14290, 6.288308838770329, 5.421742714361229, 5.154148730027964, 90.33916201571076
14294, 5.439804099985845, 4.775343163463448, 3.4625465581459514, 93.49979307490688
14307, 6.4485821723757635, 5.908018711628127, 7.64251033986693, 87.60460902162035
14308, 8.49902259707833, 5.847730136458759, 10.260331923202083, 84.09371949235275
14314, 5.050697966016307, 5.195003827175839, 4.537524070460215, 92.31942308437908
14315, 4.845773405347269, 5.037472122696187, 3.9871009351821995, 93.1067397613673
14316, 4.733806666063015, 4.968631231135796, 3.874942503101348, 93.38193273211324
14317, 5.336420227420435, 5.205083040135199, 4.287762283331161, 92.1859581836123
14319, 8.771908303838703, 6.391053625079539, 11.979852899481312, 80.70848413082274
14332, 6.865662227504016, 5.572530342842256, 6.047456693184557, 88.5180975996143
14333, 6.683465367408734, 5.701733110582258, 6.975302263098068, 87.91808756157211
14336, 7.167415838500602, 6.520793022020393, 10.82659061082349, 84.03033966787571
14342, 6.476762272540682, 5.879283343841443, 7.243356783249425, 88.1322308538659
14349, 9.229044085136657, 6.219651943275221, 12.2401310691434, 80.19129010118007
14351, 8.426724288932713, 5.728629199581142, 9.550672427573586, 84.77800044017654
14370, 7.710987990568311, 6.838822152684944, 12.61145669227396, 81.92493219210343
14373, 8.754669530742682, 7.027052119699063, 15.347539801514259, 77.95214330442703
14377, 7.487439942032895, 6.374827964748554, 10.514109006571317, 83.89221749774514
14379, 8.962358369770064, 6.619710706119113, 13.593534621122, 79.36516928189732
14387, 9.89686497345554, 6.677570016519253, 16.321569939231757, 75.41394882087306
14389, 8.552581873540802, 6.004514171030364, 9.910245230448561, 83.3496394920986
14392, 7.659458759452235, 5.938655505138375, 9.036224140622187, 85.15974882034412
14395, 6.48412213529154, 5.148590911246562, 5.7789547316878185, 91.26811232137504
14397, 6.8764716295700055, 6.200729523141192, 9.152797694056982, 86.09481597358015
14402, 6.91623595276455, 6.215088410776626, 9.129863451979661, 86.28425603229923
14404, 7.0341220325267475, 6.0018452424846975, 8.169689268799814, 86.7621577913827
14409, 5.175076673285162, 4.874175316681219, 3.020456163154148, 93.15445795809735
14414, 6.381067329649688, 5.523784066484352, 5.784698170993503, 89.55834788333286
1442, 5.608765056987156, 4.925682147490678, 3.16232868100088, 93.17762689131985
14425, 8.36646382316045, 6.227482250993661, 11.88710341985991, 82.91443483038044
14429, 6.28793069265405, 5.385371030355749, 5.076212792613044, 90.59230215994246
14433, 6.1387439856216695, 6.004990036346453, 7.537380461774185, 88.37111005441962
14435, 6.153628090899276, 5.911250581325772, 7.686513598057547, 88.54555282816557
14437, 7.698058717409506, 6.643776218694393, 11.760977588479872, 82.19627826792416
14439, 5.893312258313733, 5.490670031350374, 6.567123842983583, 90.27189282577433
14440, 5.691903638987572, 5.164226691754538, 5.499566236594864, 91.60437085848238
14441, 8.136375328721352, 6.280587720976126, 11.41564634881085, 82.51452612660451
14443, 8.36669080786186, 6.305686689648597, 11.82491524325725, 81.83398475458334
1445, 7.314285568485655, 5.566692147075585, 6.855210574853982, 88.29388256993545
14451, 9.854685896015475, 6.572668807424664, 15.449074929399034, 76.10784132597853
14477, 5.913657336198134, 5.53129086837231, 6.57863476468199, 89.97340649739813
14478, 6.726975249444266, 6.339092539066676, 9.24828373496802, 85.87267580965488
1448, 5.617215598646532, 4.8804473303530465, 3.7454424925422605, 93.33443818362612
14489, 8.494540675692628, 6.355805875366163, 11.648052573059626, 81.21110539504473
1449, 6.520379867590962, 5.22053650621365, 5.423862567153307, 90.84590402768083
14496, 8.78782759606394, 5.965845992833732, 10.809127950799079, 82.80261734922387
14504, 8.05431154962138, 6.923193168120571, 13.476665647497013, 80.1998499041054
1451, 4.922597944249805, 4.431032195263953, 2.4200385356454723, 95.11368015414257
14513, 6.3188523557598275, 5.37551351704397, 5.459516418420527, 90.37393557941503
14521, 5.47377205702939, 4.934383024354466, 4.3608087725734785, 92.51966899025722
14522, 6.008209005050381, 5.214799519182074, 5.448166746921649, 91.03076877720889
14525, 6.130215952689386, 5.18331065884702, 5.434071489462937, 90.7565274280843
14529, 7.3934826519904, 6.200227955592198, 9.594742175739627, 84.45478605653342
1453, 4.368607376657685, 3.9752808339932386, 1.8986917141898694, 96.37370010063736
14531, 8.746679603463585, 6.296111088743937, 12.222482710116047, 81.52502637439925
14533, 6.686428423849092, 5.4083043662146055, 6.047207230639183, 89.90181416216919
14547, 7.970771683538604, 6.576537049246604, 11.760271856657399, 82.03274637009577
14549, 7.313269069424739, 6.512995348505032, 10.546037803680813, 83.96523831252334
14550, 6.9269150877693075, 6.365953717947315, 9.657690153955798, 85.30183917909633
14552, 7.023514774009791, 6.358258556916517, 9.409659057567044, 84.6473211665982
1457, 5.705301931843347, 4.89932178250506, 4.0907340862423, 92.80351642710473
14571, 4.857821855584395, 5.133355239891011, 4.539225762247345, 92.83206088190671
14572, 7.040651121000165, 6.379362497920418, 9.664317647950291, 84.52830188679246
1461, 6.957682142587383, 5.221851112155426, 5.251332953287951, 90.29878273699742
1464, 5.572627942863156, 4.853897311624215, 3.782550845846797, 93.15719444972439
1465, 6.851544067701018, 5.19996253658501, 5.164285196199319, 90.62522666279828
1470, 6.090676770577832, 5.822298457522354, 7.107411123464489, 89.10341585993076
14711, 6.144899803862931, 5.9552048504782285, 7.093280929882511, 87.95626541790358
14717, 6.478538249117963, 6.062578740097309, 7.863531416018471, 86.91578310282218
14718, 7.763300014273973, 6.790243123702958, 12.71110222844009, 81.23713400619566
14727, 6.037537984475706, 5.920493811509099, 7.071151629466625, 88.22382898459604
1473, 4.982971285228349, 5.363324308991697, 5.501926782273603, 91.72639691714836
14733, 7.012951246960541, 6.363314439943184, 9.561761932558035, 84.56063939652464
14734, 7.678412882747735, 6.707305592978879, 12.203647112868756, 81.77841692132543
14744, 11.639879343631714, 6.7726341763409925, 21.59089380138046, 64.44438464539914
14747, 7.927927506471921, 6.355121036075724, 11.18033192965073, 83.03814713896458
14758, 7.949722851623368, 6.144315172866211, 10.160484966941013, 84.91196994915177
14759, 7.9326551571038335, 6.366041409074536, 11.368947746883988, 83.22447267497604
14761, 8.019212560080593, 6.409924372498316, 11.722336095152862, 82.85602933110077
14762, 5.5176547392224125, 4.820945650432945, 4.335821795713769, 93.36156866949914
14764, 6.32020429804334, 6.106012222854475, 8.190148911798396, 87.59533987092448
14765, 6.379989348746828, 6.174528190151853, 8.497912989887105, 87.22021458385859
14766, 6.358592954473532, 6.098099077440943, 8.25004899078973, 87.51014809215867
14767, 6.455060036457092, 6.223021230165014, 8.799384658415496, 86.8918257464513
14774, 6.122515831277109, 6.176599714725871, 8.464116912806272, 87.08012510343474
14776, 6.431030825890569, 5.947661789431785, 7.291063966570234, 87.55062680810029
14777, 7.17167247753538, 6.304037055700165, 9.660313172244734, 84.91420281154635
14785, 6.7937989498743425, 5.948830437915343, 7.742796657002696, 87.5139220704138
14790, 6.117227839203603, 5.422603312061562, 5.307998870304704, 89.81940565475256
14799, 7.1468203185249575, 6.271448937208609, 9.53824843534887, 84.98272760289535
14803, 5.9697151641912205, 5.452527394169815, 5.782132990738175, 90.25703033814479
14804, 4.335348972585801, 4.165689404242533, 1.659877800407332, 96.2143584521385
14806, 6.362193296620788, 5.742484880574192, 6.676109059638828, 88.46476807122262
14808, 5.991059058741142, 5.3719123319298046, 5.161077251028312, 90.51450646010349
14814, 6.509319565269153, 5.92269618069203, 7.4163745770610054, 87.75351014040562
14816, 6.26297113454956, 5.77576146275527, 6.789603246767648, 88.72834933800536
14818, 6.1375723498429355, 6.2294595672659865, 8.453280769176228, 87.0697845909497
14819, 6.971944458181712, 6.620585814606914, 10.652508083467321, 83.87900418750111
14838, 7.670843270245354, 6.440238737587168, 11.008752433360414, 83.62482564110425
14842, 6.37059990225112, 6.050798360505676, 8.453526333062719, 87.2385262466965
14877, 6.267107836293083, 5.815658647043628, 6.705142338369756, 88.46378315284352
14878, 6.295309526644841, 5.481626274303511, 5.693026475168715, 89.48953106073715
14879, 6.851707755472129, 5.872845361823803, 7.78801458513096, 87.69170818604393
14880, 6.89192073767019, 6.206985932748482, 8.60102042766238, 86.3436586344614
14881, 7.500829770905474, 6.539634168968176, 10.606434703335106, 83.68438046038136
14888, 8.889381927451089, 6.374622982105987, 12.910666853068642, 80.61372850552215
14889, 10.895478894054314, 7.088702320993175, 21.201387351486975, 68.08353627038595
14890, 7.871596062124283, 5.932142851641265, 9.389395614519993, 85.5456513727658
14891, 7.7179186562853355, 5.889340076430833, 9.12445335276968, 85.95002733236151
14892, 6.832447271284961, 5.751792569970205, 8.115351629502573, 87.96419382504288
14895, 6.872327021817742, 5.769592062585103, 8.108629691972853, 87.608152587621
14897, 6.738139009758676, 5.964070850238401, 8.821938092661675, 87.2939032377481
14923, 7.309740640331638, 5.981240239350145, 8.396726602120792, 86.48109727985246
14933, 6.62670983647995, 5.865670162143765, 7.665976038194758, 87.21286370597244
1494, 6.05425473007497, 5.76082778399169, 7.4053370208008475, 88.96407661302186
14946, 8.461866346030648, 6.044168344358443, 10.908947255550414, 83.5073422350644
14949, 8.356081242172499, 6.153949269785018, 10.991651765884992, 83.37870004441761
1495, 8.187584840566785, 6.881399408849574, 13.87769868585732, 79.65034418022529
14952, 8.878732318327804, 6.078867289038424, 11.789483168339133, 82.57368426980211
14954, 7.517131387581163, 6.004158158166541, 9.390679214198347, 85.47090686702778
14955, 9.030397315090829, 6.618078029169745, 14.183234269317483, 78.96290223406436
14956, 7.718423567181241, 6.2940859849376825, 11.010638961298127, 83.79959339960338
14957, 8.432748619407242, 6.220065532871418, 11.38430911613033, 82.8552368245497
14958, 7.118172884814012, 5.84878841735146, 8.1209774475433, 87.47710742504317
14959, 7.3185068381902925, 6.701761417445746, 11.429586471507745, 82.95012079010942
1496, 8.012804011020892, 6.670556266184597, 12.488915448972511, 81.64494737247946
14960, 7.333791767345624, 6.7426000018555, 11.60481515777477, 82.72241612650474
14966, 6.8165094025162265, 5.4226717663413915, 6.449955972996771, 89.29116524801879
14971, 3.899318089256865, 3.9334648509852475, 2.4592893828112676, 95.95786078634157
14972, 4.003616092567558, 3.723954432931932, 1.997974403830218, 96.65162814964859
14987, 5.872455028904212, 5.230809623452886, 5.860168615189966, 91.201839438436
14989, 5.947346321493838, 5.262764793509482, 6.010010639326821, 90.99526066350711
14991, 7.71800860685094, 6.494253265079321, 11.626466753585397, 82.1870925684485
14992, 7.047203939125061, 5.934346248208116, 8.346401812162398, 86.40878201777313
15009, 7.662068805092641, 6.539063948959894, 11.264334446218609, 83.08051483040596
15013, 7.782309690719742, 6.409630722492516, 10.760704826931615, 83.7831631481453
15015, 7.6601705864562835, 6.545371803444143, 11.242294177012026, 83.06360419731772
15018, 6.572058278125319, 5.913821976812306, 7.941988950276244, 87.65055248618785
15019, 9.134996459316953, 7.35043425891872, 17.680981908188524, 74.66891219474853
15022, 8.571996290437758, 6.668592507392187, 12.713445986263283, 80.33440400167584
15024, 9.216169739105856, 7.262635716318748, 17.279565681256496, 75.24005023836212
15025, 9.594290959090642, 7.465331781746541, 19.178219937404943, 72.81640040724494
15028, 8.20438053753106, 6.686037901530666, 12.203998142733445, 81.0621556841141
15029, 4.722750990438713, 4.764090912970617, 3.8051572584177786, 93.59577139853401
15030, 4.767472545689765, 4.900268390550493, 4.259872611464968, 92.69469214437368
15040, 5.567108276747499, 5.334790629646498, 5.428730152578066, 91.34917251269331
15044, 5.71330800181731, 5.393263229649926, 5.580135440180587, 90.97194453402129
15051, 7.05185255033575, 5.672434673924254, 6.821920567598115, 88.66146666815877
15052, 7.074381129058237, 5.401453360059125, 6.441133772817059, 89.45715033675242
15055, 7.260191183506146, 5.7686117353119, 7.737407705241611, 87.39527743256086
15061, 7.036316309823492, 5.555887611202952, 6.973754967669163, 88.48681190404365
15063, 6.922791186592371, 5.765299508921913, 7.8038459144937455, 87.78237600348497
15068, 6.536431780492868, 5.971258422234491, 7.647728250786577, 87.65671770252565
15069, 6.85293353280426, 6.281765629691936, 9.399544196033375, 85.61109750814609
15080, 6.139757670345462, 5.661391158032999, 6.330259497770833, 89.60103646686736
15081, 6.5774788528762596, 6.215347052463135, 8.736987615313001, 86.43138582484649
15084, 5.993386673129864, 5.756748900071467, 6.98685312454305, 89.25518763210017
15096, 6.612195890914738, 5.501481287315529, 6.391699325120995, 89.32545787340123
15109, 6.366885329607484, 5.416798042391749, 5.9861444297468775, 89.91771853911172
15116, 5.382954359952362, 5.616467961001395, 6.057970094288708, 90.57557382774057
15118, 9.943346812490269, 7.233495137509812, 19.847617444014144, 72.98892911264522
15119, 6.056657891616719, 4.795553954636982, 4.280748349802757, 92.52236066086006
15120, 7.7323388293837745, 5.933965598479756, 9.000064057395427, 85.05113915401533
15121, 7.922969775737784, 6.076020591948284, 9.98105661965902, 83.91917491054515
15124, 7.702766254855409, 6.115160502438376, 10.185328264878285, 84.70603990893264
15125, 8.3195004455958, 6.1025313367718415, 10.839246914769504, 83.58111507133759
15126, 7.976589903279503, 6.223070028537031, 11.054480566553282, 83.51196118886968
15130, 2.494879013154684, 3.092273728395683, 0.22779937944306977, 98.91206158438396
15131, 2.5011428713801283, 3.1011158700527615, 0.22879684418145957, 98.90729783037474
15133, 7.083805295081141, 6.050786130475416, 8.312621182349343, 86.61756477155907
15136, 7.4232377555786995, 5.92586297594995, 8.492653921019652, 86.14377516465349
15141, 4.184273403297447, 4.26886522537747, 2.38143741851369, 95.6221479791395
15147, 6.180280298424447, 5.519375872045033, 5.803340533633515, 89.39578326082326
15150, 6.69852331923221, 5.455739280910828, 6.849190467527742, 89.15885937784246
15166, 6.241465542091982, 5.316578075928729, 5.891503417092723, 90.54517925477305
15173, 6.521135723118872, 5.4199473500124045, 5.718825358905591, 90.05994906583129
15177, 6.453262879782867, 5.7802227883255295, 7.276781566477748, 88.18545015330298
15179, 6.634077959541698, 5.803911473553773, 8.266848414384798, 87.77412500501143
15184, 6.390029733493514, 5.528049145844797, 6.723624223713968, 89.30071436263776
15185, 6.120115677079819, 5.899616190815218, 7.320140756499284, 88.3996307148878
15186, 6.476581966739241, 5.6344754035514395, 7.137897514234134, 89.18106612176881
15187, 6.67436235168406, 5.840143101993633, 7.844901138850763, 87.88811811403346
15188, 6.559650658202915, 5.671683160237276, 7.038567902703025, 88.720053128748
15191, 8.928362283388912, 6.249506095886677, 11.380473068678942, 80.75385136066787
15192, 8.016205981157878, 5.940023692202848, 8.88582701822509, 84.70219828396067
15193, 6.717876210462904, 5.539508724194699, 6.641395384575981, 88.88533155751351
15195, 7.224200808983819, 5.844260298106829, 8.105730242521613, 86.93673016601637
15199, 7.860195037316394, 6.1362879103099175, 10.038673003447956, 85.13186096356351
15200, 8.420936507375025, 6.80989353617184, 13.673869883057712, 79.831759183814
15202, 8.243171580868234, 6.228022698830104, 11.059238154085566, 82.910530591695
15203, 8.063616292244303, 6.303025502401547, 10.515850945494995, 83.02836484983315
15204, 8.172497476523187, 6.784116475730649, 13.722986900724782, 80.09176142030721
15206, 7.442338940245482, 5.533981494950832, 7.081803980339611, 87.83418215070424
15216, 8.66393796126997, 6.414851072166256, 12.82823331699461, 81.1241042877483
15218, 8.046491888304155, 6.346738251866753, 11.880610794591771, 82.77554392060156
15220, 8.80840211115915, 6.393470526704589, 12.977340964533685, 80.7656220679302
15222, 7.7906756077049035, 6.354247360814575, 11.554810658505186, 83.31875926060872
15230, 7.676322115483825, 6.606043333988453, 11.392700982726526, 82.1819126369107
15237, 6.8933840509857065, 6.532530818435693, 10.69382314111027, 84.43416178525194
15238, 7.7060283880158655, 6.601513886720674, 11.396484203501748, 82.16988918743304
15240, 7.798595939253551, 6.569517761853546, 11.618158601558717, 82.52036458104003
15247, 5.720032131167681, 5.47580246926214, 5.863823600678459, 90.71157418625313
1527, 9.090114662062977, 6.625958831405512, 13.704344898891534, 78.46065065281685
15287, 6.182999295348741, 5.095997935443669, 5.095181379574863, 91.38421785735915
15288, 5.345258133948175, 4.7189980362576955, 3.6407532592950265, 93.61553731423359
15290, 9.803257554775097, 6.42920193342, 14.026439119285525, 77.0127774339022
15292, 9.827567207866949, 6.406316089440723, 13.938186316907345, 77.22002649470653
15293, 10.79052831888993, 6.370739410139192, 16.08723723230798, 71.87770154186227
153, 5.486132546878158, 5.603239451499842, 6.437623204731062, 90.12813292030414
15302, 9.435108851360607, 6.617395698974265, 15.173368532886899, 76.61536975628603
15304, 10.062987670367706, 6.634264825825496, 16.899072106163494, 74.855286575778
15306, 7.440290890835038, 6.101262794511012, 9.493413232157105, 85.50096888179642
15308, 7.142203103744306, 6.431655934482659, 10.78248275336357, 84.68003201585546
15320, 9.58229505834721, 6.511140416708146, 14.051094890510948, 78.03257246529682
15328, 8.291635716997439, 6.579720199184712, 11.878623271100562, 81.6382891313279
15333, 9.043281888795704, 6.553500203805184, 13.247406955460647, 79.51821668264621
15338, 8.341223315534302, 6.327344248421326, 11.73104268164759, 82.54388214177487
15343, 5.831011804996544, 5.321308116660101, 5.528802407783299, 91.21649051585358
15348, 6.137135890375408, 5.485092932819643, 6.084801476611674, 90.09819882410278
15352, 5.858347657697753, 5.82997677268226, 7.118732420369023, 89.16063031461431
15353, 9.858840857557475, 6.617092513107598, 16.34817281384547, 75.5954527137373
15355, 7.705990062579787, 5.940413974893391, 9.581664227973805, 85.74564033677949
15360, 6.725361323540352, 6.369019936441367, 9.3823078183416, 85.76343893829036
15361, 7.249625733994942, 6.498525543565366, 10.291164658634539, 84.25023623907394
15362, 8.411649545058108, 7.33549588056424, 16.067797616397286, 77.32312213366579
15363, 8.43754367235649, 7.351935871004159, 16.21324784421984, 77.16579841785773
15364, 4.878801998607622, 4.9116907068507984, 4.084952553095346, 93.38153336345835
15365, 4.88621698347719, 4.896077104336639, 3.9459019849995483, 93.48474351637097
15366, 4.9890487902706875, 5.031732943424135, 4.4734039220600215, 92.82783033644509
15367, 4.666688457094015, 3.192953484246962, 0.6891644926828587, 98.19338457889816
15369, 11.309415912200691, 7.955279486476431, 27.696749649933704, 65.83476870841027
15370, 6.640491604771224, 6.455558920018124, 9.436324542064725, 85.30796657684874
15372, 6.852706554674223, 6.564270686965401, 9.202224026988192, 83.91641156993815
15375, 7.691700984711372, 6.983548179577494, 13.09072352688086, 80.98277984010566
15376, 6.110217969262032, 6.071059624299372, 7.624872985196548, 88.17616704189994
15377, 6.045595217023609, 5.701338229385854, 7.087835175980486, 89.22156190540053
15378, 6.888682417487134, 6.377792942783817, 9.415556946818052, 85.52259767508757
15379, 5.9337584752766235, 5.595312493546946, 6.637264510508549, 89.6014374387455
15380, 6.77584349972301, 6.367460560318419, 9.34880019188208, 85.61102449767233
15382, 5.209450620902479, 5.115354150917393, 4.377109841599585, 92.34614385873799
15384, 6.470771573661583, 6.188352557941027, 8.162021744010776, 86.86379525993392
15386, 6.10861790219302, 6.415152146000975, 8.713092654698494, 86.44045505359374
15387, 5.826488005906074, 5.480674357595605, 4.985312978362501, 90.77406809813414
15393, 8.07371930096941, 7.059521784529878, 13.904713723247475, 79.4085300134175
15394, 6.56959971628055, 5.980023375913469, 7.332318619989852, 87.91476407914764
154, 5.262589433670897, 5.634206170812376, 6.55699481865285, 90.20854922279793
15401, 5.182160524215448, 5.0440230683207865, 4.42084050547882, 92.27297535580838
15402, 6.146669858904663, 5.907736141075327, 6.806215211364466, 88.40128086651909
15403, 5.06887426007734, 5.163655131113031, 5.054047259929613, 92.04499748617395
15404, 6.184398293227253, 6.14193536511392, 7.819085838318064, 87.49274374700285
15405, 5.917117947313278, 5.575255722734352, 6.464310418656741, 90.10425244573274
15406, 7.110375026766859, 6.630028507979853, 10.669700055849404, 83.8513091757285
15409, 7.367144821808562, 6.761631173050792, 11.208561630336238, 82.36824470810832
15410, 6.1229716510833185, 5.654667468687398, 5.981555167156297, 89.53367297608865
15411, 7.0932414322878214, 6.607416332077712, 10.624, 83.85244444444444
15413, 7.24643655279424, 6.728643012984973, 11.336383859941039, 82.95563473259662
15415, 7.097743564924254, 6.631131402973407, 10.661772643851885, 83.67915362193673
15417, 6.539201018200147, 6.4279833023066715, 9.15032679738562, 85.55609571652353
15419, 6.345507242041078, 6.296185344757419, 8.370864609396719, 86.46371976647205
15420, 7.145271739179211, 6.739928641535532, 11.262685862638659, 83.09417040358744
15431, 6.87077532324071, 6.681417822074327, 10.803798167163519, 83.89919399359611
15432, 6.777576853900073, 6.508890177727195, 9.598319924278277, 84.79945575011831
15435, 6.123181039672565, 6.255826207834016, 8.144877379318576, 86.99803090876544
15436, 6.986420841154067, 6.622562379091491, 10.537766636711913, 84.02071607624273
1544, 8.814157585472788, 6.6884398229933675, 14.010197295499891, 79.96009753934827
15457, 6.9520294455782965, 6.292970461497562, 9.821999087174806, 85.88772250114103
15459, 8.512237628426687, 6.726422919495926, 13.34630579633233, 80.11911079662715
15460, 6.417423884147043, 6.0750096539114455, 8.272876620339837, 87.48576019569988
15462, 8.722568998044165, 6.193208137624884, 11.436767748568817, 82.64175372234422
15482, 4.542067054359526, 4.316480598560084, 2.9479919853645784, 95.11804164125795
15484, 4.970610516502646, 4.517697998012221, 3.1486982351913335, 94.51336711514939
156, 5.86747647636882, 5.754896595859642, 7.172622340229376, 89.33325957886197
15605, 7.779551811280183, 6.260940582281849, 10.24288766445519, 83.90419431013156
1573, 5.841845062105382, 4.859037493262009, 4.307133240088365, 92.53212376308807
1575, 8.358261248631292, 6.648857653640278, 13.205700865721127, 80.31750782832934
1576, 8.241638642814264, 6.733270504455041, 13.969693070580899, 79.94120732829867
1578, 9.64915599550129, 7.33716520155489, 19.800749290190346, 72.7113888748887
1588, 7.152308852120983, 5.7144653871461655, 7.826010750175275, 87.28820986211731
1594, 9.230309504079447, 6.431031019060624, 13.928235322506696, 79.77968678362008
1595, 6.649134966650652, 6.35671588237501, 9.723154449045342, 85.4338554950899
1599, 8.770522536277994, 6.522843534035995, 13.302305545670782, 80.05824733579308
1601, 6.712203372397063, 5.440796711165822, 6.12575127138234, 89.63823393435044
1602, 8.217426209384003, 6.480655425222071, 12.033339524517087, 81.49029531946508
1624, 7.889023577914816, 5.876923185180719, 8.84736605132823, 85.76359855063141
1627, 8.838053752946982, 6.327925951430736, 12.057877813504824, 81.26317582674986
1632, 5.7005649624932255, 5.542733014291511, 6.435057752167314, 90.3480564916523
1636, 5.3347821864665725, 4.7905016640724325, 4.388878585037684, 92.73803301353925
1637, 6.946705971751097, 5.752699971252429, 6.721789402599114, 87.75879959810914
1638, 6.474362328790085, 5.178314315415697, 5.131163674619065, 90.80666508297416
1639, 8.463744715420159, 6.957423569626979, 14.080783117143113, 79.09179397612817
1640, 7.295408085692529, 6.68536495944208, 11.257487538223097, 83.4764517795557
16468, 9.587998262456209, 6.662578140513818, 15.248048497899283, 76.57027163036736
16469, 9.473814513694661, 6.691630046513904, 14.948227751769942, 76.8350898231211
16495, 10.986153145659893, 7.14835916319166, 21.487579722345085, 68.43779873585686
16497, 6.97918757612535, 6.027743942822163, 8.786523059928196, 86.53410660038662
1654, 7.237904022182034, 6.416020037101491, 10.676044627709178, 84.29491140748064
1655, 7.247469746999297, 5.88619060091501, 8.847566674636468, 86.5172691112222
1656, 7.705194852036463, 6.859119253402337, 12.854371829304684, 81.42718591465234
1662, 4.832227312122507, 4.633694064008748, 3.2073065142303863, 94.28643248829263
1663, 6.002904139878051, 5.450105034430367, 5.804551903753086, 90.15859750053448
1664, 6.555766822863242, 5.975133035537485, 8.200395128711703, 87.22318874767788
1665, 7.636984706003954, 6.278708187850314, 9.876683042856536, 84.4784867834237
1675, 9.018826713238305, 6.251473439307211, 12.35632183908046, 80.96315317518545
1686, 6.318482479925047, 6.008700117485359, 7.622391632134459, 87.87418677970034
1689, 6.478091457656694, 5.981878415340772, 7.701269362077174, 87.63055789121779
1705, 8.049676991000753, 6.300654748719409, 9.853178115142851, 83.34581432818209
1706, 6.160630192658402, 6.091300785576765, 8.607572638092197, 87.3121428650071
1712, 7.465283294616816, 6.763176890935577, 12.052933123764133, 82.38300461390256
1715, 5.557205788089489, 5.489403342033365, 5.398355730181266, 90.84755835837159
1718, 4.771909691366902, 5.005860595377051, 4.030922142462727, 93.25502401151215
1719, 4.272756735923434, 4.396024249025381, 2.702120966273159, 95.28287828865672
1723, 4.849451084228597, 4.945827874296277, 3.780535941406079, 93.37748344370861
1724, 4.419536744117764, 4.630951839702599, 3.0014265335235377, 94.53067047075606
1725, 4.98599860833759, 4.9883302351221435, 3.6797230591704597, 93.15768104793042
1728, 7.943269917173701, 6.790949796728621, 12.899499854217597, 81.57198286496063
1733, 6.320187725094621, 5.929068283380535, 7.271862452959528, 87.98981547544102
1736, 7.6423877650220255, 6.409972628339773, 10.421866125062392, 83.50746140208953
1748, 8.499619127534793, 6.217734930715943, 10.631417809043842, 82.3818779132768
1752, 9.124116887672393, 6.388233491352219, 12.513458950201883, 78.84589502018842
1755, 5.240160336626379, 5.453250992106836, 5.403011514614704, 91.58813108945971
1759, 5.766515337176365, 5.652137621418972, 6.298792694974079, 90.1002736324932
176, 2.9574922582203484, 3.2967634040256395, 1.1212752158924122, 97.95883537563573
1764, 7.957145654869391, 6.657039073115356, 12.65351503529316, 81.39458974254356
1765, 7.461591932496815, 6.186693036013709, 10.03428203761976, 85.07173089103136
1768, 4.88248480893036, 4.5874117032601065, 3.1681317370033013, 94.47317131379023
1769, 7.459557407198992, 6.4790756545173505, 11.083618513603847, 83.33117161699708
1776, 7.306569071674499, 6.2135122334734865, 10.792877283314944, 85.11554493073434
178, 3.7496606834523347, 4.447887934492896, 2.497435293721935, 95.49788937286625
1787, 5.79354730618123, 5.622527679152806, 5.94608483395071, 89.739417168062
1788, 6.563873281583822, 6.144850988483713, 8.374836173001311, 86.74311926605505
179, 5.707445318311483, 5.8032999856753085, 6.900051191320826, 89.43752413625873
1802, 7.032549834578289, 5.952473906860119, 8.677693420101228, 86.7091467823572
1805, 5.082696444615841, 5.134675326913287, 5.03415449458615, 92.30252161906837
1809, 9.048833366777602, 5.950997507480083, 10.053933563074086, 81.8803725387207
1810, 10.541757155209961, 6.030394457382649, 12.227631270663577, 75.69833129409315
1817, 8.258282065811313, 6.165761496045193, 10.242836849017662, 82.77225334369723
18191, 8.725509423001185, 5.869826263961844, 10.046911649726349, 83.13285619775066
1827, 4.465129477396899, 4.949141147164075, 3.5076546233925288, 93.67299448867115
1833, 5.590860453098876, 5.2627299741484785, 6.1037901875778, 91.12975919646307
18392, 8.263686795553971, 6.945297499831389, 13.95263169299443, 78.89011679559688
18394, 8.034190858214606, 6.918947809809681, 13.262333594361786, 80.27251370399372
184, 9.366000141961388, 6.210017527531193, 12.75411447311677, 80.88637936394909
1840, 6.868329018922425, 6.02931323819709, 8.6758261281535, 87.03659836550989
1841, 6.853109132712818, 4.828996162618874, 3.356066925077278, 92.1740837054119
1842, 10.46619059145078, 7.224204084311941, 21.906079511341982, 69.03338641050406
1845, 6.736679099154023, 5.3548557304011215, 6.138003258087037, 90.26791947870608
1848, 8.909347987526864, 6.611254979545731, 14.47599930612346, 78.89500161078482
1849, 8.459041186118329, 6.5109526231455375, 13.28967116932733, 80.61002989369752
1850, 8.757267165376296, 6.365405621063457, 13.016449290678736, 80.57417100796977
1851, 7.988937480704214, 6.39449935050538, 11.079929842144825, 82.49561513405162
1853, 7.519590955963133, 6.06241642937404, 8.533957268641092, 85.75949756788374
1854, 5.488736122384323, 4.676818558225456, 3.3414219849551077, 93.93108468818248
1856, 10.107245238521772, 6.374140894904473, 14.752903364755387, 77.65113235367207
1859, 6.449489168244347, 6.321635354972511, 8.828855386170302, 86.34612145203403
1860, 6.125600466706348, 6.329708698737848, 8.99637663175659, 87.09319832563988
1865, 6.129500305731187, 5.905798099582252, 7.596051993307793, 88.61532674012255
1866, 5.545847653601047, 5.396955498231256, 5.345582413487961, 91.39653486097527
1867, 6.731595609622796, 6.0756342668537044, 8.079926450907145, 87.01136985185444
1869, 5.709584278835462, 5.231918502569041, 4.1768356460497875, 91.92757362341072
1872, 10.550462869762761, 6.516340768667379, 17.583969702613768, 73.266281740858
1873, 11.256564274098135, 6.849044767048011, 21.933690926205383, 68.3321131348145
18743, 5.509473901764527, 5.433958459728159, 5.457571542130365, 90.84360095389508
18749, 7.422429158568, 6.607894222934967, 11.426211453744493, 83.16551290119571
1877, 6.635890556898507, 5.496843043551679, 6.267742655736659, 89.29061273962553
1878, 6.037248606700026, 5.348986837281411, 5.225638385823701, 90.48153867752352
1880, 4.4833434660706155, 4.521519185599189, 2.4004414604984823, 95.0358686655017
1881, 3.541062888465549, 3.724358413939739, 1.1559740592826, 97.41325614626462
1885, 6.5821302175125265, 5.985537553386965, 7.712196501434169, 87.41701342598203
1897, 5.356803377700704, 4.753838498981017, 3.3701254383281163, 93.40566237556189
1910, 8.19931152558525, 6.509473735748864, 11.535451823625477, 81.56301034295046
1922, 6.602887427699331, 6.139066539439997, 8.646776447712218, 86.80804520872577
1925, 6.305520951804678, 6.074959908435042, 8.261167118528071, 87.44176252270275
1931, 8.057524704451007, 6.710118036520821, 12.059301220091903, 81.49956425289177
1934, 4.650471934787604, 5.033084863188381, 4.554535132726829, 93.15885540177352
1935, 5.402931524824523, 5.852974509949709, 7.1800393622179755, 89.72589064149005
1938, 4.622904140579268, 5.043262501178323, 4.556580946485847, 93.16583197343988
1939, 5.40360745202984, 5.856381569336361, 7.190844022393877, 89.71865920204097
1943, 5.794883015332453, 6.223172524140769, 8.568918831796788, 87.7530462252595
1944, 5.705063799616475, 6.228586253341815, 8.650113880601804, 87.8083597985436
1946, 4.678052055891654, 4.950015924496151, 4.117338118476049, 93.47769000153183
1948, 7.344277694705547, 6.036881033298294, 9.383270842523158, 85.7231473312748
195, 6.46339870200659, 5.869086759181754, 7.470812855133101, 88.11685820254691
1953, 6.4445587154791495, 5.552792250940496, 6.578834065271678, 89.4022708540921
1956, 8.326216769594117, 6.648555554902984, 12.713622713622714, 80.46410046410047
1965, 8.060760605047347, 6.051197981446262, 10.581553068836893, 83.73516446252968
1966, 8.178727651110869, 6.2533351290166665, 11.321637049698454, 82.52491372915793
1968, 10.263715916499722, 6.65422412193402, 16.81414431943152, 75.66703324591828
1972, 7.594284070525263, 5.858837574718538, 9.067581333574035, 86.19360162989517
1973, 8.658723809421904, 6.260655185354572, 11.241092969758178, 81.74409470908377
1974, 7.774516675246271, 5.8485744563776825, 9.175377468060395, 86.22617972211468
1975, 9.787398490050364, 6.51516028854845, 14.879657105176394, 77.10023079459282
1976, 8.59637251412348, 6.021883442191571, 10.67521600512012, 83.60850034963792
1977, 9.10262537455014, 6.230365045588228, 12.50925417333365, 81.35552742817568
1978, 8.243544653006959, 6.271589279839091, 11.445588974692846, 83.16552142019158
1979, 11.50268602790058, 6.516723931272888, 20.265479072985126, 69.56502940159115
1980, 7.493787819867105, 6.319707772164235, 10.51874505941659, 84.66442909533868
1981, 7.8096211839283, 5.946354592756008, 9.41617387695819, 85.72336341944185
1982, 7.9305940730273345, 6.334409436200474, 11.14072777424146, 83.53357733927434
1983, 11.763300259444685, 6.888355720026834, 22.96112037729338, 67.65687007534365
1984, 5.638505656927698, 5.5536736777148805, 6.226679104477612, 90.238539445629
1986, 6.768733346718706, 6.11996422482003, 8.714178837458935, 86.44732134144358
1988, 6.655949229809532, 6.0451690551248785, 8.524545047989267, 86.88293370944993
1989, 6.810267284632703, 6.219808441986954, 9.382759843916283, 85.83153278080557
1990, 5.920313046938699, 5.566261785865952, 6.206347363007449, 89.95470909302055
1991, 6.882267499972025, 5.9494859316671915, 8.653784970411692, 86.85812458905127
1992, 5.346748920874332, 5.2224865066152475, 5.33687226773447, 91.68656551926821
1993, 4.485389883605834, 4.367243187969298, 2.659431766060008, 95.34750889217747
1994, 6.914592601222587, 6.089324357649837, 8.96598011661563, 86.24606736859768
1996, 6.603587246272386, 5.350304041500727, 6.05678355877273, 90.09877932814531
2000, 7.766801487792001, 6.442872783672354, 11.36349668743931, 82.37521049202896
2001, 7.949714869253601, 6.509871780893642, 12.060424738829761, 81.52802982000098
2002, 8.142766493339694, 6.663109461888685, 13.029623365322154, 80.03578826096015
2003, 7.637028533944146, 6.8814761631163375, 13.392738787834155, 81.25782458207527
2005, 8.034176158422039, 6.428767411575082, 11.694697833523374, 81.81537438236413
2006, 7.77831963554159, 6.360927881509611, 10.959164518160325, 82.81630567799732
2007, 8.651510312821841, 6.5840745600600705, 13.367144064668976, 79.72546638570425
2008, 7.5991561336405145, 6.718780392129951, 12.858340318524727, 82.28974573903325
201, 12.029199270358403, 6.999598710427131, 24.63567359746703, 65.96746151780287
2018, 7.889149857355943, 6.3625227401667805, 11.524468825199868, 82.9795969572209
2019, 7.796222774959238, 6.239942670037132, 10.640911498540566, 83.88761790990951
202, 9.351743921840363, 6.294279510137513, 12.989643080436023, 80.59232881180853
2023, 7.606382392915676, 6.692850587515386, 11.954346023979458, 82.23680219980184
2024, 7.378209702311778, 6.738077024609719, 11.905911706708519, 82.507344359934
203, 6.447962592506317, 5.422941646536394, 5.3255285251418645, 90.17954639027622
2030, 5.705067073729156, 5.578879344676263, 6.256593158185562, 90.20947405435274
2038, 8.589221870519014, 7.013366488453057, 14.944392369467737, 78.85136675702378
2039, 6.121406884164504, 5.497476364311373, 6.104079119428187, 90.05928878845202
2041, 10.289041346848165, 6.39915162245475, 15.747849749744885, 74.22007872102628
2049, 11.488454078643239, 6.874973949053107, 22.61949268712685, 65.99938823369473
2057, 7.029115513454428, 6.695496954594255, 11.155622372460233, 83.56544205684038
2058, 7.400245529559876, 6.868956028128187, 12.319336426449482, 81.95533896324977
2059, 6.760810113344994, 6.405344381832634, 9.58679999650053, 85.6075518577815
2060, 6.8471427295592, 6.466378021966925, 9.995531059138985, 84.8870935235408
2061, 6.661171143737109, 6.5062667229375695, 9.878489382732882, 84.96114386993422
2069, 7.871130968816857, 6.928517686562724, 13.589748243878534, 80.32236400268637
2070, 6.63331432113715, 6.305642759425374, 9.075285649869405, 85.78684521733211
2071, 6.253150551238198, 5.958112727900958, 8.110069211877653, 87.93975058208146
2072, 6.175202798680107, 6.249814237526318, 8.921469697869057, 86.88448134046757
2073, 7.081603186107869, 6.493958724707419, 10.465431847479477, 84.21958748897484
2075, 8.383598793883206, 6.750049229907906, 13.961418143899895, 79.81856100104275
2077, 6.417257787134026, 5.7433278017264495, 7.37783828463072, 88.80536782223952
2097, 7.3987224216024465, 6.0645847505066115, 9.062199896579743, 85.63197163330132
2103, 5.744641827566303, 5.8398449195803375, 6.956228413032478, 89.4945258016969
2112, 7.3714173767957725, 5.844801702300062, 7.705857363409352, 86.62225031343579
2113, 6.361975876452899, 5.486523856599826, 5.990177342128517, 89.77868195548979
2114, 7.699586796481113, 5.9948786642101295, 9.582844119068996, 84.58687294242236
2118, 7.0276429091849595, 5.772775115570361, 7.382014313867856, 87.30837050098538
2122, 6.888210824435586, 5.618315935385648, 6.653916553245412, 88.91561458675554
2123, 6.99907933095352, 5.600432436028608, 6.384451654233225, 88.34390692484139
2127, 7.917281656256514, 6.262021999078448, 10.65228287615055, 83.66103162307482
2128, 9.365973906222246, 6.009348050388356, 11.561170917135334, 81.14007072862952
2130, 5.532204310168004, 4.824887828967016, 3.914358645661145, 93.14959124694981
2134, 7.117165741243064, 5.6196181119574256, 7.185031621486866, 87.98121080116515
2136, 7.037852715462338, 5.738203924263301, 7.648032384225341, 86.9640842917532
2137, 7.836294654681828, 6.741306833585116, 14.099100530782188, 80.1608238248101
2139, 8.907616949578975, 6.536368974252944, 14.020361247947456, 78.63513957307062
2140, 9.06388221189883, 6.696377507373876, 15.302925019338428, 77.53988960706934
2141, 9.239614475378435, 6.777003519607399, 16.021020627473593, 76.55230257122638
2142, 5.632204599478702, 4.436346440743202, 2.7186564682407717, 94.39225141336881
2143, 9.061227513914508, 6.690719046756764, 15.17197804367571, 77.34339006700101
2144, 8.711385710027493, 6.618774522104735, 14.550292428473577, 78.85557721692396
2145, 9.051887180795214, 6.71567937237012, 15.618195494675167, 77.21076316032568
2146, 5.230033123911303, 3.9751815460193503, 1.938562481359976, 96.03069164655803
2147, 9.07030362033534, 6.664300956918953, 15.192063221629557, 77.58803716760809
2148, 8.847007815896951, 6.560932661579166, 14.280090800540604, 78.68286730262035
2149, 8.668026615692195, 6.553814531890123, 13.779244072633965, 79.27942081353181
2155, 9.743542806899006, 6.598215835635665, 14.550419881204343, 76.00873899091964
2156, 6.724320978011381, 5.540506787059836, 6.724615772234819, 89.06399596875787
2160, 6.368557860961665, 5.34866229516206, 5.919699828291607, 90.38433001929069
2161, 5.363206670861626, 4.818511207201121, 4.11151159452649, 93.18150404559131
2162, 6.0267849095338715, 4.787646310136178, 4.071709441461249, 93.04680563189717
2165, 6.987643155997656, 5.808558417974424, 7.500158297980118, 87.51028936870765
2166, 7.638004701371271, 6.035475408262407, 9.220626174475269, 84.93061969827266
2171, 6.70134036710961, 5.664444788706453, 6.890096249720204, 88.90991595954662
2172, 6.806637419389623, 5.5032632640564865, 6.273529593285194, 89.27461992635108
2173, 7.785941283475441, 6.250854992915115, 10.242190682081649, 84.19442094599535
2174, 6.0094743780648505, 5.378927387701642, 5.327334175680812, 90.89340195383525
2175, 7.228729973332729, 5.523573425785508, 5.955658423681325, 89.06444146668291
2177, 7.0987197288633, 5.632154264224802, 6.688963210702341, 88.19274123621949
2179, 8.759032929968793, 6.28655764304485, 12.162330077785233, 81.59994035637068
2180, 8.78573703345555, 6.282829113736176, 11.91002454542124, 81.09269865305474
2181, 8.577906300021949, 6.2009375544420235, 11.143949293504146, 82.40538329079297
2184, 9.54197055562763, 6.512336282849935, 14.273430782459156, 77.33747055964709
2185, 8.658003492029144, 6.312003239088942, 11.833292292538783, 81.01206599359763
2189, 5.583256678764722, 5.139625003614612, 4.840208847323427, 92.13150496299272
2190, 5.1442862028205365, 4.791396966476888, 3.9940765813412313, 93.53818489528241
2194, 4.916396642460945, 4.647117943329292, 3.6590565112660145, 93.9129415275735
2195, 8.43241779403559, 6.659750798830122, 13.00991231414411, 80.34454822722074
2196, 8.487718109308261, 6.672508508213031, 13.248705647651166, 80.05866147342422
22206, 8.277821205034183, 6.088459571620638, 10.013161891262529, 83.84377847524553
22211, 7.659444828431045, 6.588485915671435, 11.563969896519286, 82.59524929444967
22212, 4.911178546269468, 4.609512303057631, 3.1961783753170323, 94.1727610745857
2224, 6.293360742330453, 6.204630765626933, 9.485786955479345, 86.13511513243618
2226, 5.032015351497918, 4.875479428204215, 3.9783594016086354, 93.45280201210406
2227, 7.529228480644006, 6.292628722824697, 10.16145780993535, 83.99490838441697
2228, 6.690036535413909, 6.119967247385096, 8.656093074131158, 85.79028489036942
223, 10.537967964361643, 6.713156291068196, 19.014108720816953, 73.08684141155976
2230, 5.361074068632706, 5.135693617652737, 4.903263142665492, 92.15977693309308
2231, 6.975117711955453, 6.129834370982499, 8.818117954036062, 86.07533536279396
22328, 11.885949455239015, 7.764262684338762, 29.74624581327773, 61.59860701373023
22330, 12.273496318037646, 7.859498605220386, 31.314695213660087, 60.10793594620897
22331, 12.140869951025293, 7.991790074139499, 31.220941762333915, 60.738602560430124
22333, 13.134197155683074, 7.031516493338075, 31.197688550528564, 55.45185626820152
22334, 9.988555678163783, 6.963515342722452, 17.831002945678602, 72.57303096178336
22335, 12.01941896749362, 6.8526557977688025, 24.648398633931212, 64.15010621991556
22336, 11.21361366906676, 7.644028279571851, 26.475200403548595, 65.63257338991787
22337, 11.15955297935215, 7.642733667854968, 26.34821115398106, 65.73461066292529
22338, 10.903157914044778, 7.4196909691734625, 24.644477069044854, 66.95444485833862
22339, 10.641730429905335, 6.908272202194542, 20.11622254129405, 70.12357124283501
22340, 11.42318397110954, 7.3409381967251415, 25.799471272111134, 64.9049208439232
22341, 9.358827463703127, 6.518395942601428, 15.360612652695613, 77.53738027974919
22342, 9.9099959118397, 7.039837881951536, 18.376496191512516, 73.26659412404788
2236, 6.781885475741746, 6.067268780635714, 8.072140743938261, 86.93633463534812
2238, 5.225117770718255, 4.883342033327664, 4.032141210564447, 93.26615293420272
22381, 9.14870231608978, 6.845900558890121, 15.715657219184372, 76.88149601369119
22383, 7.679042747511974, 6.458719645568518, 11.367759355355862, 83.18567269965827
22386, 7.912624091709072, 6.526175224925693, 11.663318447620632, 82.39945746055713
2239, 5.9471470165162215, 5.634456718611357, 6.0175850328893, 89.44732753776485
22435, 9.111493857749029, 6.220956009239825, 11.36127780535126, 80.76674337108393
22437, 8.73745700990411, 5.74872064465327, 8.518241593912872, 85.24289138609724
22439, 8.502701037445123, 5.602669375210279, 7.8112025155282945, 86.30631428603063
2244, 4.310040716558607, 4.854910506702408, 3.9056999447342324, 93.81023400888795
2245, 4.3467622425860535, 4.793716228792007, 3.709058087414139, 94.02297795523735
2246, 3.813316557808844, 4.28812168100021, 2.812287337585263, 95.50936110275849
2247, 4.320277925747, 4.72185666476408, 3.5037791854095905, 94.23176963799382
2248, 8.94030616285936, 6.962923535989859, 15.499694983199868, 77.11502522440522
22483, 10.048322424118192, 6.669032957045236, 16.06131112018898, 75.5927748077367
22485, 9.671964164647735, 7.074157183138745, 17.52850963429021, 74.85955845177237
22486, 9.604650625164323, 7.006835521837711, 16.882332279592553, 75.14155251141553
2249, 7.926568721272008, 6.575475208016402, 12.01003995492265, 81.61049072840898
22492, 9.646824269956257, 7.109863919344554, 17.90414381003889, 74.46109866337017
2253, 8.255516811895284, 6.5954947082690225, 12.62552206053374, 80.9378381384813
2258, 9.905231013930875, 6.617088706087031, 16.60646465115739, 75.8266646534803
2260, 9.732690965810015, 6.582721709288281, 15.912352549966746, 76.57834249244519
2265, 10.035221599893346, 6.637776124097976, 16.988670314348983, 75.20942929784069
2266, 9.687687698685489, 6.323845465234727, 13.948738735929656, 78.12665648093294
2268, 9.434182259915193, 6.754573596290908, 15.629057856009235, 76.32376280479008
2269, 9.466805665773524, 6.772480579168687, 15.873622916640965, 76.20005181411071
2270, 9.68844761796793, 6.863572736184448, 16.741371284165723, 75.03624393163531
22728, 6.2477909519041495, 5.538206474489224, 6.29439761921748, 89.61974744952558
22730, 6.288252625529068, 5.4427236292566334, 5.793765837141624, 89.97709492879511
22740, 5.994841657646436, 5.159269793557202, 5.14624554504117, 91.46030478063169
22751, 7.421429825846632, 5.909448256064304, 8.442107433756057, 87.08939065883081
2276, 9.543602310529701, 7.004380680271175, 17.46395482703799, 73.97291815141713
22768, 6.227363180415138, 5.334509966388919, 5.429089221384843, 90.59164143479126
2277, 9.966882772681254, 7.228524791497537, 20.151042915368016, 71.15690590876397
22784, 6.022221108005065, 5.2300631864778655, 5.219562305761804, 91.24871591485378
2280, 10.120368423688198, 6.749394570410374, 17.99147095921677, 72.0824073517929
22804, 7.491990111303693, 6.230463877066687, 10.454550049023076, 85.03431615335631
2281, 9.175759451179669, 7.006349243269751, 16.888412256889755, 75.25609660734833
2282, 9.020837356432407, 7.042072030716944, 17.21938067923356, 76.09479535343002
22825, 7.140011515916675, 5.864317528312534, 8.62110199540402, 87.27371037006998
22838, 8.354603274731025, 6.649724917272858, 13.151499109678042, 80.69204485297657
2284, 9.008357356149697, 7.266804199744098, 18.27248776815958, 75.10350018818215
22844, 7.725013952796682, 6.575196804880142, 11.672412853818555, 83.18637102987758
2285, 7.2394269908106335, 5.279335593101255, 6.496289478225853, 87.84876028303515
22855, 7.851646406539282, 6.719735291636069, 12.514780520638155, 81.96230739844646
2286, 5.113167577950469, 4.417904698929593, 2.627364411548284, 94.64571700644939
22866, 7.724239651542587, 6.608853610729113, 11.801536481567748, 82.98105848262576
2288, 6.7372424298478455, 5.727306913276809, 7.230381782781681, 88.02801997799034
22886, 7.430747560349691, 6.617923651541158, 11.665859791045243, 83.56082020208329
2291, 8.031506822444113, 6.408427235695804, 11.307583944828746, 82.69485502827946
22922, 7.769707137891717, 6.60789005754342, 11.812648551422882, 82.91979829125715
22954, 9.333394454443397, 6.79893705719978, 16.190801846469483, 75.33595486407934
23, 6.403490453320612, 5.479025091936226, 5.848426839444363, 89.22102783095272
2300, 6.357283590345865, 5.652957896831039, 6.877478094865143, 89.16613637476138
2301, 6.518168127748609, 5.758232706466269, 7.379521080066306, 88.60118631543209
2303, 5.621240816601083, 5.399145626740822, 5.5474938025273595, 91.02928431787493
2307, 6.435697259789539, 5.714143825921411, 7.17231208096019, 88.9116365718056
23079, 8.041313375880419, 6.209183772623302, 10.48951854411426, 83.70306381018199
23080, 8.506557867139808, 6.4846036577204185, 12.547342460927178, 81.17458235875554
23087, 7.511175156993709, 6.098621874987921, 9.586079933487737, 85.10837935744404
2309, 6.831522882310357, 5.744877547486363, 7.479095080143802, 88.16215464675155
23091, 9.386264699373804, 6.14988041286681, 12.888814987251967, 80.07981376787497
23093, 9.824767786332636, 6.365499466663576, 14.573353717230056, 77.82118792820339
23099, 10.153262761654466, 6.194372710983714, 14.828749499685518, 77.56875750471725
2312, 6.4325324114740505, 5.709426558307215, 7.107555623930309, 88.93098209649814
2314, 6.298119094192228, 5.644346217512041, 6.784635761589404, 89.11576158940397
23147, 10.172543306056406, 6.19807765021113, 14.623049529865082, 76.50785804958603
23150, 9.906371218467168, 6.3716775119136875, 14.605575862859348, 77.09577407018686
23156, 10.521920459022509, 6.8239650289935145, 19.483302717724083, 71.64523574019123
23181, 9.889826224826388, 6.289769694148616, 14.91859229004644, 77.75303530464947
23186, 9.802933416977657, 6.438828349587652, 14.765731653916491, 76.02065785745563
23193, 10.036843439782992, 6.532080719159109, 15.167291220556745, 73.91729122055675
2320, 6.3716102527962475, 5.413506856754777, 5.698899216968772, 90.09707936573439
23203, 6.243376930657307, 5.353376065154267, 5.9565611930876665, 90.63264420421369
2321, 7.306687316477553, 6.05436664406435, 9.123386905233156, 85.95419998416594
23213, 6.9663923191975154, 5.857614995290979, 8.365696295605886, 87.13145058564017
23229, 6.592180749181821, 5.774645076188301, 7.657468594129763, 88.06820954816543
2323, 6.324470340960137, 5.6877130375274625, 7.050441945941685, 89.13019914665512
23246, 6.9757027050789615, 5.885754970929416, 8.137785019667266, 87.18254750760227
2326, 6.887364218484151, 5.6573341458193624, 7.062185464050248, 88.4962743338665
23269, 7.476716262812105, 5.85490191368488, 8.52786631062107, 86.87840714716415
2327, 8.114966169954217, 6.719645509035244, 12.904193270877565, 81.1014735246995
23278, 8.051634069043747, 6.528027928515428, 11.074585101179576, 81.26215690512211
2330, 7.688337549250612, 6.7121254217880395, 12.249059395667356, 82.0071639313201
23317, 6.745876586069173, 5.75126116793271, 7.531603176797049, 88.1401703222514
23341, 6.697788122369531, 5.745092754953423, 7.533320455862469, 88.2578928165175
23344, 6.638305802681148, 5.898150347498934, 7.849849671062424, 87.60952182498339
23383, 6.797391414918761, 5.572096550498636, 6.327625862509584, 89.23485816509073
23384, 7.28861267681314, 5.666467617959573, 7.124821491400541, 88.1035660326593
23395, 7.25361027656233, 6.070050531243538, 8.514287038539084, 85.84273829111724
23399, 8.711210031031818, 6.755726450786326, 13.756003326983446, 79.23586702798421
23409, 9.62962552161417, 7.087666888190202, 17.736863033340967, 74.99367401284476
23417, 7.209173285366732, 5.939356795567114, 9.50727991514801, 86.9700768167647
2342, 10.534907976521358, 7.360864467827914, 21.490572854116017, 69.76087954148237
2343, 8.656460158727684, 6.937822692097752, 14.489304929793098, 78.71921613227768
23435, 7.50207867685688, 6.27305287026613, 10.040519114451818, 84.46180045804216
23444, 7.934312975372494, 6.53038326583073, 11.533851808448304, 82.33100729771479
23448, 8.387209346639185, 6.428686485448962, 11.592425748325223, 81.78462173918656
23451, 7.200431562418018, 5.562616359673537, 7.095919305551799, 88.82879472132832
23461, 6.533496881058738, 5.5014281523662465, 5.982112311226236, 90.16828763664206
23516, 7.4228900902407835, 6.285901863121259, 10.812579838054116, 84.40611044835995
23517, 7.407264684766685, 6.287784750296817, 10.826601421611018, 84.43399211153529
23520, 8.110070647778421, 6.339184192379882, 11.759147912729771, 82.68052453759377
23522, 8.902857200995818, 6.430886751790442, 13.251198465963569, 80.29050814956855
23534, 7.690299644671653, 6.490947965678587, 11.562449479694028, 83.01666851021467
23536, 8.379619394741631, 6.572624071752436, 12.824486301369864, 80.99058219178083
23553, 6.853224824322287, 6.237165852789191, 9.774108207111084, 85.91543836187265
23556, 7.040706136182153, 6.411141938419498, 10.650680265488448, 84.65266558966074
23562, 6.826447563721023, 5.866284190741723, 8.252432558088048, 87.65400666393614
23566, 6.399379185734551, 5.406587259089098, 6.186634688760493, 89.9269595552164
23573, 9.277395203166765, 6.591460686072036, 14.99842186179582, 78.27260046631439
23585, 10.774568824623168, 6.72683155530084, 18.780154667033518, 71.10949521947192
23588, 8.537413574296407, 6.414327575957724, 12.331991539878556, 81.94832958086012
2359, 7.885261082486156, 6.591335984614676, 11.602010496792646, 82.18599872261252
23592, 6.180415063292247, 5.775597429614968, 7.2709979127585935, 88.82797431900447
23593, 7.518403205048175, 6.434329956486937, 11.018846126074084, 83.43562712109177
23594, 8.404547234749126, 7.086954913772879, 14.964988850228636, 78.51174413660857
2361, 6.970920624740407, 6.523407838047928, 10.597717600090393, 84.54898120598095
2362, 6.544032735563352, 6.157245196550119, 8.678512678394119, 86.91924655808646
2363, 6.855835414172804, 6.464672973155388, 10.19626577491142, 84.99303316214818
2364, 7.054083749838285, 6.594459185024405, 11.03185394886427, 84.05296359867145
2365, 6.758182584179002, 6.402405124881384, 9.645522388059701, 85.43640493186243
2366, 7.236780761111601, 6.627810487840875, 11.059750042800891, 83.65452610109942
23674, 8.090844440351816, 6.139039500896554, 10.318572622159932, 83.67921731396383
23676, 8.108033936828328, 6.227457641296279, 10.775676976928782, 83.0680945750758
2368, 7.347001439777066, 6.6721114454765145, 11.366393988023015, 83.24709381971897
2369, 5.621387342340345, 5.868350372274189, 7.349433093848226, 89.19791198922317
2371, 6.692203787574283, 6.221462830288085, 8.878876993727273, 86.45424386851903
23711, 4.961371922807174, 5.214982882494049, 5.233236330595155, 91.97946980022348
23712, 4.935591608384132, 5.167126574834464, 5.081067901987078, 92.17237596001463
23713, 7.250973840453324, 6.378821028097034, 10.268273199307682, 84.37291971774731
23714, 7.652296668611467, 6.3256428623866165, 10.520336050365861, 84.1793658404386
23716, 8.044556826458743, 6.3737075728446095, 11.158833818035044, 82.77014789439367
23717, 7.744252212596712, 6.388703030466055, 10.970266529291163, 83.47226992204982
23718, 6.889981023950531, 5.869380096364075, 8.267599946156952, 87.43303270965137
23720, 6.761586180718086, 5.742718423674869, 7.769986225648914, 88.03241444696874
2376, 7.375805909336943, 6.527135917847807, 10.457809046387657, 83.18935005272967
23768, 8.601832097239287, 6.56905287657422, 13.161513831294947, 80.06088919216839
23769, 9.118144829663049, 6.7249778172277255, 14.85148514851485, 77.76199461487904
2377, 5.916127570067006, 5.969945741301078, 7.815896549802129, 88.42246808985006
23770, 9.216112132068293, 6.903005817288456, 16.62852625447283, 76.62270117333777
23797, 9.564072734046086, 7.566370963750219, 21.6922873045322, 71.28014842300556
23799, 8.350733088876936, 6.495116308283082, 12.791660279012723, 80.67147018243139
2381, 6.909682987561275, 5.533516016042611, 7.040229885057471, 88.32614942528735
2382, 6.614464774212231, 5.199303662366541, 5.741471650435502, 90.26465556760624
2383, 6.726782954334672, 5.382296288621556, 6.4812326435546, 89.42376601272059
2384, 6.733724729021187, 5.360081880195979, 6.35699280382604, 89.53314262727395
2385, 7.068873601191545, 5.582319405958195, 7.419949419177847, 87.64770600254333
2386, 6.726363609581261, 5.375575308191618, 6.454939620088934, 89.11054680136174
23865, 6.657601561343377, 6.005128660477495, 8.37125157611973, 87.43709226467847
2387, 6.7850150790913055, 5.3932294134467815, 6.644046747832258, 88.99163950058767
23871, 7.194149260726022, 6.2629749135906065, 9.996519923438315, 85.40651644336175
2388, 6.6032622735265365, 5.163699167710594, 5.547176507119727, 90.24309098167946
23887, 6.353953548061103, 5.984518938888027, 8.092988426002401, 87.9359520741793
2389, 9.301110341115919, 6.917947735798322, 16.10734463276836, 76.93691148775895
23901, 6.677260159604514, 5.998234955989885, 8.358692775866631, 87.43715268589574
2398, 7.389321823613012, 6.4100595680939465, 10.973860062893081, 83.80404874213836
2401, 9.877274046468555, 6.690314623537728, 16.723474166891446, 75.48981143179422
24031, 5.239653690390284, 5.131503604689372, 4.457176873279262, 92.24113188693886
24033, 5.314849046179964, 5.295496226615469, 5.057473704320876, 91.52169990553722
2404, 8.564798652369067, 6.291357845390198, 11.437875241681082, 82.1342559614667
24042, 4.952544591527573, 5.024245213619973, 4.106187929717342, 92.86605551311433
24062, 8.417436890365986, 6.467866895070782, 12.610117956862265, 80.94501228434527
24083, 8.302571676034837, 6.90908229901277, 14.185014529936907, 79.94279655470325
24097, 7.301998665733723, 6.587960631699767, 11.551128604707205, 83.7746003695076
2410, 9.39914267072976, 6.115944235882375, 11.81302490054516, 80.30794165316046
24114, 7.3165145702131476, 6.6010466196817745, 11.612927670215587, 83.69643466070549
24131, 7.974165676753927, 6.897219176930209, 13.69843601040942, 80.7947489113911
24140, 7.470839641853404, 6.756663042995918, 12.304764706423114, 82.59406686952445
24143, 7.230248889753134, 6.578195694945184, 11.509221132947554, 83.69725704538577
24145, 7.5703274470634785, 6.761684807368826, 12.527939512679708, 82.26864243862505
24153, 6.886080206025901, 6.2493659010721325, 9.616581302953426, 85.86281173711168
24154, 6.847244530629932, 6.26033987728448, 9.579586056849193, 85.94056249003592
24155, 6.87098904074205, 6.240039621744538, 9.524305884582583, 85.94712404055718
2416, 8.461061528394087, 6.345062577581602, 12.46459482665035, 81.46298617347794
24173, 7.17326478736694, 6.382640020877778, 10.53569605213081, 84.91121239406289
24175, 7.169753938253093, 6.388999787354015, 10.533752254178363, 84.88445592965105
24177, 7.358691966995177, 6.348577767411962, 10.591701175620466, 84.74009430903348
2419, 8.178973687124834, 6.23997159244976, 11.446826723189174, 83.19406513675457
24199, 6.692933982135659, 6.503123120742705, 10.283206486403794, 85.19046162083605
24202, 6.429637919649443, 6.097896635354244, 8.523716832291774, 87.3233927224297
24204, 6.901904521440447, 6.456383960326582, 10.325869559150489, 85.02004707108105
24206, 4.5893487952251935, 4.860053083958642, 4.076882845188284, 93.54733263598327
2422, 8.449833680964518, 6.238523823458171, 11.258297684024193, 82.64837488321778
24227, 9.052298258443997, 7.112590403624065, 16.527766485080086, 76.68306366371249
24240, 7.606768933713312, 6.452540000497447, 11.497446095059852, 83.46005380746287
24242, 7.636576652315518, 6.430835456511433, 11.58909877657149, 83.49875328656945
2425, 8.272634323627141, 6.218236028316452, 10.610824997524016, 83.28340101020105
24263, 9.161860752720816, 7.657990006794951, 20.391621008503694, 73.97285716180899
24264, 9.138876115200622, 7.629257937086356, 20.280919033128246, 74.03160006910024
2428, 9.326548532895647, 6.637746467947069, 15.123460300490201, 77.87837084721859
24288, 6.318681027634684, 5.427845294510564, 6.622101277804069, 89.43918599148131
24292, 6.339199788098377, 5.477437642886899, 6.757727406535179, 89.29761554312628
24301, 6.529108589120386, 5.991289809009037, 8.239070144277212, 87.14592876507432
24303, 7.397832354778917, 6.509909444032566, 10.076687116564417, 83.54907975460122
24313, 7.140951102195651, 6.4405625921176055, 10.125144975141326, 84.44649910379005
24332, 8.300817672662452, 6.698711952840944, 14.14572268919277, 80.25481258450773
24334, 8.001671019682849, 6.498072893086919, 12.47573377216101, 81.97806718691744
24336, 8.245880837664595, 6.525724499559488, 12.786166585484656, 81.43794703514754
2434, 8.57857759747674, 6.303372851398697, 11.580322667195501, 81.99199748025617
24352, 8.875901328553828, 6.406116359433092, 13.664020596438533, 80.54151469641708
24363, 8.781845817812277, 6.1847863701114925, 11.208430272341591, 82.44895927939585
24364, 8.919601784873135, 6.198724674017337, 11.592914892303895, 81.80336974634326
24365, 6.590184348681304, 4.70642089939144, 4.211170449488207, 92.71695594125501
24369, 5.145423427779379, 5.462520405426653, 5.67500661694873, 91.23137523548553
2437, 10.882819802068136, 6.65759009995429, 18.54681007088731, 71.33585920312882
24386, 6.346785955548927, 5.928975434930372, 8.02377299425047, 88.01586932601857
24395, 6.826409096079392, 6.260185163586172, 9.184882444374395, 85.70201850020109
2440, 8.381041853774423, 6.233142054233422, 11.705813241215871, 82.76312221965595
24413, 7.363727266941499, 6.680401054103259, 11.979931344071824, 82.90573012939002
2443, 8.05879873625561, 6.422898531760069, 11.584500709418277, 82.72016946104195
24452, 10.049304877999642, 6.591739129759985, 15.088976229496309, 75.27519542863773
2446, 6.41171415465056, 5.275276045560003, 5.504127259967249, 91.60511980750593
24466, 8.484157786497859, 6.783392565746987, 14.145484795267585, 79.43063129679267
24468, 9.107931383321883, 7.02548101319789, 16.377601585728442, 76.83969276511398
2447, 7.032454244060974, 5.6697853388227175, 7.15163430818383, 87.64058093131575
24471, 9.384368442331136, 6.542956365560784, 13.937862751792421, 78.56879481051553
24472, 9.013302689993743, 6.469374833344609, 13.892900047324927, 79.5944617699523
24476, 9.921481420142438, 6.918355346056003, 17.87436021365456, 74.59567981559282
2448, 6.387612915450977, 4.936089864592802, 4.656873350352646, 92.50140625676086
2450, 7.157337358093258, 5.581166155968995, 8.034929139655206, 87.82694942636864
24501, 11.511784744176147, 7.301066043433135, 24.27676442867439, 65.54859455563565
24503, 11.535570217915655, 7.3079389210885, 24.43554985515579, 65.29488511974525
24504, 11.409078198463153, 7.29301078082605, 23.881490875783836, 65.88224241997229
24505, 8.279859751690497, 6.531653546795507, 11.969551864205277, 81.5626960800502
2451, 7.327594073099457, 5.985646254947538, 9.732152055217885, 85.80302874214485
24511, 9.322572391969976, 6.861350640619416, 15.79139958613032, 76.68828546913643
24514, 8.77110782675378, 6.604864547806572, 13.559641323185895, 79.79680004018788
2453, 7.4335238276175035, 6.116547642915474, 10.344594594594595, 85.0213963963964
2454, 7.680435313732742, 6.200731666775436, 11.056729240237077, 84.17074530698223
24542, 9.967660236724658, 6.792597617585, 16.266958869446356, 74.96695773979644
24549, 11.154066525346774, 7.057524368433918, 21.522842639593907, 69.55797638738379
2455, 7.713752202276815, 5.987517789915987, 10.132730351547844, 85.05592115269567
2456, 7.869167057666389, 6.2423064662091585, 11.49303147580591, 83.52833269949218
24561, 10.301291601530375, 6.7986319905817005, 17.22763403070972, 73.99344293228295
24564, 11.526227597031301, 6.827163339124032, 20.869971297097816, 68.98719759442344
2457, 7.675989788741193, 5.831435720855939, 9.225652032227979, 85.69405894978144
2459, 7.398353422497795, 5.949598805817512, 9.676223048633503, 85.93429686936635
2460, 7.897392796916001, 6.323342646543667, 11.85257401555391, 83.0834397902239
2461, 6.674944908254811, 5.9035707484077, 8.81924441429318, 87.62080585428784
2462, 7.768715198651957, 6.25227195889495, 11.350598534336969, 83.57374186203313
2463, 7.948992284817335, 6.336343616007091, 12.000317618766731, 82.98470892508735
24635, 9.530584557313235, 6.95424632027298, 16.85426958362738, 75.75864502470007
2464, 7.9706203215716425, 6.332425323294176, 12.024738923248504, 82.85624162132324
2465, 7.878289058027281, 6.305471210227002, 11.691522894089083, 83.28748204002984
24654, 9.039860764060895, 6.48647528170981, 13.558797752229726, 79.32773109243698
2466, 8.305145920609503, 6.15222612568341, 11.543141592920355, 82.8075221238938
24679, 5.930001367100978, 5.143130390253373, 5.131636682755595, 91.43922773146117
2469, 6.435776391972277, 5.644559090957628, 7.58490478077434, 88.65294515279363
24694, 7.913704380247291, 6.121908253868523, 9.938940458123037, 84.22687325733243
24696, 8.573139373949074, 6.38414857930949, 12.304241435562806, 81.23572593800978
2470, 5.3384403170256585, 4.848809900435379, 4.5094426531552285, 92.71303546752648
2471, 6.768384600023004, 5.53545010111227, 7.072320139027512, 88.60420605192397
2474, 6.429727830900259, 5.455102281575576, 6.591687941304998, 89.45927919225373
2475, 5.60571173604439, 5.074017599096257, 5.1912378303198885, 91.65507649513212
2476, 6.695599148386724, 5.602258134920372, 7.567064126297876, 88.38321700835931
24770, 6.761690580757384, 6.575957592503713, 10.43434069657135, 84.8922618240954
2479, 6.0572549886155596, 5.276476161565538, 5.979163521062962, 90.5271838232732
24794, 6.962043958228949, 6.71526480416964, 11.225499225662961, 83.68093220628066
2480, 5.286389622470435, 4.8234056733740704, 4.499423298731258, 92.6966551326413
2481, 5.545300893879811, 4.787410517318663, 4.626865671641791, 92.5614236509759
24812, 5.693645995945184, 5.794193333775421, 6.831005642482692, 89.61409686928916
24836, 7.856976473375579, 7.0542481673916315, 13.581903509907162, 80.52420425984074
2484, 6.179487814577737, 5.415339677507485, 6.5265205010071075, 89.87914708401824
2485, 5.761289930939627, 5.119472209596288, 5.430923082296238, 91.31983654842428
2486, 8.589459666546942, 6.313221002213158, 12.459801494574647, 81.2403118709946
24868, 3.674313862272, 4.06112308081498, 2.4121178691898084, 96.31817892526041
24869, 4.050913459182237, 4.6862419572460645, 3.5434985968194574, 94.58497037729965
2489, 6.381270594295503, 5.339587053436673, 6.19828545853082, 89.99965571456443
24890, 7.287682661302982, 6.880007551811656, 12.276338018043925, 82.24003450630818
24893, 8.372867559938612, 7.060960339028364, 14.372096399535424, 78.86759581881533
2490, 5.378869257964632, 4.809528755314356, 4.473693261943798, 92.74830602721822
2491, 6.994707898444695, 5.754743085898625, 7.839542216512904, 87.45065981548524
24919, 7.282924035440418, 6.868345482027712, 11.996933439920323, 82.63855216428375
24921, 9.13263253763805, 7.576235362517423, 18.6528212735564, 74.0739519806604
24927, 9.8214122147174, 7.693904020498987, 20.975041743562702, 71.02227788030582
2494, 6.201031842211375, 5.4984419072236035, 6.543926821604384, 89.63771573544986
2495, 5.8038329150729755, 5.119646204714112, 5.392333958767933, 91.34336359504469
2496, 5.75583191880883, 5.117684935421283, 5.431250146127049, 91.35395478244604
24966, 7.999194216050806, 7.090002277676644, 13.977240145141037, 79.89183631096566
24992, 7.854209084412676, 5.950243805148932, 9.703631663808768, 85.76638599544442
25, 6.624721510737768, 5.379656003968075, 4.93706903181154, 89.94386198764451
25000, 7.3828859859657605, 5.741437384377079, 8.002859185132237, 86.93352394567549
2501, 7.296900506355587, 5.7431437876613005, 8.435764886080795, 86.82238815495565
25010, 6.338266301605009, 5.331941204648564, 6.3280640728866215, 90.60817251154327
25039, 6.446317710633792, 5.417373160418629, 6.680065318427333, 89.79022735837206
25048, 6.77166024921279, 5.250673881779465, 6.102877070619006, 90.18811047241884
2506, 4.99091604661041, 4.420971522186107, 2.5535732772007314, 94.69098312571172
25070, 7.563035047819952, 6.173330037371675, 9.87301986421926, 85.1219512195122
25071, 7.927125566946642, 6.1757368372621855, 10.272722727727228, 84.35656434356564
25095, 7.980616643268263, 6.027704076909608, 9.530910220565394, 85.04628766697732
25103, 11.532912027926521, 7.045992230403147, 22.99696887441187, 65.75846000723851
25104, 8.944827623268523, 6.902394786042337, 15.833197018203911, 77.75103404762461
25105, 6.471367674160139, 5.8345709605210665, 7.695763723855803, 88.73124534458908
2511, 6.331705172527, 4.8544815305953595, 3.233633836043474, 92.61268851630298
25168, 7.905215805464177, 6.212107825761093, 10.11458980260354, 84.17296849693737
25184, 6.188198084041963, 5.587091284652103, 6.635281140121931, 89.56299922192784
25194, 6.776913268372216, 6.1955933571741735, 9.404021450274797, 86.3411660491299
25208, 5.505370965063704, 5.028481316783953, 4.743198432436506, 92.4711734117115
25218, 6.306636513541866, 5.611672332532196, 6.819017338168812, 89.36360474936659
2522, 6.69910912576873, 6.1966509349365415, 8.56597744234179, 86.35618987264968
25232, 10.491574942441266, 5.828309176223588, 11.305261699080704, 76.21032937589504
25233, 10.248971537222271, 5.7516280581436465, 10.46683103297311, 78.36816516509597
25274, 10.472412120492255, 5.818367531998941, 11.23072546230441, 76.54054054054053
25276, 10.196563588802519, 5.91032942024459, 11.671117806843343, 75.92732087014083
25293, 10.71628996344671, 6.345049351570089, 15.981302002377252, 73.27649263966353
25296, 10.229398802436917, 5.910669883099442, 11.763297690431134, 75.721027792344
25307, 3.9641066527171183, 3.9229736474838215, 2.3613505018756973, 96.25773091351516
25320, 3.510308661254368, 2.96815889634714, 0.9581337221412205, 98.36442804574443
25332, 10.383941086532548, 6.98152041601456, 20.26815617838886, 72.1157236030319
25344, 10.657774065088812, 6.797117899499695, 19.33756815763201, 71.41713019341957
25354, 8.98021588341311, 7.161203891652273, 17.42338012731335, 74.82540084032433
25367, 12.618654269923463, 7.45488208835193, 30.33364713094117, 60.94314425203057
25377, 9.482399925871956, 7.4617666821899356, 20.647116875793035, 72.59551670661214
25378, 10.492130366134155, 7.204028584708668, 20.718797571346084, 70.71704782068555
2538, 10.209297772368185, 7.5389935009625635, 22.25938912983298, 70.76681738488512
25383, 10.211129945747137, 6.9044277054974375, 18.615547964176898, 73.5112178007571
2539, 10.557403294858464, 7.814842422389018, 24.678079078927436, 68.87068392900842
25395, 9.633449485018579, 6.897165615994309, 16.761594792514238, 75.77052727581612
25399, 9.811722333642814, 6.591173530469223, 15.611895354829583, 76.93178258541072
2540, 10.077760297823799, 6.207865167645528, 14.878293687891695, 78.18750504945581
2542, 11.821781062541163, 7.525231790692479, 27.9041571131892, 63.18740021367778
2543, 10.637164235301988, 6.988712822031129, 20.24912049525751, 71.22807453724998
25436, 7.128118403816199, 6.468183809810184, 10.752602081665334, 84.19268748332
25438, 8.895916394476568, 6.80803110030558, 14.478714248543923, 77.97269979785041
2544, 11.364748182507128, 6.724224563125652, 21.054586985537956, 69.76731385796651
2545, 9.765456963320176, 7.012710751872175, 18.423921507553338, 75.19856720137051
25453, 7.466587118670058, 6.27414621330273, 10.055583628094999, 84.77177025433721
25458, 7.771857261395565, 6.341190047762524, 10.87314506359782, 83.60179436705027
2546, 11.783361267885153, 7.72822725592942, 27.545988159079094, 63.779966784568764
2547, 11.887657060349463, 7.741639597974, 28.31451643286825, 62.64206864505758
25473, 6.768303134703373, 6.3273186479450345, 9.291456203030677, 86.04703092275471
25475, 6.538428762053384, 6.1460466683627795, 8.317770221504624, 87.08472533277777
25478, 7.770857702531735, 6.9496188457758805, 13.823817124028215, 80.71564639859959
2548, 10.04274897876013, 6.978702022357101, 18.56276189880543, 73.36543873913315
25485, 6.878167811236222, 6.402078158516315, 9.857903374294521, 85.5958051475003
25487, 7.3325670148132405, 6.708489626979239, 11.581333688941882, 83.35830437476957
25494, 7.360828109534499, 6.475685415094466, 10.977342477171979, 84.10468684878566
2550, 7.9954996836804675, 6.292038076383502, 11.217988953050465, 83.17537032387648
25538, 10.90340486016155, 6.849904483170673, 19.669738655712006, 69.24137185481473
25585, 7.743200459902005, 6.779788942223906, 12.867448594003042, 81.78829071992934
25604, 6.046803258958582, 5.355881044122658, 6.029738251152031, 90.42368612525887
25605, 7.845887527295758, 6.429755814687383, 11.543458218087336, 82.41974687788115
25607, 7.873349372449842, 5.932059886100329, 8.632511750930808, 85.75568172245902
25672, 6.017515079345719, 5.7797209230497595, 7.118711804572627, 89.06549214860206
25673, 6.09924170133341, 5.833532554619052, 7.272782415516079, 88.74583930426343
25676, 6.451814759271196, 6.083451815576817, 8.260532014873533, 87.30764515997221
25677, 6.54873621608071, 6.137358625872312, 8.48096126082772, 86.91951395572666
2568, 5.827037045505472, 5.23135464422211, 5.281476997578693, 91.56616688396349
2571, 4.587217584702273, 4.329083449272552, 3.1635401135037045, 94.93509946022169
25711, 5.67280121595988, 5.479452536966896, 6.078847969782815, 90.49175564756301
25715, 6.333308571478379, 5.87742411407288, 7.519705773165615, 88.19811964188588
25734, 7.563280434478498, 6.5169154354660375, 11.536164255716287, 83.40363975734951
25735, 6.181732190531474, 5.755875398134111, 7.152905623675709, 88.85946021049706
25739, 6.962361599912222, 5.842939224731886, 8.595095654460588, 87.06856879889554
2574, 8.329868047734628, 6.933340880678447, 13.831904193349976, 79.5497304533449
25740, 6.955156370266305, 5.840305554215334, 8.566232270895483, 87.10943633223425
25741, 6.928654175468876, 6.308940628154704, 9.9626031035929, 85.45715084579896
25749, 6.957450857836448, 5.855617799559051, 8.647041801488964, 87.00970720542972
25752, 6.977636260374375, 5.8493294190365, 8.624471251762495, 87.03195989346703
25754, 6.959879710553173, 5.8396567894410945, 8.572920065252855, 87.09298531810767
25755, 6.869107443094171, 6.252357902119089, 9.740909011174066, 85.72105180065606
25769, 6.80243569343944, 5.797769488643886, 8.2681094710301, 87.4704522771445
25771, 6.949336494548364, 5.838714687705893, 8.549592346851975, 87.1134492821902
25773, 6.971099452001969, 5.842815665755568, 8.581509310682783, 87.00294021561581
25775, 6.877265008234705, 6.287051803429806, 9.867578707357714, 85.61957379636938
25801, 6.998722274851972, 5.84278873358071, 8.61743417602014, 87.16956886604427
25803, 6.9476798060139835, 5.82436507285784, 8.491317924663889, 87.27412885271177
25806, 7.040716970084367, 5.859534615126761, 8.716357693682651, 86.84055972626525
25809, 6.875149355397996, 6.271478917907535, 9.719806763285025, 85.58454106280193
25812, 9.150195995417976, 7.126498928759745, 17.394859494671426, 76.09001789818929
25826, 8.68684874604335, 6.91575243356285, 14.761929852292885, 78.82835414581028
25838, 8.966762983343294, 7.572572042634799, 18.92116810410047, 74.07407407407408
25839, 8.414841826948628, 7.101035984671748, 15.313566852172286, 78.66061824814105
25859, 8.545738094652851, 7.147959623814194, 15.765567085296873, 78.09039626714952
25887, 7.730113183899836, 6.576225602960303, 12.010549999054659, 82.72012251611805
25891, 9.161761173453938, 6.9196473670862, 16.339863399533865, 77.0820772629514
25897, 7.884304171158774, 6.367437355941447, 11.811712058964547, 83.29400483223496
25898, 6.086066188629265, 5.79931252174913, 7.283994735511762, 88.96636480114356
25902, 7.96847310920425, 6.726177729924305, 12.939739237605139, 81.50554606586088
25903, 5.19352914706358, 4.74992707195375, 4.29550392779542, 93.41801771686445
25904, 8.289618180298884, 6.806259139374959, 13.75472358606576, 80.1012485526304
25908, 6.087518789798637, 5.800560035608652, 7.256297032054674, 88.98437753041901
25913, 5.361750155506915, 4.927455404503128, 4.48260111286438, 92.73108545801844
25918, 9.36405624823867, 6.7013384642989635, 14.806764057155645, 77.63215377894277
25919, 8.154554696307697, 6.4517901809897, 11.64070021022024, 82.0801980392542
2592, 8.438399428761727, 6.30032156504169, 11.126729385722193, 82.17819590481461
25922, 6.834176678068104, 5.854717792693899, 8.180041529253696, 87.75009160864785
2593, 9.13801980670512, 6.9962057685615004, 16.121865042377472, 76.85387900201592
25945, 8.450343255953168, 6.571177084958459, 13.58327074012388, 81.21877143137063
25947, 8.283266743645195, 6.600439449228657, 13.400356190656845, 81.48019348107869
2595, 12.309230986302447, 7.227762625852155, 26.50876361913785, 60.86846676140849
25959, 8.484760892527282, 6.592326571668033, 13.745704467353953, 81.07769836303153
25961, 7.494945975833253, 6.055597583887284, 9.821409565976287, 85.79684539900808
2597, 4.69115871700729, 4.3965637402737885, 2.5565434777481664, 95.1628499327846
25997, 9.535825459421522, 6.730484614865142, 15.932517701459467, 76.22224362988295
26, 8.745230733315465, 6.277790239271078, 10.931940925030075, 79.83311576953595
26002, 8.830817551162049, 6.396449155089715, 12.84297520661157, 80.32176308539944
26024, 9.15275305315607, 6.778083176307937, 15.117903822136489, 78.14296843120525
26026, 8.992594038467697, 6.505968653844033, 13.837243618120112, 79.98499827849098
26028, 7.312295811578611, 6.097935965328106, 9.691770992029323, 85.46510344218498
26042, 9.064097533450507, 6.733180988269069, 14.627106045589693, 78.07978196233894
26045, 6.728513643871053, 5.930195448056907, 8.072960333873642, 87.63251541743521
26047, 6.796575454413419, 6.117529055125231, 8.730871420768569, 86.79769299845398
26048, 6.546466416536281, 5.819884912616147, 7.6354153687320885, 88.3301589561936
26049, 6.631255392274138, 6.01813711058072, 8.296749195741429, 87.45712102091962
26050, 7.558386886386301, 6.182323709920269, 10.290925379305591, 85.09194068935417
26062, 7.56175202066522, 6.711935309237513, 12.217062749390868, 82.36519651117624
26065, 7.422204032401384, 6.463551426794589, 10.990813354246024, 83.61998655612817
26069, 7.420913971186946, 6.451854685484388, 10.966275580789478, 83.6606356792497
26074, 7.582210290221798, 6.67057747327446, 12.216959127283166, 82.38238777048122
26079, 6.842210609050254, 6.324521668902477, 9.980338750698966, 85.281119789318
26089, 6.784872471391479, 5.025211310059087, 4.902645415708182, 90.99162011173185
26092, 6.381903717164332, 4.828515083852913, 4.209620312591694, 92.21846208016275
26118, 6.599223528540575, 5.632195855608778, 7.2914525346379975, 88.63627019693294
26154, 6.600605338539576, 5.825771477222247, 8.170580669747059, 87.94002762825703
26157, 6.965377836624758, 6.049649590581153, 9.093726532607011, 86.33378231795264
26166, 6.97574298698376, 6.116668804896965, 9.432683158896289, 86.05019029495719
26168, 6.9616065032811525, 6.14086986522954, 9.46619555777627, 86.01068322685796
26170, 10.881010453233834, 6.648595088764345, 17.49426309276369, 70.33508344046233
26175, 8.299178852328518, 6.506821346007611, 12.352791760956912, 81.34554103357502
26184, 7.179793935506466, 5.8498949596790055, 8.022005846741708, 87.10609304145662
26198, 10.708252838901727, 6.6175620785895966, 16.796087192802368, 71.98961415373468
26209, 9.053345752598887, 6.701819395296328, 13.946233709922193, 77.39262399730205
26283, 5.640809474620013, 5.5489667084042305, 5.833504437296101, 90.86989254671138
26465, 4.831481261480937, 5.076278668875002, 4.771224906327109, 92.80774971821975
26471, 4.84505962853249, 5.119415291045638, 4.865347643772991, 92.61947652855781
265, 8.1252431185072, 6.10743829477501, 9.880445953505314, 83.87906698408982
26503, 4.822392026784628, 5.106205330439882, 4.831326097978558, 92.73721260039238
26505, 3.838847501009435, 3.983311526730469, 2.2066101556162505, 96.41509574380996
26521, 9.230308436903558, 6.434993969902151, 13.712803889789301, 77.93322528363046
2658, 6.849396720189276, 6.593120000631757, 10.880122430734964, 84.42796208889865
26593, 10.175276989147408, 6.962268217738666, 18.04057509802807, 73.86145365687334
266, 8.755215116068982, 6.1583310955846, 11.100375441696112, 82.19964664310953
26600, 9.462542001200335, 6.7574387348486775, 15.188172043010754, 77.11750501184618
26601, 10.284027788281136, 6.7185815783546055, 16.375419640276572, 73.46206007247827
2663, 6.6396244606773935, 6.284223203138894, 9.665334433739185, 85.97817116256643
26636, 8.710965944679241, 6.345330152230855, 11.623304425172337, 81.65888370024462
26637, 9.6252265465045, 6.836281586509043, 16.107072551111308, 76.14072518118532
2665, 5.859779760842997, 5.704617800051362, 6.843234806360356, 89.97821350762527
26653, 9.20076637337165, 6.5014275419461445, 13.125750349704266, 79.49906929100902
26668, 10.065772850575657, 6.674450171966062, 15.93684837652666, 75.5833581570847
2668, 4.926120274925727, 5.167579235976992, 4.97079237461135, 92.32907257937879
26693, 10.292978336852523, 6.665726436180318, 16.4738695075671, 75.1120204837456
267, 9.060494440268805, 6.352389902221834, 12.397487802346102, 79.74410879269179
2670, 5.894562307179501, 6.2114112186883474, 8.801588114350535, 87.67320766013093
2671, 8.328966422890147, 6.890724835750953, 13.546373120841206, 79.69002437087543
26718, 7.4815157891021755, 6.178198637953888, 10.279366658376855, 84.39028434054548
26721, 7.829531142452861, 6.596177472498373, 12.115999267115898, 82.01685633435801
26740, 6.63668435537506, 5.930319461627903, 7.921722433304736, 87.68027127507456
26741, 7.4875006039318865, 6.185925107412408, 10.303055190538766, 84.35241458607095
2676, 6.821320382595384, 6.596587256179912, 10.91516469857054, 84.4880360472343
26768, 6.400826939697187, 5.4801272043917795, 6.373640353667069, 89.63551936899688
2677, 7.03633526313666, 6.542548259989046, 10.961386799320554, 84.33556782334385
26770, 5.7566103988957, 4.930867334079755, 4.772245291884135, 92.31716763813225
2678, 8.148190851980251, 7.02042815817324, 14.035904528462076, 79.40076957837512
26790, 8.531250491174996, 6.158201073751848, 11.38084146163925, 82.8529140583297
26793, 8.516822143489161, 6.150252763853711, 11.353964484201136, 82.74481910571556
26798, 8.382207712774965, 6.041063689749381, 10.547770086109168, 83.5403651800574
268, 8.44927080204566, 6.2201165123789, 10.73215216258468, 82.5794684731631
26800, 8.059412682968869, 6.241624009710236, 10.768935081831488, 83.96487233696536
26837, 10.254325128636484, 6.745737186964162, 17.368992401065825, 72.79186815355769
26838, 9.565428075116234, 6.83154677193297, 16.367513540385673, 74.9234673853319
2684, 6.0730997086594565, 5.439042074408363, 5.826587981976953, 90.35248614378564
26844, 9.237221245097743, 6.223675689726645, 12.688269190511342, 80.06853163803837
26846, 9.921329269348112, 6.356070929727756, 14.61424764032913, 77.5589772237934
26848, 9.795940088336716, 6.8975536569370455, 16.846273480327813, 73.72960810050628
26849, 9.822145597239468, 7.062085866535272, 17.796580375244638, 73.0074650478724
2685, 5.842484053935797, 5.508951351034829, 5.912019889390634, 90.40032472474505
26857, 9.28514689943636, 6.276281729503286, 12.514293442844671, 79.24284713086031
26858, 10.04140333319978, 6.283489329994187, 13.990941117262205, 76.982090907975
26870, 9.404466447786701, 6.198725375186045, 12.437319368623868, 79.56673171454685
26873, 10.129329737719688, 6.2897325546145275, 14.103570990305558, 76.15044790771874
26880, 11.18056574337821, 6.895479826055736, 18.967785272467744, 66.00800470206275
26882, 10.759192930184108, 6.599503129286654, 17.492791974406572, 73.01236225759311
26892, 9.920919769538056, 6.316745501944735, 14.534151348325091, 77.12279555845852
26907, 11.07983143290632, 6.6071066932679985, 18.242959226565784, 70.94429196647133
26908, 10.93180051155142, 6.649236825202232, 18.16117767549759, 71.25158870201503
26939, 6.759616823939679, 5.985909838874281, 8.825473664941166, 87.39334275747744
2695, 5.680339412143891, 5.173267535132951, 4.8598112329282666, 91.74713531608086
26974, 8.431371752056522, 7.054330957903631, 15.29926536190892, 78.64708897283548
26976, 7.497854142554707, 6.709907787368935, 12.296138966851247, 82.59880148676325
26997, 7.175576725377836, 6.353624570525452, 9.931325061376153, 84.79198460619733
27, 6.767897911873081, 5.359563026990964, 5.360935540827554, 89.41375163131093
27001, 7.890693530407707, 6.720545625473171, 12.685915743620601, 81.50376704492487
27003, 7.618442954718658, 6.619580779885733, 12.103942462315997, 82.70688649737582
27017, 7.9271440405923785, 6.677883983740478, 13.002257336343115, 81.85904188612993
2702, 5.725166214261819, 5.208309256469153, 5.097475036880799, 91.47169627290572
27022, 8.323606364907159, 6.931449717753686, 14.432526909962656, 79.53887737461915
27025, 7.471369026705464, 6.712818313755541, 12.303285057621913, 82.64133986163252
27031, 8.497215901239903, 6.839786947158894, 13.574849526758811, 79.57586659683797
27033, 8.160665951009353, 6.734184711043845, 12.588476393158352, 81.15157247576259
2705, 6.717554634968091, 5.962590896755091, 8.186874117884265, 87.42270985953357
27054, 9.295738192117405, 7.4981761333415164, 18.90220763856336, 74.0470397404704
27055, 9.344342628508539, 7.361491442748247, 18.340404761010774, 74.27852663988284
27057, 9.327304160743042, 7.493767457243599, 18.964805797927813, 73.96784430823249
27061, 5.173142776342706, 5.210632485609042, 5.075051446556107, 92.29814792398014
27079, 7.8964541094322716, 6.285322798196121, 10.313973179550553, 83.88637161121028
27080, 7.344102438168707, 6.223532900775691, 9.459947528024806, 85.31329857916793
27083, 7.195577115197591, 6.10538024399173, 8.655239561633909, 86.24218820758989
27086, 8.373101103973069, 6.588324357956773, 12.338611958383822, 81.01888605690887
27094, 7.787034988344743, 5.647853956037781, 8.49234427560608, 87.33180605498202
27096, 8.413161672968961, 5.871834839779416, 9.694563699374127, 84.45016293384369
27104, 7.843947860000755, 5.770852151282852, 8.74631017257039, 86.39730926430518
27110, 8.78529696536825, 6.2726868945739005, 12.277759141227776, 81.66464531778185
2712, 4.979684807525281, 4.807114471865334, 4.180613201231758, 93.17847101352255
27128, 8.745959632058302, 6.022295473585742, 10.919033103374511, 83.2584630194128
2713, 5.777946827272, 5.011850423809929, 4.73037836406369, 92.36540986681673
27130, 8.454575228787553, 6.004231768736337, 10.154907404069172, 83.91318455492663
2734, 6.309396629151412, 5.5700565669602415, 6.393908904454163, 89.65597306605781
2739, 5.934381865469463, 5.21857967661614, 4.1858411193232, 91.43773532282806
2740, 6.600336418356343, 5.345747272035808, 4.969099336544579, 89.84595110424429
2742, 5.530504243771511, 4.969227054778563, 3.723180944384294, 92.64644143447423
2743, 6.936431161921269, 6.2391963293696495, 9.274482758620689, 85.8832183908046
2745, 8.395918110298693, 6.558555648583338, 12.74500105984597, 80.21620857768671
2747, 6.924531546748337, 5.148073252845692, 5.23338872853436, 90.68485961689845
2750, 7.385467918308784, 5.527617194579638, 7.105878911962563, 88.08569757238959
2751, 7.326307445009133, 5.376828713036967, 6.346122949742211, 88.88953802561818
2753, 7.736941063158981, 5.868283958643483, 8.774654224054105, 86.05575954602848
2754, 7.10705483779524, 6.168334457140699, 9.102100158122061, 85.81146331886535
2755, 6.323502819512027, 5.902327098762607, 7.536505423807929, 88.26549768130943
2758, 5.318556123510513, 4.704632949538011, 2.915610286128214, 94.16274296752385
27594, 7.537929213659048, 6.347358319486689, 10.74785184539821, 83.92450693181446
27633, 6.8911510131915525, 6.175589967262441, 9.746849812691567, 85.77250539221251
27635, 5.962746235435204, 5.343396194323391, 5.8671053877473724, 90.73714610358867
27680, 6.539451414943319, 6.0153901265049345, 8.11437233621864, 87.29733292323915
27740, 7.07398683406465, 6.171409544391378, 9.50492474726132, 85.73936222084973
2797, 6.539845596429304, 5.787815860222247, 7.386609071274298, 87.62670149178763
2801, 5.738517535118001, 5.271040900824241, 4.196690444291559, 92.05923887460622
2802, 5.6491812751297, 5.320687707743734, 4.280865200592207, 91.92034088036688
2807, 5.938468424539933, 5.58333083504802, 6.353025205345563, 89.85771479051932
28082, 10.300286621250189, 6.624832881923516, 17.69623532182272, 73.20623842604982
28087, 7.594546186085884, 6.127677298877444, 10.448420814619155, 83.93064534363856
28089, 10.468446521493929, 7.091672729900639, 20.759002696491905, 71.81966712272359
28107, 5.601875030672341, 5.231138432682435, 5.56379409420357, 91.43511223979091
28109, 7.97909511482458, 6.347464005435274, 11.093325391802852, 82.92570946407078
2811, 8.929464871028129, 6.761573804068216, 13.725659141823195, 78.34912976046873
28140, 6.46479110399378, 6.258777842751233, 9.114304345800923, 86.47119101960968
2815, 9.313251918099656, 6.868398293374726, 15.61434200993126, 76.30458216261111
2819, 8.706242023547505, 6.704214308383347, 13.200803867253272, 79.77404812340448
2820, 8.749676348409926, 6.718022995068132, 13.317721710228131, 79.58906179181146
2821, 9.38085799130098, 6.860873174467976, 15.371105599846727, 76.49895155882447
28216, 6.3252430594968105, 6.46358539551196, 9.830429732868758, 85.89198606271778
2822, 8.097890343934374, 6.41987304496338, 10.969995449800594, 82.69318273065495
28220, 6.548016490612052, 6.315038375613149, 9.258158854439746, 86.26073380171741
2834, 7.984138455855705, 5.495206155046717, 7.954297675635602, 87.05391536929629
2835, 7.146599022626743, 5.831779064412892, 8.418170458304237, 86.66066375096474
2838, 6.915142264900499, 5.849311956160149, 8.203530633437175, 87.11438259862709
2839, 8.370704868561173, 6.3062407174535755, 11.758068715824974, 82.31268056192732
28393, 7.111795490004637, 6.612739114735017, 10.913814211348773, 83.8427773741154
28412, 7.607757273654364, 6.902767456793687, 12.73589546805203, 81.52094771434756
28422, 7.909488993867696, 6.986757095765802, 13.479969661449356, 80.28092709882685
2844, 9.140062883898322, 6.313732775210608, 12.461807554355046, 79.32626311827481
28443, 5.773548098418315, 6.119595954329383, 7.980403152023138, 88.1784375645604
28450, 5.02402620790569, 5.526382081801639, 5.839399758831673, 91.2442499218436
2846, 7.561079278070185, 7.039929978964538, 13.2521673081558, 81.08471308272654
28461, 6.621136488984682, 6.37551189858736, 9.418227215980025, 85.83570536828964
28484, 6.5477732814644884, 6.361378112969148, 9.347074228823894, 85.96189600367845
28494, 7.851345191066357, 6.954837442078481, 13.29379343398035, 80.57552520169342
28507, 6.549791142341197, 6.37108052037196, 9.37918315138174, 85.92676324478687
28530, 5.8239492851823425, 6.097851521639557, 7.979620039788, 88.17749700071376
28534, 5.039739625158271, 5.50584946116878, 5.801799618262793, 91.29578574241827
28553, 5.718893519804347, 6.037943440282177, 7.6825737105766585, 88.61347446461669
28554, 5.0445648492995465, 5.508746257250654, 5.810571285733763, 91.28300686270055
28577, 6.779015021749425, 6.521012800914429, 10.15784843782432, 84.93273897186008
28611, 8.769330967721086, 6.859009841315998, 15.356260166036462, 78.62967109571389
28612, 8.812050663088293, 6.839622083179974, 15.40630252994872, 78.60608123922803
28624, 8.053435430801004, 6.324877678984716, 11.311123367403217, 82.81328842836523
28631, 8.46096281290611, 6.610361177939559, 13.126522542454664, 80.69269061937321
28639, 9.366391965534783, 6.612569536456673, 15.507195507195506, 78.04492804492804
28642, 9.448342796847966, 6.595873905377229, 15.58770812697514, 77.79232111692845
2865, 7.089459977656915, 5.904384103577503, 7.982673267326732, 86.46722430863775
28660, 9.036294371609014, 6.689086421735508, 15.208403487110415, 78.87810079694691
28662, 8.928850140285029, 6.740754816219651, 15.116517060904652, 78.96455269339103
28669, 9.033246233880817, 6.688426842528302, 15.192820081335014, 78.88842144626747
2867, 6.3159369018850295, 5.743100809882663, 6.935424314168423, 88.65527053150589
28672, 9.039204268916878, 6.681061267681521, 15.205884642328948, 78.89293220207053
2868, 4.572679324535071, 4.671285299746132, 3.1721210767340557, 94.05506534122641
28685, 8.82636720546484, 6.871214258281558, 14.97889858910174, 78.59344615002689
28688, 8.788746457285589, 6.849684468132666, 14.731376321396802, 78.78938331368046
28701, 8.482160079391665, 6.734144271420107, 13.908238481806642, 80.25665916388424
28704, 8.49434633823335, 6.738266882465348, 13.954949008920778, 80.21460963614298
28719, 8.48968749190677, 6.831314904242816, 14.444942162261864, 79.44718189244026
28722, 7.265199538966231, 6.329340422023532, 10.60299291814018, 84.74115667377552
28731, 8.761464781540129, 6.594872904853413, 14.342117990520661, 80.06788543892509
28739, 8.672618493279833, 6.642302151853916, 14.299628772007203, 80.15124784062925
28749, 9.077625057145074, 6.460049681699747, 14.147823570749452, 79.66392460005788
28751, 9.121873670451969, 6.491896458087493, 14.464732521350731, 79.26032382803615
28764, 8.918460452646114, 6.847269689384867, 15.529763528187724, 78.23570411224583
28768, 8.853114186839765, 6.850982164249457, 15.433148515250009, 78.4014409772885
2877, 7.284512456157038, 6.360669231520245, 10.226559558177483, 84.35891803690222
2878, 7.134285897586697, 6.238324692794524, 9.537622101318616, 85.23965568604086
2879, 7.3615365769003125, 6.509273191054632, 11.183620838771564, 83.48403126130235
28802, 8.804501319868479, 6.867403163371745, 15.442814061784043, 78.50345790309346
28804, 8.80388908915456, 6.869601079114204, 15.452964831624872, 78.51817086048918
28814, 8.318207157526519, 6.747585693033707, 13.785427670438457, 80.43972780614487
28817, 8.40557398037606, 6.822620535642187, 14.312385646540458, 79.78884283633919
28820, 7.2557939239598594, 6.657816128973314, 11.238005330324713, 83.98369818619297
28822, 7.2272979143281955, 6.674568607609625, 11.244653720102013, 83.96030830924076
28847, 5.634383840907841, 5.611162703552956, 6.199523866923819, 90.25433944069431
28853, 6.4295360618173785, 6.32507406524807, 9.16811469922295, 86.45092862139778
28867, 6.166895924198571, 6.056313857255677, 7.996737412700301, 88.11364679093953
28873, 6.336563483572485, 6.126135863166059, 8.189159955388918, 87.70280948938245
28884, 6.941361310352619, 6.368614743902317, 9.7622485577211, 85.56922606016649
28892, 6.988204871861002, 6.447227660366197, 10.080470421953025, 85.16397431880154
28910, 7.42411112115106, 6.763288200387501, 11.836819744625679, 83.11183913501499
28911, 7.379161107093633, 6.777095826395751, 11.900487003461832, 83.07457607228774
2892, 4.867193988871785, 4.89142204650325, 3.591605218377765, 93.70391378332388
2893, 5.654332436339592, 5.601037442838162, 5.7881829329215675, 90.1834779054453
28935, 7.224032843255903, 6.496741815284858, 10.447752783663166, 84.68872560068522
28937, 7.339807479961282, 6.5086808429179195, 10.537333868950963, 84.41861912494413
2894, 7.711577708522827, 6.004242884034468, 8.437173292645022, 85.05269701336498
28949, 10.077757385566894, 6.624752572259593, 15.83584976880249, 75.80447296404643
28953, 9.169563806840253, 6.358919426231143, 12.855551696468137, 80.06036145011198
28955, 11.21730881367004, 6.716700789370932, 19.588666929006273, 70.83169371079373
2896, 8.068555254300376, 6.758069793173642, 13.11571022074548, 81.42751100192645
28975, 9.224446243421909, 6.408632817930926, 13.138194682186466, 79.6131461828141
28978, 9.902472003945215, 6.362170594936408, 14.187701962253549, 78.03704397508547
2898, 10.417476010447004, 6.0600688744599305, 13.459818783197045, 76.3987200620576
28987, 9.745325000879802, 6.5313487186652655, 14.934543220379034, 77.58636986625078
2900, 12.343544862781272, 6.893437176594894, 24.60301357282445, 63.05543393526478
29010, 9.893551403255069, 6.72773860840127, 15.947748304222001, 76.10926186472668
29013, 11.104961540243343, 6.783333646320698, 19.908614626444344, 71.14542714289132
29034, 10.830486024460368, 6.789492124633779, 18.920227146618185, 71.85105604287924
29045, 9.53370671411205, 6.516343414803247, 13.780709685340833, 78.69492906495216
2905, 9.245139519512682, 6.378204000118329, 13.326239359038558, 79.89692872642297
29068, 6.532772106611493, 5.6946192689189195, 6.539640184285685, 88.6593424920261
29073, 6.882525134085217, 5.834169207611504, 7.607249750581975, 87.33164283338876
29076, 6.237214023396722, 5.969268175114835, 7.428595779134308, 87.94677575718836
29084, 7.579061227764114, 5.848338513279774, 8.850365879365206, 86.11164088614075
29086, 7.472965908557645, 5.715819199558796, 7.956357364193384, 86.964369879361
29090, 6.367605299685338, 5.635920927735386, 6.784748460845049, 89.28920769481577
29105, 8.260086359820273, 6.0089729633148234, 10.131323736142498, 83.93152659394629
29107, 8.662748350027522, 5.95418000048025, 10.800543222588118, 83.13080835426634
29109, 8.84705012082924, 5.935391039589981, 11.176847387057169, 82.59817440970801
2911, 11.147272047167409, 6.513868354917632, 18.43467494903568, 71.31589339651842
29120, 8.89418112391295, 6.08902297757523, 11.79338214406803, 81.93697367335905
29123, 8.215470808597162, 6.100671045221762, 10.46610325866332, 83.61626748348525
29126, 8.870882308039478, 6.050623060706754, 11.68241445738923, 82.09522062196129
29132, 6.436171556917417, 5.804251683089313, 7.633353476638562, 88.31208694234218
29135, 8.253395922147753, 5.767010844425714, 9.217335373400513, 85.0854196918459
29137, 8.209026637855295, 5.8459370247574585, 9.364458640556435, 84.69009025145029
2914, 6.0132696949972555, 5.388177788464803, 5.943017320726299, 90.35017990126349
29156, 6.744331937889969, 5.936163912823343, 7.7432539427788845, 87.21512486358091
29158, 5.529090789343757, 5.020844117056058, 4.432852548994962, 92.52322743508364
29159, 6.539073255293124, 5.597858971924147, 6.325537093872367, 89.18509895227008
2916, 7.7081935654835245, 6.13006196523292, 10.26690884462642, 84.57346919927346
29179, 5.697428032603696, 4.903370452627541, 3.614924654163133, 93.29793806875897
29182, 6.120047035243231, 5.487227033940317, 5.483361415332771, 90.33803706823926
29184, 6.440079119453232, 5.45365993079619, 5.856152567359869, 89.9177148353774
29192, 8.43662379218284, 6.757374533452986, 13.820526706380248, 80.24149066329703
29196, 6.324462699763075, 5.58656561665464, 6.510837066684498, 89.54311423576948
29206, 8.019321492846235, 5.757505588673878, 8.810506641612777, 85.72827857792525
29211, 7.542390728787435, 5.711910301584134, 8.163338665324682, 86.7215442405507
29216, 7.058236896134632, 5.558266564901886, 7.462905967201065, 88.40369332537094
29219, 7.5823871536320855, 5.830013779874284, 8.969538931406781, 86.05720715491297
2923, 4.946974827961588, 4.6951013771139, 3.2719506066480006, 94.14889798262618
29230, 7.564138620308376, 5.713377811811365, 8.123664032318162, 86.6667974035652
29231, 7.470444823700661, 5.636202724609718, 7.725468062745709, 87.45767000116771
29235, 7.701645644116306, 6.073375851491213, 9.740155015226403, 84.99748598317032
29254, 7.087800068010498, 5.867098659176901, 7.53452434313035, 87.24360205758683
29255, 6.455377845273501, 5.487625230231324, 5.849123836673095, 89.62647773958246
29257, 7.134544275553187, 5.8960364984513784, 7.712393325690995, 86.9326625058379
29262, 4.220470023976438, 3.9692225023735968, 2.3023978037169366, 96.23341348728084
29270, 4.035196619178572, 3.7921815598667794, 2.0356259776959176, 96.65640611596105
29284, 4.415350094849495, 4.242913244409318, 2.6202930410120024, 95.25010549868985
29291, 9.891684132524553, 6.239061958095995, 13.93593262922812, 78.2999115991253
29292, 10.081906550608176, 6.586587057905401, 15.652699435938757, 75.09480020856046
29300, 3.9348623750295446, 3.664936068242408, 1.9081723746145105, 96.86739165719851
29311, 9.764721235881414, 6.549844733411357, 14.281315974665729, 75.81918543279382
29314, 7.860570157909404, 5.949941248333515, 9.560731897222944, 84.7791763993425
29321, 4.431765634232588, 4.228586429578792, 2.609356944622769, 95.3333794234131
29336, 10.325838466892758, 6.714172061940694, 16.58384466106543, 75.17919840263833
29338, 9.293178604116376, 6.319779366677604, 13.302041612632982, 79.87192581796482
29341, 10.106799741118696, 6.263677754902097, 14.527194529961834, 77.81659690753744
29342, 9.587602559192494, 6.19881666638153, 13.212576976357054, 79.82957521856046
29355, 9.76956079694241, 6.508230710189178, 13.70406466777504, 77.19085019778707
29356, 11.194685332688094, 6.308022951967286, 15.527454616984206, 70.0061822064857
29378, 8.733658502836175, 6.534604246935933, 13.138444449191464, 78.9727212526435
29380, 9.667595885736398, 6.383694086950822, 13.930051420016923, 77.26454188453276
29387, 4.291498195932801, 4.119030194567753, 2.5638565315012762, 95.5775393885893
29399, 4.254287023341337, 3.9617770542046546, 2.305904784603468, 96.2471945818189
29421, 3.8826812332165055, 3.650014091447099, 1.924218789312132, 96.88220198258945
29424, 8.50924100953994, 6.241541953470934, 11.860338901284448, 81.44485316287765
29425, 9.05555931669397, 6.182482265978224, 12.516681009216649, 79.9403848792108
29426, 9.719630307295587, 6.638877026517539, 16.25749106108677, 75.8510852596062
29443, 9.163054151981152, 6.569767813484895, 13.827417012967505, 77.37195213538277
29444, 9.450125192518206, 7.204241128673591, 18.178396687993978, 74.57075000324453
29445, 9.782792660400276, 6.656249189370778, 16.05370036101083, 74.49937951263537
29449, 9.825828106931409, 6.851050774094483, 17.24587422218943, 73.76472613689467
29452, 11.858694576998047, 6.9794018501937884, 24.46547369170017, 63.37234812100514
29458, 11.953941997766973, 6.815043065297634, 23.36806556566863, 62.791208489491105
29463, 10.68143480771556, 6.892232524696036, 20.090837521952402, 69.88070005450251
29469, 11.255518445565457, 7.100497028189285, 23.190932868352224, 66.8290681573414
29471, 9.376199195678323, 6.9479360671879755, 16.33574396503386, 75.06218279585353
29474, 10.696020836378661, 6.913765427029065, 20.0506154377085, 69.35848767207332
29476, 11.780193512254703, 6.98142007841784, 24.305942826661493, 63.68353417549645
29478, 12.100681022504364, 7.067611076097799, 25.816669210807508, 61.919299852439835
29507, 8.257103110438495, 6.045519799986612, 10.718273634025469, 83.15914936327708
29508, 8.445819875840254, 6.192049527760096, 11.675568696647431, 81.87085697935046
29509, 8.235025449261686, 6.026627551484327, 10.527173981210883, 83.21396766465564
29525, 8.897043098610096, 6.265871169991465, 12.804081532053335, 80.03351982845734
29527, 7.9704182010110936, 6.138975785345209, 10.813656382008912, 83.65111770219433
29529, 8.775864584964978, 6.381046569747646, 12.770668657792426, 79.27212338113752
29545, 10.317014411669538, 6.9923629354191945, 19.66791445020906, 71.15978196624417
29547, 12.104426524492002, 7.533742915419565, 28.422524933106303, 61.66504500121624
29561, 8.815668251031537, 6.326199628661131, 12.959869848156183, 80.32646420824295
29562, 10.961495089701197, 7.293501307084463, 22.54707237626122, 68.39709904777037
29576, 9.014786721224114, 6.921275180694772, 16.68732953136623, 77.39895859161913
2962, 6.775251950540211, 5.851668967075013, 7.873498498498499, 87.79627842127842
2963, 8.103042217511453, 6.188468097814641, 10.485630654603513, 83.66551357104844
2964, 6.530315067823154, 5.7355564760802284, 7.3062355287284015, 88.25969993441922
29648, 6.0674223348211465, 5.65257474010745, 7.2068944998710744, 89.20007140448658
2966, 7.981808588553262, 5.97846004548699, 9.32030126759263, 84.96300106841834
29660, 4.951629401363491, 4.619743238036082, 3.796995988431757, 94.00026951104476
29661, 4.197833048241493, 3.9216422917155533, 2.338372632991074, 96.21072184097828
29662, 6.548266073084114, 5.963036086248285, 8.441493006570196, 87.86226772542223
29667, 8.44121148162364, 6.588943809417657, 12.698169898934717, 80.97568970226715
29669, 8.342082804535016, 6.563802097068565, 12.452548587002369, 81.35254101640656
2967, 8.887015312711924, 6.382960149841868, 12.864286946025178, 80.28439916696513
29674, 5.599963518820421, 4.930932632251682, 4.5998806885972385, 92.82746718936424
29676, 6.096576292344742, 5.683960390957572, 7.06513778744952, 89.66960306333829
2968, 8.460375088333985, 6.541145104051093, 12.711750470556602, 80.96262436138747
29681, 6.473246497967771, 5.942370280502842, 8.250240204974912, 87.95665634674923
29682, 6.9423240932703525, 6.178159654855324, 9.770034424785846, 86.17904891521896
29683, 7.179472732985223, 6.147047982218301, 9.805031782490252, 85.71337001228568
29686, 7.0400335759959765, 6.6922118794867025, 11.814135446398275, 83.82766811041695
29691, 5.691094512549659, 5.634316806146671, 7.023935440905708, 90.03995769185569
2970, 6.223963595461033, 5.521053706646539, 5.792697402782394, 90.09781112007977
29705, 6.873973262119112, 5.821754324129994, 8.429955805866495, 87.45628188040526
2971, 4.938740572787873, 4.4722044913802, 3.286735432500905, 94.6729098805646
29715, 7.412457578465529, 6.096890332595141, 9.400240420437724, 85.3721052683867
29719, 6.959932167565442, 6.026314499959919, 8.407799395821451, 86.70279062889495
2972, 5.625134026836033, 5.0755651802014725, 4.607405078923143, 92.22219727417654
29722, 7.166128061076483, 5.971813426719805, 8.597323848601395, 86.43283374221954
29723, 7.594363541719026, 6.018088495420127, 9.292635864379466, 85.17419053879264
29729, 7.388142653399635, 6.288769855065995, 10.641461796863299, 84.71981513575967
29730, 7.35214488786105, 6.240195280209835, 10.373324210481302, 84.94729414783296
29740, 10.258148348805156, 6.515850914167027, 16.605947097005927, 75.81265874746646
29741, 10.14919233598707, 6.49794475516091, 16.343035849322618, 76.44095820356058
29743, 10.222127661160028, 6.533232730715843, 16.62382396791939, 75.81615341113567
29744, 8.837356531662222, 5.89872792882184, 11.011179385076609, 83.61539253715972
29745, 9.026697259619034, 6.325019267696136, 12.478862685932421, 80.91110683583268
29746, 9.176201637829763, 6.326732584828809, 12.73118411125385, 80.38987785730308
29747, 9.006049813636267, 6.342810417167248, 12.540392236561326, 80.79869931917489
29748, 8.75364063860206, 6.4375409579859815, 12.783849113131108, 80.76975453647907
29749, 8.72420457483327, 6.378931072720932, 12.51768395575176, 80.95416659564675
2975, 5.309260958158424, 4.852168285840957, 3.8561785738154115, 93.15199714852191
29750, 8.726440138221284, 6.442358153565952, 12.804182347632104, 80.75200517684723
29752, 9.50517340835206, 6.527517650779362, 14.891380984688244, 78.0061459871493
29753, 9.249962997049916, 6.624526094624831, 14.703838340639367, 78.07655297765422
29754, 9.590393679895724, 6.539827159042103, 15.120476310987385, 77.4178510063002
29755, 9.542646382773876, 6.521827169202053, 14.929768015598267, 77.97275609141433
29758, 8.775741153285244, 5.97685960787198, 11.063149074473758, 83.35576263870198
2976, 6.27479641699776, 5.620150572227708, 6.493747105141269, 89.18943955534971
29762, 8.95416693272029, 6.018410419491615, 11.402194341443591, 82.79829328998831
29763, 8.925460453720598, 5.695110432109036, 9.98594064673025, 84.57144304695318
29764, 9.491864025110177, 6.499119550877691, 14.80946576213695, 78.08326266694932
29765, 9.510928368778664, 6.525041798095313, 14.926598096448378, 77.72129780389977
29767, 8.793860900050783, 6.254139426061989, 12.176282903483116, 81.49295400159532
29769, 9.762157544707504, 5.9827763365442275, 12.443923533928789, 80.12636570612564
2977, 7.459541282333388, 5.847077198618341, 7.594907353725564, 86.56107233134668
29770, 9.765545557154358, 5.980047670322107, 12.454725390135858, 80.18419529009412
29771, 9.786538443488087, 5.979779913973163, 12.483299369762076, 80.2291528900525
29772, 8.891830577218162, 6.297627785013712, 12.381126183668917, 81.34517509175335
29773, 8.991271335478979, 6.321438198353566, 12.6004953711223, 80.9028341724866
29774, 8.656456202444623, 6.039506989380008, 11.33512052561032, 83.21650662506318
29775, 8.839986106157095, 6.280891154781125, 12.257272939291617, 81.58367048945944
29776, 8.825467986538872, 5.995612903618855, 11.17286462837666, 83.16757389225212
29777, 8.90564880010961, 6.025806412776567, 11.36311540126837, 82.8413519089219
29778, 8.893171326693098, 6.018145497758, 11.3273434015166, 82.90830306506085
29779, 8.87224204540322, 5.99004761947112, 11.166534840405175, 83.14750082922971
29786, 9.267195770420813, 6.494673186438058, 13.855203488793267, 79.01218469741093
29787, 9.108204153246811, 6.467393664563406, 13.503346958118595, 79.84420354244418
29788, 9.093046412198595, 6.446104291551604, 13.464931308749096, 79.89587852494577
29793, 8.572316865171624, 6.14575786148928, 10.47658329896134, 82.20405714499981
29794, 6.619784626838601, 5.16659561758574, 5.254522507362221, 90.62263357172907
2980, 5.2568474693757254, 4.743838353634884, 3.754226145755071, 93.54573628850488
29804, 8.209525844459762, 6.688637929871584, 13.173024165652809, 80.74381545361292
29805, 9.3887574257668, 6.811957796402965, 15.954605334719185, 77.10808426294098
29807, 8.956838184596549, 6.594248672894231, 13.634623238717584, 79.10327751684704
29808, 9.451576072290075, 6.820914824155226, 16.111599244129366, 76.84123105809853
2981, 5.2595732915286915, 4.645907568957755, 3.562135486765366, 93.54194706146254
29810, 8.57455784016376, 6.990277686693501, 15.301453500959857, 78.88887285114244
29812, 8.593047240096437, 6.621467981029124, 13.708355310989779, 80.95285614495275
29814, 9.320777373899306, 7.109848227855902, 17.2404268310412, 75.83519902305702
29816, 9.029542995556861, 6.672223135649169, 14.901169364649977, 78.75821203143116
29817, 8.842318324411194, 6.596948476087187, 13.98279085032606, 80.0696356968564
2982, 4.815945889637928, 4.417899182540809, 2.821591701730306, 95.00708773035123
29820, 9.349532537842988, 6.800806320678067, 15.79055194022656, 77.29934924078091
29821, 8.533423134267883, 6.612496038070737, 13.21659697031779, 80.31188613986671
29822, 9.221247180470158, 6.729727880482445, 15.179957402259847, 78.05855384282155
2985, 5.197450084256999, 4.775109775042924, 4.016192345436703, 93.33905789990186
29851, 5.924484335275786, 4.773680367135335, 3.391597973979541, 93.08272916873572
29852, 6.3635609761770615, 5.369644979426714, 5.203231073300678, 90.06187161639599
29854, 5.870830419695814, 4.71978117127816, 3.086235982931428, 93.34623399821376
29855, 6.641689011608805, 5.546050938094772, 5.8143547273982055, 88.91045548654245
29857, 6.124126801693278, 4.951680745223999, 4.03025176634491, 92.06886257339039
29859, 6.613406321059311, 5.469783504526283, 5.738024146436453, 89.45865247306244
2986, 8.645468815378539, 6.334365032567435, 12.223930853461304, 81.03242569663547
2987, 4.843796410291497, 4.4201312926722744, 2.897964398262499, 94.86840984583937
2988, 5.215742657693581, 4.712313602789485, 3.5119287029784707, 93.96684942526302
2989, 7.568303398061956, 5.949574757997208, 8.894519445214247, 86.16202805600643
2991, 7.407679093395253, 6.321842347334294, 10.658641625729299, 84.00742799193985
2992, 5.501722664728343, 5.032723387369078, 4.950518434540259, 91.8491225583977
2994, 5.510199107649435, 5.106478528133448, 5.0975527235818205, 91.89353783692343
2995, 4.984241196303491, 4.743385565939495, 3.5769863500955936, 93.97981414788138
3002, 8.622082711275219, 6.409014565682076, 13.03276991314393, 81.22404943276555
3005, 7.232058514213622, 6.073363914725424, 9.353218916285693, 85.83312812496654
3024, 7.712168532651063, 6.079912901134978, 9.80548123508569, 84.52888856750307
3025, 8.248860055051564, 5.9636054434650525, 10.279355168608875, 84.22235379605458
3026, 8.855233104278666, 6.266004822060844, 12.590961208804933, 81.3672846163452
3032, 8.960193428974383, 6.588707007338071, 14.027722575516693, 79.36953497615262
3033, 8.707126460632905, 6.411629219859458, 12.721282298475522, 80.72208744292479
30373, 9.560311159266144, 6.713700566775206, 16.10419136790896, 76.14012785566733
3039, 4.933909350345825, 4.64639534152439, 3.9408141403320838, 93.95956079271559
30405, 10.396655614801388, 7.074072983035369, 19.40321114813693, 71.27974687805042
3043, 6.470519009499769, 5.239676384133919, 6.087551299589603, 90.55217012809352
30453, 7.851671426168665, 6.2952917135962805, 10.545926406525165, 83.21067754194087
3047, 6.0452517457540385, 5.190002780777951, 5.766739508773766, 91.30082045511051
30475, 11.051281293454196, 6.4524089926794455, 17.871278472763112, 71.95561984390648
3050, 6.566613899964087, 5.215611866384856, 6.094217503974762, 90.67214161419146
30507, 5.4213178086314375, 4.60177226886132, 3.700625236657154, 93.96281827501177
30510, 6.979134600863385, 5.917054771562734, 8.408530364412572, 87.05884683578157
3053, 6.142739702588914, 5.820079505014983, 7.637873152520651, 88.60239319096772
3057, 5.253260735687804, 5.406324890260899, 6.036177742823437, 91.19765041289816
30602, 7.7021766510549226, 6.800051844459093, 12.351559730591989, 81.66319567529246
30665, 6.9472756409520775, 6.239207748666361, 9.468130614572937, 85.8581316017506
3083, 5.181895167938593, 4.503882975754307, 3.542280904157587, 94.20800752040337
3084, 5.3574250218296715, 4.763420512149406, 3.954211204609203, 93.06041998332196
3086, 4.815198638064492, 4.699892377200578, 3.854166666666667, 93.75496031746032
3089, 3.9243903797389725, 3.604608592871694, 1.3226005603837203, 97.21945196371753
3090, 4.192429479531156, 3.836819054460195, 1.75456832214207, 96.817246325593
3091, 5.524598569796169, 4.832327636973509, 4.021672931936073, 93.3406136463868
3092, 6.913726651100628, 5.393223089479918, 6.120632094369018, 89.17204540396172
3093, 3.5031827891099105, 3.336162959516829, 0.9773596253812777, 97.9615070670619
3094, 4.10828935020868, 3.370997288518388, 0.7926023778071334, 98.10540221094347
3096, 5.6154428979494195, 5.11875109405249, 4.8065977465443135, 91.88291323034035
3098, 7.165750212876141, 6.606959583603485, 11.043088626061586, 83.93598360513381
3099, 8.68619041185109, 6.8823799408251585, 14.134642209513181, 78.82985772074208
3100, 7.25422437555469, 6.519979933760924, 10.579259530217126, 84.1838023323666
3103, 9.181181200882916, 7.003359882954657, 16.10787741045637, 76.37904561975728
3104, 7.071476347688234, 6.575854027380544, 10.74584477463837, 84.40304189014637
3105, 8.98700065661354, 6.87090003473537, 14.834892321078966, 77.69849902110072
3107, 5.120318026668119, 5.242505652942933, 5.065677735014101, 92.1825576140985
3108, 5.633353652222532, 5.671322911519848, 6.425470784797477, 89.94566066019175
3110, 5.112112413802218, 4.95310709063953, 3.8070944599442007, 93.23555201275408
3114, 6.7747142446514586, 6.268123327394056, 9.447194163104019, 85.99981119098032
3115, 6.891456279495996, 5.697721449939682, 6.646012931034482, 88.23410560344827
3116, 6.76894050568907, 6.304961958224961, 9.616269315075906, 85.87936026844912
3117, 7.599941429857891, 6.801761713580182, 12.386698255273028, 81.96763766461724
3127, 6.986238822743996, 6.716767660817622, 11.230615307653826, 83.78633761325108
3128, 8.240933949905823, 7.191293546473358, 14.805485323282547, 78.45252977169551
3138, 8.181445665341395, 7.039112933225383, 13.943422044737355, 79.32828804676663
3140, 6.643142014535668, 6.484865020579485, 9.909695817490494, 85.40304182509506
3150, 8.320311971537654, 7.149210238274045, 14.66214839916301, 78.24843064274208
3163, 9.393726782956838, 6.295364407411315, 11.304743299533836, 78.09027670108634
3168, 8.410773390869002, 6.3484073926661875, 11.704723632700954, 81.24253657726135
3169, 11.318884860536262, 6.911361378538368, 21.48081803254217, 66.56447001274589
3170, 9.220026896638476, 6.635769097044629, 13.717498094350807, 77.48157872448547
3171, 8.821232110180775, 6.029791834382025, 10.050664392078678, 81.86564173183841
3172, 12.042590216664346, 6.721716846359825, 22.700745109074667, 65.26250107055903
3179, 5.010885498588606, 4.449138353325121, 3.865270953499964, 94.03688670512
3180, 6.492299021947218, 5.505834393895751, 6.735846578221463, 88.87954814133718
3181, 7.104789198706012, 5.739893748139672, 8.005049176878977, 87.40993004786199
3182, 7.07938387267431, 5.688650558087913, 7.593855440554662, 87.89168719124159
3189, 9.668196952857784, 6.091607023483774, 12.11209827035872, 80.89904472177089
3195, 9.43862402323511, 6.008436368111874, 11.48703799505662, 82.10611024889349
3203, 7.8983219072585555, 5.439852773178275, 7.024307449839365, 87.81839122264654
3205, 10.623195536838077, 6.429317597285593, 15.6347238428627, 74.8346946713341
3209, 9.449806662136186, 6.521394167822799, 13.800057620282338, 78.29588014981273
3211, 7.614733212981081, 6.970583681297671, 13.279024161620148, 81.55934335647949
3217, 6.3015193582682, 5.5041709063692785, 6.156957591426546, 90.10049622617906
3219, 7.962590660039696, 7.101461076230218, 14.2602727019757, 80.03710230961877
322, 9.48843456499586, 6.958372561992658, 16.523330283623057, 75.47666971637695
3220, 6.090360325274806, 5.942741211801036, 8.01431281255389, 88.33247111570961
3223, 5.221243096224639, 5.106023117158905, 4.934956594280352, 92.39465749020222
3226, 3.8217660389365156, 3.8721840619931296, 2.4876771410967344, 96.26206613267611
3229, 6.345981768856159, 5.76073046996428, 7.406001699683991, 88.47927788183071
323, 4.591117123332212, 4.851074751494273, 3.3906191369606002, 94.00375234521576
3230, 4.71952338912926, 4.880498138931938, 4.2992605480643755, 93.08220965637234
3231, 6.31711045619335, 5.791438574169472, 7.35864346522834, 88.85442172128649
3232, 5.617462898060062, 5.362809889324827, 5.655127619983849, 91.15525050029842
3233, 4.848181744546007, 4.706716665617343, 4.304273791755135, 93.63240766045114
3234, 4.855562833194127, 4.968780670968231, 4.6485299667227, 92.85138426704175
3235, 4.392313617218836, 4.495675748800472, 3.6043971226997575, 94.50359662530332
3236, 4.295481924962266, 4.711577587278789, 3.951610046406178, 94.09383966842609
3237, 4.533592595687748, 4.628131547821486, 3.8865788372708563, 94.05913542404863
3238, 4.6379650679142195, 4.662875284416786, 3.828869315117742, 93.94297355828904
3240, 6.843294139737228, 6.054809606722736, 8.736762126314407, 86.9586424906432
3241, 5.850548563356098, 5.401026880498935, 5.882257343680169, 90.84792589282087
3242, 5.138777152227464, 5.2767936768424795, 5.5929162946519995, 91.55164928777963
3243, 5.073267176580877, 5.168726195966871, 5.228146169880146, 92.05315268368942
3244, 3.935394645678543, 4.073654730857854, 2.6546277616493628, 95.83886893339239
3245, 5.011584032868751, 5.046621354506025, 4.734658728647252, 92.79533655159851
3247, 5.425601022580619, 5.247700929173056, 5.443149212802677, 91.73416341094135
3248, 5.847327280063133, 5.504461404501795, 6.03687498935971, 90.46034151075095
3250, 5.865600940901052, 5.51510760070404, 6.0624449781622065, 90.40077265617656
3251, 4.308012970842545, 4.426941342672297, 3.5500285536510314, 94.74442351457088
3254, 6.379361189845969, 5.731925378426031, 7.367821594229214, 88.81497499215925
3255, 3.517774318181402, 3.257775354644496, 1.4855473418618033, 97.65039174892657
3256, 4.237799201830007, 4.0861007014166, 2.6416940387168917, 95.94660703054022
3258, 4.887759654958777, 5.018686781576419, 4.728707259256668, 92.7591123395992
3268, 6.596709787799162, 5.865374944422363, 7.654327052985827, 88.04686924267361
3269, 5.774957093218324, 5.572424788789642, 6.502296350012086, 90.24482889602542
3270, 5.188881954686756, 5.102126175440794, 4.910856896179581, 92.41787178933735
3271, 3.7686190210782113, 3.422933117346396, 1.5724803119308417, 97.38176470085251
3272, 5.694164343158248, 5.046629468348415, 4.742377001532526, 92.24858637636738
3273, 5.635598041626468, 5.475479007725004, 6.209413453291559, 90.71432322206859
3274, 5.280578423266818, 5.051133775719293, 4.856141952817019, 92.30445051230498
3275, 4.494471421115809, 4.692793358326884, 3.744791575098015, 94.09184409008597
3276, 5.367148896976184, 5.130567803308374, 4.962075391506195, 92.13718246313793
3277, 6.222679021756746, 5.768712484201249, 7.189479047873244, 88.75354863756581
3278, 5.519726749551367, 5.509148896972373, 6.480961565065957, 90.41120415354443
3279, 5.258128166789051, 5.031598924863332, 4.757479542579829, 92.67404940757376
3281, 6.133662293678178, 5.452023362898629, 6.4901733902891, 90.08117066720025
3282, 6.006776917957598, 5.543440527904508, 6.230298854534493, 89.9526311256567
3283, 5.430766689330941, 5.2568596033357045, 5.8049593354391025, 91.63827194269655
3287, 7.013885513866079, 5.592285126854354, 7.777084632979829, 88.45913911416095
329, 5.108807071682782, 5.126523354689185, 4.721809038107381, 92.65388156962743
3291, 5.903586082314529, 5.665514996971036, 6.0616233283129795, 89.85283710464715
3292, 6.36269871169663, 5.959079432583796, 7.588267474645457, 87.59752556495391
3299, 5.359022808692194, 5.476370388812969, 5.592982773432201, 91.04489759008906
3300, 6.014827496825125, 6.193508677662326, 8.443310057535042, 87.58813787922763
3301, 5.597217655167295, 5.434909232277326, 5.536401286606261, 90.7267643534383
3302, 5.92796112356131, 5.6570835821926675, 6.175925382273257, 89.56979055703273
3304, 5.8257966229702065, 5.994669577372639, 7.546333773592945, 88.46661838012866
3315, 6.306943914947579, 6.018876698053732, 7.925420547252907, 87.60558804418453
3316, 6.181833880310421, 5.921365255770884, 7.1866591313589705, 88.18587467208759
3322, 8.179683525245286, 6.878795576475721, 13.420224174911782, 79.7516086625614
3323, 6.14337653411958, 5.742252871901759, 6.553447228037005, 89.2649740022959
3324, 5.2173302574873714, 4.977425247586549, 3.4271783211045737, 92.50334044398602
3339, 5.064291463771123, 5.067626542121406, 4.37118776238343, 92.77557604178907
3340, 7.431898663443607, 6.607047741127713, 11.50593584238444, 83.07047234150038
3341, 5.004865976717249, 5.082882157337685, 4.472715461238631, 92.79991338241663
3342, 6.144834224158259, 5.828066064531366, 7.380293223114716, 88.50113078062856
3348, 5.61051167695115, 5.553937243028057, 6.172527194535796, 90.07557551226917
335, 7.3757775349664145, 6.09563783700996, 9.646812655579206, 85.07521916375049
3350, 4.19351902884843, 4.310691589652002, 2.5328861399076574, 95.496123355693
3352, 7.472146200797572, 6.63632084580326, 11.690854409301012, 82.84621439961246
3353, 5.667216879897787, 5.7345662448398995, 6.680586798118629, 89.80529754280978
3354, 6.352361065450334, 5.8980923490912565, 7.729336255479023, 88.03713994990608
3358, 5.579892832661597, 5.519495678101609, 6.0346465670129215, 90.26475804408412
3360, 5.164318279398379, 5.267203008036538, 4.975324477683327, 91.94403982868448
3361, 7.464234810624947, 6.620552949817229, 11.643270024772914, 82.93013630200528
3363, 6.1991599959717565, 5.828111279070569, 7.463262198136904, 88.43377306619726
3367, 5.570996585072123, 5.501972656967384, 5.9956902015464575, 90.32355178096083
3369, 4.171511058359612, 4.340678299379328, 2.5998517484956833, 95.40638353536235
3371, 5.8071175340840835, 5.37329124901949, 4.854925525251345, 91.15964031297442
3372, 4.539760564889148, 4.667123665910756, 2.8152252738057606, 94.30260882500605
338, 6.4867635636112615, 6.495314477345111, 9.463869948445037, 85.4055795775819
341, 9.81264321376191, 6.9675633803571895, 17.67030720127668, 73.3829543187712
343, 8.342967342549342, 6.666343458745464, 13.417647403243748, 80.93682299900462
3448, 7.928559837266378, 6.740949839146555, 12.942416032339912, 81.94319012600525
3450, 9.906567678056689, 6.635905076022762, 15.399836020770701, 75.10467340803498
3451, 7.583410967739494, 5.676680719178933, 8.798981304624645, 87.13202523586271
3456, 4.772775250168093, 4.6012683897004205, 4.096943656534801, 94.05850858495158
3457, 9.304235382161336, 7.107565527503586, 17.15739547265819, 75.81738991246915
3460, 8.636539933647146, 6.74877503377366, 14.111140423607447, 79.4848119393985
3464, 4.105680195360468, 4.1012279969095085, 2.4069202300798143, 95.91563740134659
3488, 9.361906188820981, 6.888871816219155, 16.18763610680583, 76.14329716897844
3490, 8.50383871084032, 6.724464063226739, 13.46603066171996, 80.00902969986062
3492, 6.711036131775013, 5.777068335402613, 7.567625879878098, 88.15367188974892
3493, 8.017643385371702, 6.334031318314604, 11.27700962094527, 83.10157194679564
3494, 8.17757588233188, 6.265358813043261, 11.06555215694547, 82.8209049678304
3495, 8.028661780849932, 6.387991287586191, 11.54592289014222, 82.33616403509899
3496, 8.72401686801188, 6.349396243158057, 12.601282268107807, 80.79519072584985
3502, 8.894941445160406, 6.769647110839915, 14.740745827896436, 77.81333699608544
3503, 9.0602919542009, 6.802776302302802, 15.159928782200529, 77.02603433893198
3506, 8.597727601584825, 6.533293608246769, 12.895557866587431, 79.83129467307153
3508, 7.383528491699728, 6.042841829654728, 9.245530896635856, 85.33289541594333
3509, 6.930819699629828, 5.993716413942795, 8.7483114682785, 86.23302882523983
3510, 7.22232968207337, 5.95479432596109, 8.33231922505902, 86.28033197848468
3511, 7.2130935866438595, 6.244118623430127, 9.555525654825978, 85.80462863293864
3512, 9.542972049113864, 6.5928900004885005, 15.288390019609169, 77.23984042193523
3513, 6.842413632771363, 6.020549820662984, 8.528830668592585, 86.92699772542379
3514, 7.741525008755238, 6.345843101359276, 10.709362387682903, 83.29817801325383
3515, 6.719770728501415, 5.955173011449208, 8.088247574193765, 87.30564323529903
3516, 6.825078016729502, 5.86953823355626, 7.947704694020756, 87.5484728736566
3517, 6.791120228847568, 5.804179112235474, 7.1845946393508555, 87.6156230039507
3545, 8.427332574710634, 6.76538147021693, 13.161802424471503, 78.66033100245687
3546, 8.33218948293029, 6.704983314191082, 12.540266912103085, 79.13835575647654
3547, 8.759406139096455, 6.872174305612045, 14.187833979942905, 77.1466217700022
3548, 6.6091309674505565, 5.6390761742192765, 6.594316721405112, 87.80237041268028
3549, 2.457985320470165, 2.57907270184304, 0.35930735930735935, 99.2034632034632
3562, 7.0174408579200245, 5.537441444385484, 5.8071269285031635, 88.15212609414584
3564, 5.275914961837249, 4.051772226577707, 1.8518518518518516, 96.19469365846177
3566, 7.709541012161415, 5.860292382542589, 9.219492481988825, 86.0146876437062
3567, 6.740637235833467, 5.587742199334519, 7.479634379201645, 88.4958251889681
3568, 8.147799550091793, 6.042436055565678, 10.398170739496443, 83.71421636881571
3569, 8.409743176324966, 6.308206886599145, 11.94635654574835, 81.79990584403191
3570, 6.996523135274465, 5.67778437005453, 7.281640792698971, 88.24938719550195
3571, 7.073297603697683, 5.921007822057863, 8.689349149722037, 86.67792806988793
3572, 7.005501035348655, 5.695025679753623, 7.514113053642038, 88.62251622690309
3573, 8.42701141858168, 6.4724349010374205, 11.973630606273842, 81.43031739565201
3574, 8.430342540423036, 5.969866786936231, 10.10884849747409, 83.93443049841154
3575, 7.969981610357634, 6.26342025211703, 10.491546838337044, 83.48354491306179
3576, 7.9642212284071565, 6.461987967851921, 11.857973382020852, 81.95118435593139
3577, 7.999050610432916, 6.263386824121086, 10.753698616934123, 83.49236181388848
3585, 8.97771390684064, 7.036031534103448, 15.86626851689209, 76.88272147081211
3588, 7.282006957598446, 6.851461540544447, 12.223569078444754, 82.66901630827842
3590, 6.824813061736602, 6.648391257119434, 10.911409496661916, 84.4572800240042
3592, 7.273296613531415, 6.8918966261824535, 12.371124160752883, 82.44132443237247
3594, 7.663302553068207, 6.876253735447132, 12.917012700277503, 81.54307358868927
3596, 6.851415357692129, 6.544962175587526, 10.522956678842151, 84.78064490789835
3599, 6.613204228293721, 6.3106619716000285, 9.247273694476462, 86.07035198155864
3602, 7.47956962029448, 6.788084281560345, 12.01940223981739, 82.09037734503174
3603, 7.336848160525695, 6.894826075278162, 12.445235487404162, 82.31106243154436
3606, 9.812580093680431, 6.876493482058448, 16.838574586063825, 74.77800612664313
3607, 10.451961571859893, 7.021382210732672, 19.35949446091434, 72.08417849898579
3608, 8.020538364149024, 6.594760536695639, 12.503690420215849, 81.59273069226816
3609, 8.379682882011197, 6.786755004705098, 13.748086500937884, 79.47435372242944
3612, 8.479586631674403, 6.98720879923289, 15.402873074770424, 78.75044049667295
3613, 7.346267473754844, 6.502622458165783, 11.216802926212607, 83.80842840415721
3616, 8.643826281973725, 6.406473380011547, 12.450665756230796, 80.2936155684534
3617, 7.824745788316578, 6.261223871095367, 10.658786576293602, 83.96980217115777
3626, 6.9124467892025, 5.372395341284046, 6.127698260474295, 89.39986917524973
3630, 6.632182546419191, 5.284375372998956, 5.903185108125456, 90.52657207994865
3631, 7.530559433322145, 6.077077729555819, 9.62195668057225, 85.15048669542058
3632, 8.768790778566814, 6.5429453312898564, 13.994847970122725, 79.21639650381903
3642, 8.436504546496073, 5.756249074296647, 8.947038206914456, 84.41218467396477
3643, 8.5455489087944, 5.8148905028575415, 9.35126479562028, 83.8205699694891
3644, 7.258667780308478, 5.9513491934492455, 8.421666610582045, 86.37480230171283
3646, 8.214147797956713, 5.627742424039269, 8.241229918214328, 85.93113581607406
3647, 6.2181419372381095, 5.160722922226918, 5.125933261234967, 91.22310969809895
3649, 7.5381893934738295, 6.565341052269552, 11.591663378745329, 82.81384176201638
3650, 6.30424448984064, 5.735307965846903, 6.892797319932999, 88.45477386934674
3651, 5.648902175934234, 5.4043520451905644, 5.675565736795907, 90.51788734505128
3652, 6.464011330208859, 5.81365445610952, 7.300808810875925, 88.03347100326965
3656, 7.047015453201293, 5.87109610029863, 8.042561910895147, 86.84356887770038
3659, 5.994158885523423, 5.526666544519973, 5.805578866941393, 90.1774866290066
3660, 6.328009566626655, 5.810106328393045, 7.031328070350755, 88.5929849105626
3661, 6.8274639246740705, 5.9741937687102, 8.006865533269021, 87.05947205552562
3662, 6.372776963151953, 5.7295007312273345, 6.840289454346174, 88.84529636687466
3663, 9.077066796888285, 6.088353696034514, 11.9331618649773, 81.45897705891491
3669, 8.68175159383628, 6.986506998475679, 14.996281035643028, 78.2718031664325
367, 10.100018646410968, 6.179990574169645, 13.134113411341133, 76.46564656465647
3670, 7.66195412045869, 6.744228972413613, 12.177885464778779, 82.09661543121072
3672, 7.54540356906918, 6.485926850430331, 10.9453707204625, 83.4636353657198
3673, 7.274962763402152, 6.37214863893748, 10.4636740924486, 84.51796021561799
3675, 7.39836040033947, 6.56384095513628, 11.273620896380192, 83.3823835429115
3677, 7.487432872713828, 6.6227784561710346, 11.606408592348926, 82.85592556996642
3678, 7.303951185636341, 6.559868689072423, 11.176611550443326, 83.55140186915888
3679, 8.818835051807422, 6.9963860145057835, 15.498807608484807, 78.08167596617945
3681, 7.067939134046164, 5.930207613047496, 8.777879077627805, 86.6180427386538
3699, 5.284060673183296, 4.689218703859479, 3.6029931652132925, 93.6409969361301
3702, 5.440496660884536, 5.152924323288364, 5.114865866310954, 92.04831777086112
3703, 6.471186031005636, 6.265196539446504, 8.857106786661136, 86.76123144624597
3704, 6.378983866272559, 6.332566195438492, 9.182115146244085, 86.58293556494525
3708, 8.073964150750342, 6.804161894636975, 12.864625437887362, 81.20368499056858
3709, 6.675751221642035, 6.4331217878927625, 9.7690659974397, 85.70097722346858
371, 10.890297152845445, 6.609451876999016, 17.865127080936773, 71.57662839407028
3711, 6.382796545381528, 6.668524088641423, 10.671145823226933, 85.22848549529446
3712, 6.438620259530405, 6.459759196390187, 9.608544113825946, 85.9437858954027
3713, 6.018498884495908, 6.153601640497517, 8.411573098294692, 87.82607505542934
3716, 6.035517306480732, 6.233047337759139, 8.777533331566252, 87.50762053701592
3717, 6.084621957683024, 6.253943748646925, 8.693865151271467, 87.2987365749924
3718, 6.467431438195992, 6.307801398622677, 9.175969719163033, 86.53789553658821
3720, 7.274106520896394, 6.592682744618713, 10.6020377467073, 82.95512510299908
3721, 6.623315040929026, 5.850164185802336, 8.059830520400881, 87.44383349584342
3727, 6.192385434157011, 5.559516735249796, 6.080833570759901, 89.46538320647971
374, 8.966542460736786, 6.126417962676831, 11.259167777091662, 80.96352389309587
3747, 6.522430308662111, 4.7244808748191, 4.569251723844386, 92.30973865667829
3748, 7.768161478554745, 5.617347048616638, 8.06118455383545, 87.04448599756479
3766, 6.564974234895003, 5.224249362969028, 5.522655470000137, 91.0020925366194
3767, 6.028139037801355, 4.956497558063886, 4.486591794636718, 92.32752693101077
377, 9.78626122735059, 6.349569418994344, 13.61475012130034, 77.23219580570381
3780, 6.181152179740938, 4.921485364251916, 4.514777001612036, 92.14400859752821
3781, 7.634233546955576, 6.093642704871544, 10.007412898443292, 85.4227532376924
3801, 5.035579983830046, 3.874220564000121, 1.5965415400419465, 96.95244617557677
3803, 5.202283702676771, 4.408380738423099, 2.6424144664232956, 95.0271669921046
3806, 7.051499085851275, 5.588373801817487, 7.616093014156151, 87.9651755893738
3807, 8.58168422749586, 5.694122292717276, 9.261607282777486, 85.06261308107646
3820, 6.359162344850196, 4.7964387032613605, 4.6773665247297735, 92.19128725843433
3821, 6.541485961671469, 5.2177433074126816, 5.841725711162038, 90.80167356979165
3830, 5.910286777151217, 4.544506925825496, 3.358404509978895, 94.04524143401464
3832, 6.997070943420196, 5.6956880538291745, 7.675500422892585, 87.92500704820976
3833, 10.115355438584306, 6.850261346932285, 17.58777782890801, 73.96622336753947
3851, 9.671466514386305, 6.939780242809242, 17.63164047598538, 74.98738663352326
3852, 10.596169970807852, 6.9731999373315725, 20.11091029512466, 71.12627833095722
3853, 9.581583703858099, 6.8024070019191205, 16.47964388389131, 76.03171659093016
3856, 8.533260823137216, 6.513838772198035, 11.656800987623058, 79.99588490392834
3857, 6.863663773905854, 6.048158077599171, 8.397316179013627, 87.10797537525075
3858, 8.530002476959412, 6.952681859144429, 14.190158346943123, 78.59973017112831
3861, 8.077037871152518, 6.779459678852564, 12.711126741987954, 80.94342111047611
3862, 9.177223835396424, 6.922696756909541, 15.368997551675012, 76.45257330046151
3863, 9.003118943270117, 6.887815443617961, 14.611496719921071, 77.24023332698665
3869, 4.844688825850367, 5.149017069957048, 5.185873605947956, 92.35439900867411
387, 9.735867725436925, 6.08238079661605, 12.27168553371762, 79.88633469916893
3871, 7.890960534888764, 6.509186820187894, 11.556588335406166, 82.5260195064476
3872, 7.188805936621069, 6.12740014505251, 9.181672161636655, 85.67419054865162
3874, 5.782990610019605, 5.261310118692508, 5.645128120758442, 91.14876814872702
3877, 7.961280783480923, 6.367565100810366, 11.057798700384252, 83.62303096143401
3878, 8.73533536878551, 6.505126985226608, 12.908979151761873, 80.50100260980845
388, 5.871100107536385, 4.435121451861222, 2.9695386340942975, 94.75030434009493
3881, 7.469354460859414, 6.162292937819635, 9.93547501372872, 84.85310269082922
3882, 8.248888845903112, 6.576864584736562, 12.24594525246796, 81.13276344042458
3883, 8.344084330039642, 6.536562217205425, 12.526915022269417, 80.7686635400997
3884, 7.671352574853157, 5.982981960572459, 9.204245921493197, 85.15827218541475
389, 9.209731829343418, 5.774416734882469, 10.4777259977472, 82.7771274598582
3890, 7.989789420546753, 6.258891581991149, 9.49668486025129, 82.71182094582218
3891, 8.423425706873106, 6.856276037960424, 14.257457191533597, 79.82010337558835
3892, 10.697552097455413, 6.835184217548699, 19.112598695502918, 72.12352671930427
3893, 10.853985685175058, 6.8320297831700785, 19.676968920494623, 71.33171146011776
3894, 10.713775450242018, 6.867058036923735, 19.405202336909166, 71.93423514791378
3895, 9.944996279796996, 6.376298497290104, 14.658010004406085, 78.23264131871551
3896, 8.08900614610458, 5.971027933656634, 9.723847413994852, 85.06123722599267
3897, 8.159161152468236, 5.519399535770735, 7.883241954090031, 86.83231584814195
3898, 5.852291069586516, 5.151761873910437, 5.344713613563013, 91.89835517362056
3899, 9.522280767274676, 5.805624267979187, 11.186827138581922, 82.34852116234178
390, 7.525117270263699, 5.608945964616334, 7.345418425627018, 87.48613525370416
3900, 8.672402117217889, 5.723413982623553, 9.633003778663491, 84.78958538226617
3901, 9.84071536690246, 6.319170837829321, 14.233170150490842, 78.53627580490584
3903, 7.422334689376301, 5.718362818253873, 7.959356477561388, 87.45055417240638
3904, 7.534479182720638, 5.8085805846386585, 8.301058448030076, 87.138405641692
3905, 9.286172911142911, 6.652261872325283, 14.67843631778058, 78.67717528373265
3906, 8.055936761499018, 6.398832171781148, 11.391160791924488, 83.30203778150243
39092, 6.991008672390598, 5.6129859334866765, 6.802843664002096, 87.9258943781942
3911, 8.915340144691994, 6.246008241534389, 11.783250213183804, 82.07188816248483
39119, 6.177378802089037, 5.864836138129757, 7.437763777601076, 88.52529206679307
3912, 8.18001178711982, 5.986902982646549, 9.966850542563385, 84.7383005723461
39120, 7.829631534836816, 6.274143728182635, 10.552151510931624, 83.85554472450448
3913, 8.069532710010202, 5.6878645601405, 8.670617462864241, 86.19636664768903
39146, 6.816277930954436, 5.885282626630277, 7.779090448803666, 87.53294299401509
39147, 6.263697241061242, 5.487535543408468, 5.814606232910201, 89.95527225974685
3915, 7.711330608733071, 6.096875329897221, 9.956281958197518, 84.9921987239893
39157, 7.999586695286027, 5.996556478969593, 8.953451964723687, 84.33569900328759
3916, 8.819957446726487, 7.071648605429688, 16.03984674329502, 77.33639846743296
39162, 5.63880339566933, 5.1037102320255165, 4.674492253427645, 91.88364022528587
3917, 7.804428076452302, 6.438638798258159, 11.524515213621314, 82.92892666217591
3918, 8.277393318800074, 6.476305406105883, 12.151420100545698, 82.3500766267062
39186, 8.497721954193784, 6.3826955902906635, 11.623511623511623, 82.5944325944326
3919, 9.417182154716405, 6.5369981885889885, 14.49634302078093, 78.89271571017633
3920, 8.77382051036152, 6.206740973273346, 12.003000750187546, 82.20374059032
39204, 6.782884898685511, 6.105208593544042, 9.519216984451772, 86.73513273990278
3921, 8.226782440871272, 5.8239370858075485, 9.535699038797398, 85.53280120053299
3922, 8.654003003398728, 6.151695119691496, 11.329700793423191, 82.18908326163846
3923, 9.096203703955657, 6.631809975796501, 14.640991658220939, 79.4560952158208
3924, 7.624655583239161, 5.385903825698688, 7.138321172613107, 88.4177239797307
3925, 8.884310975457817, 6.49454686084948, 13.30881686456809, 80.73471713260906
3927, 5.577172035535198, 4.826348031001435, 4.6246942555387465, 92.48116048579791
3928, 7.415381037728218, 5.730261999034522, 7.93883076022536, 86.8339796590327
393, 4.243263999322556, 4.129284304589876, 2.6697219342753744, 95.67716005601325
39307, 6.909547960546567, 6.823027533660876, 11.397977022977022, 83.75296578421579
39310, 6.927634287572914, 6.919533375307613, 12.007298121991884, 83.37082009500142
39330, 6.575158774416846, 6.649827786481949, 10.452680565530947, 85.0923366030756
39334, 6.644002975306324, 6.478515282501131, 9.805301430917195, 85.74399874892485
39337, 7.7401511926290985, 6.31887031475298, 11.260517596693575, 83.24357558437418
39340, 9.019546303712003, 6.745535370733089, 13.522117667751296, 77.50417729311407
39527, 6.126583105559259, 5.549410748323468, 6.292791753211785, 89.9646126625125
39549, 4.797254292466463, 4.840780386541507, 3.542852593447713, 93.77811392858565
39621, 9.72861478639442, 6.798558252045081, 15.820807544945476, 74.29531388152077
39659, 8.526352939773364, 6.971877976830737, 15.281423540119507, 78.13641819788685
3974, 7.801227407673313, 6.709632001376022, 12.597659218726251, 81.7489993413386
3978, 8.553472433454926, 7.2247371023783975, 16.153024779999264, 77.31230899517655
3982, 8.02927561059119, 6.779104504586285, 13.290289204811126, 80.96938826268193
3986, 8.91807564938283, 7.071059429608768, 15.694486572248536, 77.0853263025269
3990, 8.460478416279638, 6.827302928074916, 13.696965888501378, 79.7310459672605
39929, 8.534628233196427, 6.583325658048314, 12.803687461989051, 80.17348996510995
39940, 8.580570642783144, 6.6197433229804785, 13.09178435935856, 80.09372907833074
3995, 7.579067038472225, 6.820117353545659, 12.507279079924297, 82.13076867084
400, 5.484827267212516, 5.179397795010741, 5.308181618776047, 91.76776283597955
4000, 8.683192710933413, 6.935864722017963, 14.826958472044815, 78.4344292797731
4005, 8.262254184000701, 7.091761872522361, 14.67953557655029, 78.81833207500969
40078, 6.12195217693971, 5.545489830762866, 6.208533753524631, 89.91229888870458
4010, 8.34046961818868, 7.071512557956891, 14.772999455634187, 78.77299945563419
40141, 6.40561877160165, 5.7931195308383625, 7.073948432708861, 88.39175656815705
4015, 8.761230641155969, 7.126657189390214, 15.84881791597532, 77.35752197787087
4026, 8.952108574870058, 6.37168773047962, 12.771508077606864, 80.12676818427765
40326, 7.390193301029455, 5.4713160450539355, 6.891581759925497, 88.78233200660776
40334, 7.552221605516969, 5.6572262708169, 7.9690193449530735, 87.2557939092128
40346, 7.453385576367122, 5.651160916046496, 8.042423033446374, 87.78509209388922
404, 9.238134597662524, 6.7100985685966545, 15.189098147297504, 78.30857959475323
4041, 8.739733661117587, 5.954140845892759, 9.983555752324332, 83.28800624038118
40496, 8.311096150741625, 6.776192916909273, 13.63972452256211, 79.80395470677708
405, 9.2550979638638, 6.805243854596066, 15.871419375603477, 77.12691771269176
4054, 10.051817807473961, 6.576235342977598, 16.05598587465041, 75.41338557306904
4067, 7.980127456198095, 6.427475166806921, 11.504107936986507, 82.81261777342279
40684, 5.956529897921883, 5.613092470138677, 6.1819386360813215, 89.84100037265537
4069, 8.46124946152803, 6.420239686552181, 12.03386744355426, 81.18900218499635
4077, 7.025268827121553, 6.228245084871915, 9.584971203949173, 85.55398116829693
40789, 7.48039094971446, 6.790119137472669, 12.059874800055294, 81.76504275360887
40795, 7.41758563068657, 6.692591668872793, 11.614217794883405, 82.34301356329883
4080, 7.42739552472375, 6.127164755383243, 9.81420466730353, 84.86538124110503
4081, 6.176919674897442, 5.460268348322465, 6.1899794024021615, 90.30174143327181
4082, 6.666276909373469, 6.17524973823463, 9.589291030085368, 86.48126986565774
4085, 7.285392091838929, 5.768299057969752, 8.08930931348682, 86.70967517562774
4087, 6.081486603310446, 5.692860670293728, 7.234952821895329, 89.25062025044443
40896, 7.73467340725261, 6.023855903495771, 8.767284495439835, 84.74164227868877
4090, 7.003964157140075, 6.02480107405891, 8.950727868678424, 86.60774712369123
4091, 6.801613673863742, 5.8771756964256765, 8.548968227972487, 87.43203406485425
40911, 8.182142317912854, 6.139127551282945, 9.746685753407606, 83.10045434742018
40925, 7.785651801417391, 6.197488564127205, 9.719917406670804, 84.30853422176055
4097, 6.629681904543151, 5.968784943112662, 8.162928370952145, 87.69782306186467
4100, 6.015793613255636, 5.371616379322633, 6.040122702717376, 90.62762982870484
41006, 4.753296911416061, 4.050196338550374, 2.584761801762829, 95.31714702860542
4101, 7.605232876698789, 6.460892767508957, 11.270589843483016, 83.46661198824414
4102, 5.892101303738692, 5.697467741809669, 6.7731066300347305, 89.66357368721165
4105, 7.688142146444955, 6.628200142027098, 11.641009028296173, 82.09270553106381
4106, 6.553913806714131, 6.029652431528196, 8.171841796441372, 87.4084176472454
4108, 8.342875619551668, 6.493177371230411, 12.247034193998605, 81.47866613498155
4111, 7.280004225300575, 6.2221754969103165, 9.86109346546394, 84.28408080294753
41112, 7.956800916729306, 6.756276325086157, 12.543475163634229, 80.81561502166426
41233, 7.659908198083641, 6.232857629830153, 10.433605704647146, 84.63845990687527
41240, 8.942744564403169, 6.524641039316254, 13.541944847605226, 80.04528301886793
41277, 7.663745961931714, 6.341368691091457, 11.253010839020474, 83.73143315937375
41295, 6.946165816773315, 5.990240537067814, 8.654966329169074, 86.88779231111658
41333, 8.10667164935409, 6.198012366064005, 11.248247989440308, 83.07727897451251
41344, 6.898583256010313, 6.008465852028092, 9.110552408647099, 86.62143196114663
41380, 9.424166002758202, 6.576295770512525, 15.457108495494962, 77.36341949094063
41396, 8.095781282354288, 6.516431294131613, 12.445309248782463, 81.93208786512052
41652, 10.437743569450314, 6.940293646545101, 18.754309658940223, 70.87996605314804
41656, 9.49604194436242, 6.594379119885168, 14.539989545216937, 77.04521693674856
41660, 9.244318174020487, 6.498703025281028, 13.669646884036823, 78.79845064070253
41738, 13.40926480557553, 7.560599266000295, 34.863261269862925, 55.621860010457155
41739, 11.329009728464635, 7.2891299885765655, 24.53188602442334, 66.1454093170511
41740, 11.255955576726048, 7.261172044599809, 24.05050355954719, 66.52776673895518
41815, 11.603822817684808, 7.128902223108375, 24.342203833254576, 65.33474708126361
41828, 13.608401077259117, 7.534213190318514, 34.871684033307545, 55.208854711744095
41834, 11.624259974818486, 7.138157492965223, 24.459607986810774, 65.1630335226232
41997, 3.2066089270278386, 2.884556478971886, 0.6241553701046296, 98.7447232400351
4218, 7.8016493502948965, 6.602365880102099, 11.38052645029389, 82.37771530794787
42189, 9.783619711617815, 6.810142381472047, 16.544853824589506, 75.84601521826193
4219, 7.995685354874159, 6.522520716058235, 11.18183399678677, 82.3845437521106
42193, 9.796941443707414, 6.799861214231982, 16.52471551387652, 75.83093967993435
42211, 8.083512655572287, 6.542295314956327, 12.614305398972817, 81.89172825587707
42216, 8.049558790675773, 6.515775173220666, 12.434967927958045, 82.07726541442929
42243, 9.288031432666717, 6.725611011886319, 15.221440113938264, 77.48212867355043
42245, 9.025787988210892, 6.683628245234121, 14.457420393462305, 78.63652487107424
42268, 11.010285934520288, 7.128687062877182, 21.710895297694602, 69.33415985280081
42272, 10.429436529654174, 7.274417549414718, 20.582879724153962, 71.21728686825641
42302, 9.245110275175652, 6.159092909716658, 12.945098735475725, 80.39494190290189
42309, 9.438736122750036, 6.638251272329979, 15.762657270304828, 77.5316980800578
42312, 9.939584809260856, 6.8244581272144345, 17.619188954478997, 74.87825522980356
42316, 8.246664706087413, 5.979848718012891, 10.251336720061362, 84.1972454117987
42317, 6.917493627610611, 5.85185937801471, 8.248876019202926, 87.51809799588509
42318, 6.436301854857893, 5.68965177443784, 7.369635901590225, 88.90282201236226
42323, 7.170535175619788, 5.902640398678916, 8.383438961414152, 86.23314013325388
42324, 7.085530720587715, 5.795158616527839, 7.898079924503648, 87.42150920111793
42325, 6.691656065297463, 5.621791344165068, 7.068698917605479, 88.70952065385464
4234, 8.594331331904856, 6.727562391695375, 13.247742663656886, 80.04961437170806
4239, 6.967212623615588, 6.003580074959282, 8.494916384243568, 86.57814323017945
42392, 7.265640207644, 6.13241016837775, 9.09534022226555, 85.56979918112692
42393, 8.264360334205662, 6.44044026784982, 11.073043885486117, 82.09334138496234
42395, 7.406241530827908, 6.25238495491408, 9.664666095074784, 84.6920548728208
4243, 8.024791511072495, 6.417198141202443, 10.680594128427987, 82.84178688284966
42444, 7.631444348022834, 6.603166069307649, 11.44274194648729, 82.97608164713266
4245, 7.590440527649834, 6.512025784938275, 10.813440095786875, 83.23408986433756
42460, 6.515665755443854, 6.568675722953478, 9.90261348005502, 85.60880330123797
42469, 7.070154397111834, 6.435698686672397, 9.699490280208718, 84.9948150139638
42473, 7.8343279734319475, 7.121052711677156, 14.172493868392214, 80.28361947503001
4249, 7.316738130030338, 6.631834363176835, 11.284600662839004, 83.39401577743547
4252, 7.748444306426063, 6.948347159815755, 13.306775613675716, 81.00519459942734
42521, 9.32528249670027, 6.555541888960719, 13.965477516224414, 77.84935294343536
42559, 9.46290753558491, 6.733588584908584, 15.00809100223101, 76.2181985311719
4258, 8.045704950934224, 6.935848923068623, 13.40329452189963, 80.26421183381122
426, 4.646624144838988, 4.59352719699635, 2.626402447909078, 94.47399096604984
4261, 8.652842229181134, 7.104678944898564, 15.413577119697877, 77.77598673605674
42633, 10.252657040140031, 6.357886177838934, 14.040103762331244, 76.84660973623917
42639, 10.025298001300788, 6.371999314747348, 14.178321678321678, 78.18273831431726
42717, 5.608777551012062, 5.649830243393092, 5.929480251876828, 90.04884796610902
42719, 4.523941442541814, 4.551218047047016, 3.1098588582262483, 94.72956604171056
42722, 6.139064088271955, 6.102935067802124, 8.04173374163328, 87.90471925344049
4275, 3.5712986991577185, 3.8323291466181617, 2.1461880391604327, 96.60209619212974
4277, 3.5133337584022577, 3.7215415590689256, 1.93743366493371, 96.71247908758927
42835, 7.098942689824394, 6.34531469021291, 9.670362827185638, 85.18392798772976
42842, 3.605172453657344, 4.089098959996806, 1.8533463999538826, 96.06848446417247
42855, 7.381824833716736, 6.422256500618076, 10.33678691169427, 84.21941566462478
4288, 3.5728467697356407, 3.786151407977599, 2.0596655664764127, 96.75504659092982
42909, 11.232968989044188, 7.1234911341858975, 22.01458896811737, 68.09073026801083
42944, 10.082064177589533, 7.4910458212875595, 20.411948557667674, 70.54977711738485
4298, 4.956918545759342, 4.882240216579277, 4.00393368923855, 93.25545205005727
4299, 3.878069295939207, 4.069543701217341, 2.379463026333542, 96.11558793587716
430, 2.9110362859099745, 3.379693869100308, 0.5116645198225275, 98.3290396450551
4300, 3.5539326219939236, 3.77501120493477, 2.022007130092437, 96.69076625815289
43004, 11.204362678092018, 7.022587273631051, 20.957428481673272, 67.7810318095682
4302, 4.595968771256735, 4.457668689978221, 3.0588061808108367, 94.82299160513593
4303, 3.63442764122709, 3.818582977397329, 2.061238918801327, 96.60176574028753
43040, 9.386794578654603, 7.040054265183519, 16.382132349894334, 75.99345294824515
43063, 10.14359722899858, 7.396712110842487, 19.8543084247737, 71.6851590755839
43081, 8.094747549195567, 6.522459028050177, 11.542607118083346, 82.0660583746865
431, 3.0670765119206425, 3.439319832214252, 0.5255649823560327, 98.17553870410691
43131, 9.435309752114184, 6.958805485370175, 16.331304134662528, 76.27165386501062
43206, 9.682654772823494, 6.9495740648350885, 16.92517432504917, 75.78446272125872
4321, 10.332976352780378, 6.464505769689245, 15.923907359418033, 74.29026297746736
43245, 9.34256730828532, 6.567143985155975, 14.14730793996731, 78.67947892416663
4325, 10.751718815568516, 6.667354237414127, 18.712173135229953, 71.66339463076334
4329, 9.459243914557389, 6.33534062435761, 13.481142253242034, 78.26790550210264
43328, 9.464233858033918, 6.584018730596212, 14.335563530803567, 78.18250504528328
4337, 9.34755989293471, 6.355718397144292, 13.171349862258952, 78.57851239669421
4345, 11.316216873166661, 6.733610568620287, 20.686511005182304, 69.07468750360684
4349, 10.770972600332357, 7.066196903828596, 21.494669866607133, 68.16766199698611
4353, 8.396824264594118, 6.196854267136961, 11.161576671879311, 81.0987949590654
43552, 6.910227294064644, 6.350972497740202, 9.856031826259926, 85.17926727862651
4361, 7.2701720697249534, 5.556918887508103, 6.830480857288979, 88.17183839008551
4362, 7.037436889933004, 5.275858418904967, 5.496000757253064, 89.54044204647641
43631, 5.808384128195865, 5.370772063284105, 5.652270838822123, 90.92880449101189
43635, 4.741997898895334, 4.344012844671469, 2.7480127065189306, 95.19553751918896
43687, 8.087761341436154, 6.83598521712234, 13.648534457306333, 80.59517628254075
43726, 8.099324957428687, 6.8487655564729994, 13.742579259820639, 80.51570760930366
43740, 7.986998421078851, 6.880461620909036, 13.645411430747394, 80.65565825457819
43818, 7.985239492674883, 6.8832984738624585, 13.625958262350938, 80.67770442930153
43849, 8.085494679245384, 6.85480607361194, 13.719890510948904, 80.52737226277372
4387, 3.7526337173969604, 4.179560116637409, 2.456098243929757, 95.81983279331173
4392, 5.043129297665041, 5.356264026166641, 5.168167055387231, 91.81943021557643
4393, 5.154492811165552, 5.58093056221279, 5.7516786618953795, 90.80656185919344
4397, 5.0525625806101955, 5.138666714600983, 4.24533998953259, 92.56813881396192
4401, 5.177086022137326, 5.569710628927667, 5.792087195023574, 90.83950307441336
4404, 5.605146560033482, 5.572368089954277, 5.360140251408109, 90.35771569249133
4408, 9.70672473857267, 6.21756849309641, 13.161831060784, 78.01169446058374
441, 4.9218788197302485, 4.956947091591442, 4.013477583203447, 93.20390574860181
442, 6.785873535461926, 6.360546221273453, 9.864244099193307, 85.67560501942037
44248, 6.853728799392004, 6.567503272794929, 10.492469846945763, 84.81929795471093
44250, 6.52856583960248, 6.423595574488661, 9.586161842815349, 85.58312267446814
44282, 6.828147171977145, 6.736622541052781, 11.338606114725518, 83.84927215772987
44284, 4.828753726020222, 5.254014776038867, 5.160745091739595, 92.28507371994105
443, 6.16907811934352, 5.682198220945969, 6.553715458406911, 89.30558869851572
44309, 5.1859244573523, 5.203099827977193, 4.692357083889642, 92.33670006217068
44333, 7.466858028197499, 6.604256626847115, 11.137785169384287, 83.29368379189414
44342, 5.42645820175096, 5.680497073294054, 6.475029654726644, 90.26046438946777
44374, 4.540165744944288, 4.711428043953664, 3.5148617273166134, 94.15415737569252
44375, 5.803470364059366, 5.410423593989586, 5.159552044575597, 91.02256273025532
444, 6.243106422429947, 5.884436730817631, 7.45247730294942, 88.62420954950301
44429, 6.563078508317552, 5.761015582862017, 6.66716607985617, 88.63585287287438
44434, 5.511695750318688, 5.1107266807256275, 4.311033051253393, 92.24280163925701
445, 6.410041917755218, 6.027930720761158, 8.12535711864571, 87.5340170642184
44564, 9.080124581713044, 6.7964459961278285, 15.022389137657086, 78.55182517900992
44568, 7.657775049099102, 6.293109729737901, 9.732796087477354, 84.31129899315903
44570, 10.361070482895359, 6.735066956466808, 17.7584665805939, 74.36885490118185
446, 6.563325337659842, 6.11696832419835, 8.663418767210338, 87.00679748127322
44643, 6.240131310622802, 5.451622512575552, 6.587488481621788, 89.79215726425718
44646, 8.229784427713383, 6.1315312129992225, 10.516064742118614, 83.87939364657568
4465, 9.058695240439505, 6.640071442926924, 14.966723174483581, 77.40158221887361
44659, 7.91775412317495, 6.612982257149883, 12.1812043303904, 81.63467482445435
44660, 6.7094600780312, 6.322456752854402, 9.715420611600827, 85.75652047738238
4468, 14.214796618493917, 6.88586933773299, 36.697993120819, 46.52113858570539
44689, 7.292820002467515, 6.364827122112246, 10.43343653250774, 84.3532432228347
4469, 6.670249296940031, 5.591046398395203, 7.163571296353427, 89.01863392361325
44698, 7.148659606247328, 6.421050287147181, 10.197914825940979, 84.4575013253225
447, 5.748424973494565, 5.561195080314748, 6.079890832402928, 90.35975685398834
44730, 7.275840543753512, 6.383930280393767, 10.518740629685157, 84.29310344827586
44732, 7.150122558528035, 6.4306825489453265, 10.358640045473924, 84.4607076879352
4474, 7.623805298596817, 6.029500873423894, 9.749891908071973, 85.39594904712808
4475, 7.924885964224684, 6.2579813124342945, 11.079213701829506, 83.60905670169976
4479, 7.967112839391989, 6.087588738522974, 10.656058256354932, 83.53044299103229
44799, 7.250171940617105, 6.369906359941038, 10.486062494824717, 84.39210195493929
4480, 8.489002512262818, 6.253851487220678, 11.775969363331738, 81.75613759146549
44807, 6.424425944991181, 6.147865791492943, 8.634243374477732, 86.87751361587172
4483, 9.20620273804897, 6.7284309398991216, 15.29966303733858, 77.16055394324223
4484, 7.962406626854392, 6.040728890550034, 10.384957301796828, 83.83664233183373
44843, 7.285619038221421, 6.376118622900136, 10.474004965766309, 84.29162591227146
44848, 7.125834209869356, 6.41754354380101, 10.119817791878623, 84.53180666087665
4485, 8.939567109323043, 6.79969781666266, 15.941794882149443, 77.31158044932627
44871, 9.054888656529359, 6.3761608080544745, 12.149365090752564, 81.08066097520147
44874, 8.923729247025266, 6.576496154241229, 13.827036244950447, 79.33912022476622
4489, 9.749873127961028, 6.752498552791424, 16.98744213860158, 74.44353391951452
44894, 9.422201084638615, 6.407372459362337, 12.791181117327726, 79.60514593207655
44897, 8.372434865700175, 6.113063327180059, 9.983811544043766, 83.66640616277772
44906, 9.247178565340919, 6.321548090044335, 12.270763664925205, 80.87207987718526
44907, 8.041622942918037, 6.282392467291412, 10.651912705731132, 83.56945259451756
44928, 8.170627254733445, 6.097345275352646, 10.069778130614633, 84.37443418432011
44932, 8.55066238869506, 6.06983614793758, 10.007049742505169, 84.01022810099055
44946, 9.252348848250126, 6.36507217460768, 12.476789030138551, 80.57777460362804
44947, 8.80637973338353, 6.439369359141818, 12.431625362804196, 81.21092877874526
44959, 9.088274222466694, 6.364163622495302, 12.10153974198918, 80.79900124843945
44962, 9.427684581841866, 6.837375084018828, 16.248277014326888, 76.30981718947969
45000, 8.351271899708648, 6.750439087212566, 13.678896651745248, 79.90489338855653
45001, 8.820392310121148, 6.1362388749888765, 10.4389766364624, 82.8826570204028
45022, 8.525330872676756, 6.890852825718153, 14.45054407800081, 79.0330916760955
45024, 8.68935655041915, 6.112633031650628, 10.297518296898467, 83.44458483324195
45034, 8.4575135129696, 6.022642267952624, 9.449566918133556, 83.85163453478626
45036, 8.803669172828823, 6.238961351482519, 11.404397306798545, 82.46916522671751
45065, 5.78428769998308, 5.373298409982292, 5.949839401457888, 90.82184140172716
45071, 6.815024861119619, 5.524243001407325, 6.990755284297447, 88.90858501997037
45073, 7.867802738785583, 6.407111364021592, 11.463496799653496, 83.30911015929544
45087, 8.653669952409787, 6.896596953395718, 14.721376544300247, 79.10350058706787
45089, 6.3956698146829085, 5.775496055050161, 7.231860292658471, 88.49210908369281
45094, 6.751342618495694, 5.516271880764515, 7.160013866877972, 89.10583399366085
45199, 6.423035874238024, 5.8300532512578656, 7.452199953927667, 88.22747167598585
45200, 6.718603702066882, 5.50227782813798, 7.085653078254804, 89.22891056059983
45202, 7.955459813996936, 6.732759046265019, 12.789921575171032, 81.62856666110461
45274, 8.914816407267413, 6.862077502660384, 15.591787820492605, 78.1260840770759
45291, 9.112680652394607, 6.885926556370227, 16.048203004724744, 77.36582258321388
45294, 9.076635697972401, 6.886374339199549, 15.96977382994622, 77.48402917372681
45317, 8.206102546388482, 7.005427892535411, 14.461173603707492, 79.85683514283849
45323, 8.997926352745191, 6.891148839561964, 15.817894736842106, 77.76526315789474
45339, 8.335134283020627, 6.655839886259972, 13.509083749294906, 80.75862876360966
45364, 8.376735047599071, 7.046036794683942, 15.135055949335708, 79.06491925941785
45383, 9.946635902383417, 7.129833826391059, 19.11298379740237, 73.54589288041353
45397, 8.864556446151173, 6.7354939498245665, 14.34692049513819, 78.55948025598688
45563, 8.661923511569562, 6.8969388567604115, 14.701667355656609, 78.55725506407606
45566, 7.4247579815036024, 5.920930807114723, 8.347891190416771, 86.81592926664052
45570, 8.56214497896515, 6.784560690602004, 13.909280687929437, 79.03861308116628
45574, 7.38126391136604, 5.985965009113535, 8.631925601243072, 85.92499826062756
45576, 9.237024788392295, 6.4885986887167935, 14.261826880828005, 79.06556656739735
45577, 9.296854354108627, 6.512280009585015, 14.518251376772747, 78.79526292704323
45583, 10.347653033150893, 6.757720086723714, 17.3271651266656, 73.75026145157916
45585, 10.522433825244512, 6.861624965492756, 18.41395211930926, 72.98371271585557
45588, 9.629725165449937, 6.823604717393221, 16.250505788834793, 75.60857817863808
45589, 9.48205213788097, 6.7380615544513285, 15.285765279815969, 76.48303124049762
45597, 8.065237278755855, 5.914562244478835, 9.218735304260589, 84.43740790669969
45605, 8.855828771667705, 6.256020109893945, 12.17143050206095, 80.52402189337118
4561, 3.1770334533581064, 3.3577222627746437, 1.2159085404253258, 97.85560884238403
45613, 8.794282597324973, 6.939292151366156, 15.197317873856257, 77.67968149752042
45619, 8.011066900073768, 6.0295777560570265, 9.396786303056786, 85.00605795777305
45624, 9.183261373068495, 6.697750190291459, 14.585767979533179, 77.96184580398598
45631, 8.574791490841298, 6.6090082909992205, 13.262777145153729, 80.22506530912989
45633, 8.69036568570688, 6.074233418120981, 10.564967299661177, 83.14080844693089
45644, 9.551013222588015, 6.760370379568403, 15.731033482348908, 76.08497843889702
45646, 9.799111213713077, 6.966453494166516, 17.406304521782477, 74.68746310556072
4565, 3.54559373195111, 3.381364183843066, 1.2106264306670536, 97.76251732920656
45650, 8.623732173481367, 6.800594818172153, 14.3698468786808, 79.08368133633151
45658, 8.99737622113698, 6.715999484973381, 14.391385767790263, 78.53308364544318
45661, 8.516217132885851, 6.607343508325986, 13.20535117056856, 80.81739130434784
45663, 10.895402288389121, 6.7336487466525465, 19.292758359106028, 69.54192682499854
45664, 11.03495618824213, 6.791808507686031, 20.958465712761765, 68.736810370817
45668, 10.322811156228756, 6.693923920971343, 16.811505218910877, 72.25357766967365
45670, 10.009518572513393, 6.45580274573907, 14.872314361100642, 74.7078778741048
45677, 8.72613750147054, 6.9074430743288024, 14.745562455349784, 78.24366653844041
45683, 8.78302540823669, 6.713613022613203, 13.976506417228626, 79.3794089312906
4569, 4.6422827027537235, 4.311626722026748, 2.7413834110627384, 95.39828133563591
45692, 9.127212242723568, 6.685382079772537, 14.401146673387096, 78.35338961693549
45702, 8.352283271583794, 6.276068754875694, 11.37718220142991, 81.64505940345452
45704, 9.221126243089659, 6.95334366253671, 16.43271545656664, 76.28826648073355
45713, 7.58256261766006, 6.05853603464461, 8.940779748706577, 85.64763488543976
45715, 8.564081288897214, 6.769516352649228, 14.004830655666522, 79.4100086843248
45724, 10.47840748386433, 6.881769968934983, 18.338212846883366, 73.12764306983959
45726, 10.545811602301963, 6.867742379792992, 18.33191636170973, 73.04919971906997
45727, 8.581066244313975, 6.815929496118413, 14.114586156431244, 79.17095777548919
45731, 7.9579216926820555, 6.123792673515169, 9.807421510878404, 84.53025525078837
45741, 8.933131303026073, 6.879166653222436, 14.947659859078252, 78.10891104509184
45745, 8.613790229919044, 6.192189650756861, 11.365204534253328, 82.20921636274026
45746, 8.583497718432982, 6.196314187701855, 11.366011384452722, 82.31475675875042
45747, 8.04191049158627, 6.5975247335656695, 12.288514855808064, 81.74623965769425
45749, 7.811218431762026, 6.58061333022446, 11.756489788727965, 82.65153326370626
45750, 8.054130779804233, 6.661838970751979, 12.701608514898895, 81.47595934092244
45751, 8.104998696066488, 6.165851698748362, 10.733496909356862, 84.05133770584628
45752, 7.107569917342867, 6.471590776202177, 10.719650767156704, 84.2742504975284
45753, 8.122818075003448, 6.7583817901007786, 13.098795617133025, 80.73983518971293
45754, 8.514005457207228, 6.9659696626401875, 14.575945560154056, 78.9234125452244
45755, 7.670251792764584, 6.627841142793781, 12.38341876690873, 82.42115192937491
45757, 8.55905083863825, 6.908267250131876, 14.696737563085795, 79.22111571737564
45758, 7.610073851061134, 6.5632470186361775, 11.815343544263705, 83.01395896020452
45759, 7.247952362940465, 6.301322343637258, 10.198324870893547, 84.67213470468255
45760, 7.06772135515617, 6.512069913934731, 10.784817218357533, 84.4775666464354
45761, 6.885558172507393, 6.309163712126031, 10.080463725152855, 85.38418781927423
45763, 7.334012576794535, 6.363009194455598, 10.589475743774253, 84.48210267726122
45769, 7.935156789325538, 6.221392428805251, 10.807063285138659, 83.89784309077982
45772, 7.232288634141453, 5.8659948991809046, 8.251713731165786, 86.98798424825821
45773, 8.077893032273261, 6.893487799725577, 13.685579358017932, 80.72548080213538
45774, 8.09307999034501, 6.672636245921486, 12.62352160434905, 81.42835065135772
45775, 8.317429212482452, 6.759515307617615, 12.995073087078424, 80.45385669307056
45777, 8.312787628521276, 6.793643313631279, 13.715993590320663, 80.14439783223204
45778, 8.596396896501071, 6.918592761579837, 14.82611829361683, 78.9855398891842
45779, 7.97015602555774, 6.575585590098645, 12.577624865521244, 82.29886771551219
4578, 3.310855370443684, 3.40429178575365, 1.2462064957706462, 97.76586814747853
45780, 7.899370002031852, 6.396289426884885, 11.673151750972762, 83.19409475852598
45781, 8.01016749577847, 6.455725086363247, 12.090994079152384, 82.61046110843554
45783, 7.647523714170086, 6.522317166934941, 11.812774345867764, 82.69400479066621
45784, 8.381167408742916, 6.685051143842976, 13.66004050255408, 80.67262450505275
45785, 7.380112796609002, 6.310219883387368, 10.79551207120307, 84.71195707198542
45786, 7.670932634330677, 6.748504099963976, 12.22509899482181, 82.10782820590923
45788, 7.570066836889144, 6.617447680931619, 12.067952609419368, 82.58959169685694
45789, 9.064253453835523, 6.750685259978763, 15.152894827313865, 78.50180723451307
45790, 7.5321172663064875, 6.733360890201507, 12.465545179666226, 82.27142881007667
45793, 6.9927163184184, 6.736679831313276, 11.550262463957415, 83.408704438475
45794, 8.026795753600426, 7.045053768151003, 14.724537876042042, 79.52559300873908
45795, 9.254315457070247, 6.856669528658958, 15.45619588917373, 77.67418098218278
45796, 8.280604960385778, 6.6162083896607955, 12.142020588053997, 80.70887012266536
45797, 7.978816626374555, 6.47527689611139, 11.52116588972077, 82.65998022319536
45802, 7.697819070609567, 6.605317507707471, 11.924364538127714, 82.69435833849968
45804, 8.299466742244949, 6.493137370655039, 12.123994002264451, 81.3855993145445
4581, 4.142837896811822, 4.508569322817456, 2.2435111952768185, 95.31914893617022
45812, 8.299040327030696, 6.8604821372608695, 14.290872824816011, 79.77422793864778
45813, 8.694818811808101, 6.869451423948593, 14.930720421288902, 78.71368757284067
45814, 8.726384484383493, 6.787298689854215, 14.509141069728585, 79.39616483068136
45815, 8.603113546864925, 6.754800603380165, 14.160127148107678, 79.96672295619351
45816, 9.315707090826798, 6.918823301172443, 15.970511277908287, 76.782406081094
45817, 9.440960249379524, 6.908315612519367, 16.318364560418722, 76.4535765758932
45819, 7.1771550023297115, 6.4954199724042585, 11.014258452153767, 84.36820306835891
45820, 7.813670343610438, 6.304786251603345, 10.839469437159572, 84.21802501513011
45821, 7.91023615420611, 6.397646916898629, 11.487823514429577, 83.40941595971866
45822, 7.177615478658024, 6.467356413844197, 10.893179936816853, 84.45677698376497
45823, 7.823722252458663, 6.711490254064813, 13.033505779645946, 82.06490986985693
45824, 8.18539138894906, 6.476293874118718, 12.41404148518306, 82.2793215608153
45825, 8.091193240454963, 6.421332919859716, 11.965624463478377, 82.79697067968944
45826, 7.2021812303680335, 6.432550033360198, 10.823856178709638, 84.5517439940385
45827, 8.158397022784845, 6.4925330346962, 12.385140530631066, 82.19045583885372
45828, 7.801879453756754, 6.321956309147527, 10.961838253000595, 84.0002027857695
45829, 7.971026567307096, 6.436299214433301, 11.76533823270723, 83.07761468248539
45830, 7.169507261493207, 6.460865983557155, 10.865104496516782, 84.52016043909647
45831, 7.807398585836379, 6.711778613790294, 12.987446513651033, 82.09130360014971
45832, 8.094857551383823, 6.4564319481343295, 12.052483421813303, 82.63682907936747
45834, 6.6417990173427155, 5.916230154646969, 8.9536660826779, 87.18082528795617
45837, 6.561094285527122, 6.147611779429972, 9.38370218379012, 86.71955151692804
45839, 7.369216299353257, 6.400901773969595, 10.483995670326273, 84.06314576099638
45842, 8.485090703856915, 6.6726767400643725, 13.279723127035831, 80.51608306188925
45844, 7.990337707654662, 6.592459245284691, 12.274286884826138, 82.02898550724638
459, 6.951103468302069, 5.856869720119856, 7.220412595005429, 87.0381337808048
46073, 6.650659903797654, 4.651743477968226, 3.25547683701178, 93.78100818718225
46076, 6.735609211795812, 4.70648187483213, 3.3731012852838074, 93.54488243855441
461, 8.426904195768268, 6.3603213245085755, 11.448864224628828, 81.5314848942911
4611, 4.544427359848112, 4.25245643107874, 1.183111167804069, 96.47936730658843
4612, 4.609949512405855, 4.373503172948901, 1.4130294837131454, 95.99266125917343
4613, 4.701487143325555, 4.366021217082228, 1.4743801652892563, 96.04958677685951
4614, 5.034749220258655, 4.538943851329409, 1.5872475220545659, 95.391532409142
462, 3.729760160181696, 3.453687238456986, 1.370479217897199, 97.45096863191986
4620, 9.771777796357064, 6.744511069866016, 16.748973426674628, 76.26309220166061
4621, 10.677964230343362, 6.8664254414027415, 19.377392771397055, 71.98105249497112
4624, 6.900195502527552, 5.416884846875059, 6.556169429097605, 89.39118188711949
4625, 6.930195865902955, 5.466969463383264, 6.7073835750899775, 89.19838586541607
4629, 7.2543403466974725, 5.6151559852377435, 7.758684581096677, 87.7447087846351
463, 4.462618407788735, 4.473163855002189, 2.804013146514444, 94.87112956235946
4630, 6.916627652770714, 5.6939340471762065, 7.536664721763467, 88.11993789495544
4631, 5.92343960554169, 5.225951163311384, 5.686804576085254, 91.15930104999217
4634, 13.039963060874696, 6.9884291394840625, 27.670728251629356, 57.27865220639378
4635, 4.64881899972214, 4.083257807283692, 2.727187571090206, 95.46227033681703
4636, 7.0379456391953195, 6.035166254886582, 8.036871196837737, 86.02732536206925
4637, 6.7336114712542665, 5.861220163385551, 7.519922804332274, 87.65202056332872
4638, 6.5185370179838955, 5.586285734320472, 6.388752241458653, 89.19656600599838
4639, 6.884301963350599, 6.404803272223955, 9.762827822120865, 84.71607753705815
4640, 10.008848614422636, 6.682772163112725, 16.297808193594, 73.503555182028
46400, 6.360538574450271, 5.64364922786899, 7.08186687069625, 89.36189747513389
4641, 11.179533325929256, 6.713735171017463, 20.246044757220734, 68.16079544697243
46422, 4.4242976821231075, 4.319894056391001, 2.5257731958762886, 95.39948453608248
4643, 10.987887364989659, 7.015836584003217, 21.108714593837934, 67.56988387207359
4645, 4.583094802674314, 5.253368508601212, 4.731688638477107, 92.2679284503036
4646, 4.247032799327089, 4.978637608752987, 3.940600630496101, 93.2885349261656
46465, 8.937565225656918, 6.57126317721475, 13.445229234702918, 78.67395762132604
4647, 5.074596360171442, 5.556245686642673, 5.41899293519964, 90.73902574550843
4648, 5.227488838155076, 5.511573826638605, 5.249032135477282, 90.70137519891695
46484, 8.147751060826147, 6.531979999678608, 11.420334422448587, 81.38381702863732
46485, 8.300461994981276, 6.768595437486335, 13.039989767084897, 78.81670290824098
46487, 6.439105424157051, 5.5536949251983225, 6.516400217252698, 89.15625664155667
46489, 9.325090484643834, 7.013869985961817, 17.023879506204224, 75.9457269506363
4649, 4.29473491148093, 4.925893455230699, 3.5988868449601434, 93.44842224423377
46492, 8.52260340993686, 6.799840254745876, 14.260894513691861, 79.1593611527304
46497, 8.508703950389926, 6.782844024731394, 14.160434969784907, 79.3198016486758
4650, 5.564061685003233, 5.856559236817447, 6.5498269810052525, 89.07366377056934
4651, 4.58810314989779, 5.137681336895171, 4.142469996128533, 92.59581881533101
4652, 5.155843648491829, 5.622371129794481, 5.6857904128675845, 90.32975628834731
4653, 11.464121293312155, 6.75123293060916, 22.468321053503896, 68.22763639651042
4654, 10.817774940114925, 7.039177488500117, 22.15334974951176, 69.30599190512581
4657, 14.083255158113438, 7.467885808847984, 37.941325693138744, 51.85782075387233
4658, 12.51252913808325, 7.7241947477636685, 31.619902939699895, 59.772968148602665
4661, 10.551182823568245, 7.273724722896945, 21.674112391253235, 70.75476134493299
46642, 7.465921210337291, 6.809827055968205, 11.985850120487648, 81.94821998789187
46644, 7.06297573293086, 6.758298342989369, 11.496606502964148, 83.12168700563106
4665, 9.114549419685417, 5.911179403148032, 11.216072160721607, 82.13858138581386
46664, 7.36333914569376, 6.617177301429845, 11.162041001359995, 82.94296411961248
46665, 7.586522952349294, 6.634173224482584, 11.34677104382822, 82.3685238329739
46667, 10.240900617921858, 7.300379030449466, 20.209098722174478, 71.36367499976389
46686, 4.898011057367569, 4.263583363297649, 2.8343086192178744, 95.10831240489416
46687, 7.518147342188941, 6.1499445359619855, 10.47525309336333, 84.52167910829328
46688, 6.2758658147477275, 5.618274523952971, 7.572751740608297, 88.98141245150937
4669, 9.20466805275246, 6.452252056221105, 13.215836394933586, 79.13829869228991
467, 8.239690299703668, 6.251855007234443, 10.249844670796227, 82.5748875040009
4670, 8.639671342620419, 6.061904170629351, 11.012449533304773, 83.09511755007725
46707, 8.007571963483434, 6.3295869816776325, 10.138617621527777, 83.98166232638889
4671, 11.157304864169342, 6.6211080753617075, 19.619955926447744, 70.60679407054177
4672, 6.91801624946928, 5.134306154615658, 5.843322174627743, 90.49350275368057
4673, 9.85372862026585, 5.8809116329706255, 11.70265046030862, 80.33941617796417
4675, 8.376971312177218, 6.499905822289922, 12.449460095802548, 81.32175042624016
4678, 6.244173331153204, 5.9477294773691, 8.503836317135551, 87.91868240224325
4679, 7.15479767487778, 6.357539186866074, 10.543938111930377, 84.76127160643055
468, 8.814258354573006, 6.265779981639352, 11.129231807445732, 80.45964083530161
4681, 9.073015163729115, 6.524722408247707, 13.520733920290343, 79.7121782377848
4684, 8.350106771068114, 6.876887038595762, 14.600072945103285, 79.72236651598713
4685, 7.089580546002972, 6.520291446439696, 10.734975682202093, 84.62366932329634
4687, 7.122029590944364, 6.140784907974131, 9.939225120283616, 85.69355435650701
4690, 6.975279342579929, 6.132627171295326, 9.706322096233807, 85.97527037792887
4691, 7.643590895925742, 6.642667546163809, 12.404049502623952, 82.5350513041435
46977, 9.032505519239754, 6.326749680367642, 13.082039911308204, 80.28810149630695
4698, 5.889958497273051, 5.025570538625682, 4.084704681719607, 92.49138920780712
46980, 8.786501038217027, 6.510860382846238, 12.821106225410784, 80.17897091722595
4699, 5.58217018680219, 4.856542913444459, 3.5862033958528974, 93.20829420573082
470, 9.152682323789966, 5.83842290450178, 10.8875684274552, 82.16753224473246
4703, 7.0264194745361035, 5.344769808335126, 5.341224872785015, 89.61709191959292
4704, 7.065465676789105, 6.126367762561998, 9.044330585876587, 86.16724479945688
4705, 6.367565029036181, 5.746477225443153, 7.14627321292292, 89.02060544390741
47077, 6.517999085600779, 5.3890324579939834, 6.356917551170768, 89.65072640618884
4708, 7.070617226707514, 6.130432280751217, 9.06461045380285, 86.14761860165038
47083, 5.949108046940808, 5.368374231141257, 5.187585511629582, 91.06934543097861
4709, 7.0358805191768345, 6.125473613025203, 9.001010899700734, 86.21973556465254
47093, 6.994492320215703, 5.695368660689044, 7.34975404897438, 88.52798086348145
47097, 7.187546512578735, 5.667798774731864, 7.349910577298435, 87.97741282421403
471, 8.906599889863639, 6.261769871706541, 12.233052585091952, 81.35705498249266
47102, 6.180110598331323, 6.025122325344895, 6.771426578953485, 87.4985471535833
47105, 7.8785699743195226, 6.90302910065982, 12.759420557014916, 80.62583529194893
47106, 6.502729945279907, 5.836801667542687, 6.855181880576527, 88.37336993822925
4711, 7.159786162004553, 6.398753600547922, 10.641159175708994, 84.63090168365261
47111, 8.53549638682184, 6.611803170087685, 13.028728930350898, 80.73253471854129
4712, 6.881219250340003, 6.053323762228634, 8.583605710482132, 86.74011742849478
47122, 7.072624590106832, 5.374050533631204, 6.006130983799586, 89.25758252466605
47128, 6.646887002341174, 5.123324668626796, 4.887592949899192, 91.3521364927266
4713, 6.414074808961505, 5.7385354114086295, 7.075280833927436, 88.91982504479856
47133, 8.073146285845006, 6.236062937325406, 11.08522119158045, 82.89109882268998
47137, 5.631161317196396, 4.96761426407434, 4.01140432303408, 92.47115767139637
47151, 6.33473476176681, 5.643452294378122, 6.336107819482319, 89.32084576617221
4716, 9.595171294113799, 6.911765248429132, 16.05199868625976, 75.10038458686049
4717, 6.923977719454992, 5.938431801238208, 7.2462828492392815, 87.29253112033194
4718, 3.67613348494065, 3.7430991188393414, 1.9330416705451614, 96.84445685562692
4720, 12.44420590451701, 6.734776628259002, 25.015240266108297, 60.35410426992499
4721, 12.321599824728404, 6.7021664338073785, 23.823271159832903, 61.35885905861693
47229, 8.687093285742247, 6.933968145973143, 14.411311651698783, 77.95361409015608
4723, 10.779468666677214, 6.933742835059039, 19.915260323159785, 69.28545780969479
47232, 7.773964635137094, 6.287548009038363, 10.556915257733893, 83.49415328063316
47236, 7.048577190167143, 6.211568249991403, 9.133715986394558, 86.0735544217687
47241, 7.049036819215512, 6.769912482566813, 11.240201846939387, 83.6089115822646
47247, 7.020348498084477, 6.774959263815102, 11.240676330444922, 83.64663543698104
47254, 7.5897756548079025, 6.091666557576995, 9.470540835189837, 84.98680697097534
47259, 6.39387748689991, 5.524401739786613, 5.9541984732824424, 89.91639403853145
4728, 8.970041011015756, 6.7580749021735045, 14.539778261043587, 77.57661467853188
47280, 7.528661969368482, 5.924199481767987, 8.365520489872821, 86.01036269430051
47283, 8.080839486012303, 6.3150752966531885, 10.821221232316795, 82.8744821470633
4729, 8.765121818480765, 6.699656398731026, 13.87937774662317, 78.1200291175757
47320, 7.813068205524788, 6.5677719726664545, 11.818181818181818, 82.77414772727273
47332, 7.6875495809382555, 6.0431982621078575, 9.218666189880208, 85.0575123666488
47348, 9.552208511997447, 6.6523440279410515, 15.310219765985925, 76.38055351668753
4735, 6.769873991429294, 4.726252283047787, 4.363407146275695, 92.16150909918639
47353, 7.431896194798179, 6.200772831402188, 9.612494414882814, 85.4319834274341
47357, 10.076465930896697, 6.01045407734826, 13.204514068703608, 78.36721042637666
4736, 7.590997411228538, 5.440583433597329, 6.842484541354782, 87.9922358082663
4737, 8.433005988237356, 5.624854140430308, 8.582110753775698, 85.23926952055184
474, 9.145605145070101, 6.554141283079942, 14.384969577372143, 79.14405525407005
4740, 6.265474897150081, 4.976435235954431, 4.603961262980929, 92.2893718368562
47409, 7.4935697713580485, 5.654556545890401, 6.768554668340822, 87.67730670381198
4741, 6.932158384858209, 5.563049786469247, 6.56676796255545, 89.00415662440183
47416, 8.539764676001765, 6.574491332879864, 12.595127990387066, 78.37818155336271
47420, 7.998060944489337, 6.221571494276824, 9.951968238776342, 82.32572978146435
4743, 7.177354948249608, 5.613954844151252, 7.128538772639353, 88.40161772463513
47432, 8.120636635919192, 5.990312365537737, 9.924894247647549, 84.03067537624817
47441, 9.277056357491793, 6.561623710957003, 14.64294600646927, 77.76671919493518
4749, 7.486969788925146, 6.397309959451978, 11.19446195813014, 84.07169602532264
47492, 8.594982528842134, 7.012430883345091, 15.14000894772464, 78.28914916315833
475, 9.231160102256506, 6.808535482083355, 15.399586908166507, 77.9075309818875
4750, 9.666403413407235, 6.299103268971192, 13.982656834547932, 79.1038643686612
4752, 6.838500548132355, 6.399278211383537, 10.097806644762715, 85.60428268784331
47530, 6.184083625576358, 5.864967883059382, 7.055656129601262, 88.7952776617308
4754, 7.532392269723249, 6.418797649433548, 11.374284900727396, 83.91317853537315
4755, 9.527809815097097, 6.308378999191212, 13.640947785067507, 79.39597679336333
47555, 9.83505878403166, 6.785791442916559, 16.990646009938615, 74.6065965117412
47556, 9.467383636146234, 6.702694978437535, 15.815773116720088, 76.10023034454181
47557, 9.524084471376137, 6.7812289536026835, 16.442811030380696, 75.68939879347654
4757, 6.96129734457958, 6.373539181825502, 10.405878769418216, 85.42110874200426
4758, 7.699505328246415, 6.301003131402743, 9.350568122589388, 85.04769102470551
47586, 5.916575479683994, 5.703728744471223, 6.844251848075452, 89.57572152830883
4759, 6.536284053977628, 6.002605578168703, 8.508460607994046, 87.43071340271963
47591, 6.16617099990892, 5.905289313696876, 7.201468365363853, 88.1199165047146
47597, 6.611143487471783, 5.630938378876786, 6.617780675781125, 88.66928199591668
47599, 7.065267735864405, 5.79703061974239, 8.523497048879046, 87.3378650613197
476, 8.310079722823945, 6.358277565633472, 11.67081699692699, 82.74345660697256
4760, 9.761609308852567, 6.361580287935947, 14.865982186777188, 78.33526955320418
47605, 9.117446269150348, 6.6461837744961425, 14.76975541192871, 78.45597299508059
4762, 6.868814616796897, 6.370799329444059, 10.141673959641311, 85.47112616211966
47628, 9.288456230226108, 6.561442967522974, 14.639981552297316, 76.93460673725475
47633, 9.424407153382054, 6.499054945519023, 14.119125823439823, 76.20878213479642
47636, 6.730170281566727, 6.189867062730219, 9.051121017864697, 86.06618723764277
47638, 10.99597442699518, 6.3932903828062, 16.98726535569487, 73.99846398399686
47666, 7.143197728128558, 5.985440506524312, 9.15743729092889, 86.31338349405037
47670, 7.456243195310084, 5.86332770216987, 8.95741146582169, 86.17791984812742
47673, 7.893773944385331, 6.391009669127627, 10.891423911205706, 83.15613593642775
47696, 3.3184714904088306, 3.5016108608521788, 1.0792060127192138, 97.76450183079591
477, 7.828557035505077, 6.332180014475046, 11.15823860268451, 83.5899732602711
47701, 8.572715164081588, 6.54644931085453, 12.269686161119436, 81.59388784533886
47707, 10.978854158010224, 7.301551779493811, 22.263989014761414, 68.32990044627532
47709, 7.310019913293682, 6.18675919036997, 9.694591866636278, 85.46706606323056
47715, 11.210397361687948, 6.978085313706878, 22.13191315034822, 68.46866038508807
4774, 5.2479077475930875, 4.766285843195522, 3.298621211239746, 93.89144220140788
47740, 8.251864205764248, 6.469402948951476, 12.299039730907644, 81.07673110656998
47744, 8.055511106870924, 6.3283337878135, 10.265265633036961, 83.2665882871629
47748, 6.401450942247538, 5.3623397228505745, 5.6641152633948675, 89.95947771274201
47750, 7.109406657458188, 5.969835396196843, 8.251746290010379, 86.25690801469969
47822, 9.77919498385341, 6.449812935604979, 14.468560715315833, 77.57246899336602
47827, 6.881275414576922, 5.605578722030668, 7.180314643001211, 88.58227291063112
47831, 7.868738324078731, 6.333292423180759, 11.130323406980468, 83.29994053336993
47835, 3.9260336677408563, 4.077040748389198, 1.6463724991190636, 96.43905876825497
47837, 7.376197231024282, 6.09324375842288, 8.763731396172927, 84.9574769666903
47840, 7.0631188739696205, 6.570700645239245, 10.64869513498742, 84.3038442681584
47841, 6.256438319190025, 5.561367795629063, 5.244755244755245, 89.58541458541458
47849, 7.293913899397284, 6.606739052075816, 11.031633384392698, 83.52632836324287
47850, 8.536951761971759, 6.206823987253932, 10.966144787903117, 81.93630402783353
47852, 9.68238298425599, 6.651983664315333, 14.814436962978078, 74.80332811897799
47855, 7.1269489509218005, 6.369745932941753, 9.647895580132088, 85.0279416936965
47857, 9.159916172731544, 6.180406676699265, 11.946800712116453, 80.96973505079066
47873, 5.630552120366254, 4.7305110747151735, 3.712549140626048, 92.24752116568945
47930, 9.072526687512333, 6.19734374210046, 12.609366958311888, 80.36941728140906
47934, 7.028494714565793, 5.901863294084407, 8.389168415463578, 86.92068468559582
47935, 7.252169922348203, 6.0062482453682335, 8.982073778159844, 86.0483932138252
47936, 7.246936256042706, 6.0017282701185035, 8.95707227073408, 86.06649564656969
47941, 9.356684707660865, 6.626236081057582, 14.487017639632876, 77.58708928997919
47945, 9.378085336999494, 6.522503235225536, 14.213050179825313, 78.36787121082376
47960, 8.369309694211218, 6.448704395396701, 11.991109360492924, 80.80072025433981
47961, 6.967820992813238, 5.9502029648767945, 7.804772502472799, 86.51551681503462
4799, 7.005059178367997, 5.6444604968118295, 6.789992579243083, 88.2381002862292
47991, 6.419531981045036, 5.637231850168528, 6.702026899033909, 88.87952263686304
4800, 11.327873852763028, 6.402471844358828, 18.320891100841333, 69.92416163052494
4801, 9.784379549040352, 6.241303105868798, 13.459231175313144, 78.89931372078514
4802, 11.250825148617048, 6.696283261647799, 20.245995080098396, 69.53260934781305
4803, 9.889437154352477, 6.218460846728795, 14.114730413082025, 79.07499835817956
48059, 7.184504759037248, 6.570215591093512, 10.971123585948797, 83.60125882453006
48075, 4.3286959204255355, 4.304942947907159, 2.4505547515677764, 95.26483357452967
48079, 7.234863454855087, 6.4823879084023925, 10.457261489498478, 83.8477832460402
48091, 5.19812675765791, 4.621904224890794, 2.2245577158871956, 95.18304431599229
48093, 6.032861137114484, 5.733945593077806, 6.858500280846283, 89.21082194345628
48192, 8.111858243267625, 5.887302604629346, 8.413461538461538, 84.53167925824175
48196, 8.400660916415827, 5.90377747684177, 9.07715582450832, 84.42715462382633
48197, 7.158442270144532, 5.147573660392498, 4.287039263508639, 90.54309367593007
4828, 6.374199868587539, 5.4360830071371105, 6.790307258213167, 89.94285876331051
48285, 5.722604778514142, 4.880791820808685, 4.019511577080232, 93.08225903519052
48289, 7.242434242401647, 5.759579341662356, 8.205535254298209, 86.58868987000538
4829, 6.0828883463035766, 5.041600823919815, 5.1848247635130305, 91.61526682599424
48302, 8.44815686747328, 6.646474275648557, 13.352360952958401, 80.25317578858639
48304, 7.3344114620023975, 5.651834838753016, 7.443534877089595, 87.92638444996257
48305, 6.47734548036911, 6.131690434728696, 8.587406674289667, 86.82534039261658
48312, 7.250011261623421, 5.768507020654872, 8.085911835559866, 86.95210086662703
48314, 5.5423146767720315, 4.203409950886935, 3.1423999298522514, 94.80687447937218
48318, 5.954543438153632, 4.927638654662771, 3.954784370844152, 92.52422265847635
4832, 7.705207742980353, 6.186485931119898, 10.35733652461714, 84.49671833803923
48361, 8.695003245764324, 6.139357833711738, 9.499731252363985, 81.9262237971055
48370, 8.065974247242226, 6.935151057337308, 13.060160833906217, 80.08281507298278
48371, 8.581795450358921, 6.950623858039726, 14.306240720341012, 78.54423104554816
4840, 5.352349701701782, 5.212173325570369, 4.040510788199031, 92.26596213121972
48408, 8.912833599468666, 6.857679807658636, 15.120500371779732, 77.95674233477672
4844, 7.850788440861042, 6.4467373793121725, 10.666261280559434, 82.62551997678244
4847, 7.341328952935756, 5.721589571044439, 6.599512838729321, 87.7423119861971
4848, 8.119021400420841, 5.973614122993781, 8.26408742351778, 84.7463061426243
4849, 7.171743440553056, 5.552929471624965, 5.827765404602822, 89.05769434722664
4852, 6.375901082931008, 5.694437840037036, 6.380688535582574, 89.24141095092727
4853, 5.710943481565069, 5.38814185026348, 5.476722323107333, 91.19674739261092
4856, 6.671130602454549, 6.003587064202335, 7.817031373582915, 87.20669654626944
4857, 6.450844165333976, 5.903022175512046, 7.405208244974129, 87.99163061611107
4858, 5.9716391923060925, 5.541911077090547, 6.144508473420397, 90.03307532308112
4859, 5.950522162686684, 5.811510850578154, 6.030228254164096, 89.770974706971
48593, 6.529900641013653, 5.766836953696477, 6.720751873032762, 88.5534423903888
48596, 6.992026324956036, 6.05048296482003, 9.38503272691073, 86.17008038625221
4860, 6.2699828481611375, 6.480401523812258, 9.981628127969591, 85.94868546088058
4861, 6.475418749464, 6.568665017432076, 10.423456883700952, 85.27249298870613
4862, 5.001704068539701, 5.054174108655233, 4.776476310136587, 92.75118550642402
4863, 8.276708897435599, 6.802945037244373, 12.820137414638738, 80.06755696851175
4864, 5.926434881334863, 6.0605714517364015, 7.9087118718455125, 88.19179284617073
4870, 10.77307665281998, 6.995122268737962, 19.65454155884825, 70.18278311604831
4872, 9.413435626359307, 7.335191627116219, 17.918813081940645, 73.6695058852865
48728, 7.939278966487326, 6.460354159576344, 11.86523140546129, 82.54211518579335
4873, 9.039109471772983, 7.316378550106404, 17.00372306025065, 74.91974154154504
48771, 5.888783712713275, 5.769486636307606, 7.203623908960336, 88.94044856921887
48781, 8.5813068352686, 6.390377497038547, 12.067179000086348, 81.10986385746769
48784, 8.143542774265168, 6.139108450889129, 10.518582541054451, 83.70354364736387
48788, 7.432970808144256, 5.933262097435323, 9.032749613003096, 86.20235100619195
48789, 7.807491957099946, 6.222972104980174, 10.775100532197401, 83.94302994829773
48792, 7.631993488183686, 6.143751798193831, 10.146396039812968, 84.60994479803257
48793, 8.207397873780137, 6.750382540068033, 13.254055756812097, 80.37801228539928
48797, 7.220669938262726, 5.887285210583989, 8.631261302714792, 86.17136253223615
4880, 6.7528335859659485, 6.052968732017641, 7.831097676176081, 87.04893255242774
4881, 6.146812281846, 5.539737582427866, 5.638405477604586, 90.0692481261509
48813, 10.962880347617252, 6.363854532124811, 16.226368364566994, 70.747681554253
48817, 8.612020849837707, 5.804713723111107, 7.618181301344553, 84.3713579123909
4882, 4.202426123783338, 4.205437208525108, 2.318460966674336, 95.77190591650002
48836, 6.679153245754137, 5.497041592045467, 6.982134579039332, 89.39129194451378
48837, 6.08492824857474, 5.233896942458563, 5.291292124207315, 91.0324134192312
48838, 5.810407635577775, 5.079249249694099, 4.700391068500063, 91.93641983095748
4884, 5.162195722453574, 5.09326012456836, 4.173674541361554, 92.66695991926929
48841, 10.043339448010551, 6.796224373221162, 17.11748940340272, 74.25646717121032
48847, 9.811505975249156, 7.552256199575843, 20.422719060995604, 70.51200384290055
4885, 7.261257442481697, 6.156703108062222, 9.025030949002083, 85.7393037229385
48854, 7.371081725750356, 6.044208736117125, 8.792294393677452, 85.2091293420307
48855, 10.040304048721167, 6.7024503824234145, 16.807335073469982, 74.76846024406079
48857, 10.611345776169083, 6.779297568638128, 18.852939261766814, 71.96666883666428
48863, 8.38556976492145, 6.186016468400023, 10.365074343562164, 82.21322366339766
48864, 8.457092383472464, 6.214527259698447, 10.735028026976757, 82.12347053687793
48865, 8.098532839025506, 5.907931560862635, 9.19823873808487, 84.74137513911066
48867, 5.053248660002699, 4.5653711926153875, 4.014871573983814, 93.89494683865702
48868, 7.703000968607522, 5.896702486900786, 8.750846768730526, 85.0589351036445
48879, 8.091780923120506, 6.0347992268330035, 10.76937807187387, 84.15179046362688
4888, 5.292852135642146, 5.430188135600748, 5.197365008558536, 91.49592821204419
48880, 8.085885020962012, 5.9995222888727255, 10.496428113102622, 84.36069641100227
48894, 7.156626602799896, 5.653068376661901, 6.876230094829129, 87.62524601896583
489, 7.451386286371492, 5.31521006330089, 5.9212260039326186, 89.39612008676086
48946, 8.058932502294942, 5.898986544705552, 9.597526872839259, 85.1765760875978
48947, 8.058932502294942, 5.898986544705552, 9.597526872839259, 85.1765760875978
48959, 10.664174440905036, 6.863113212159654, 19.795906732797448, 69.6345704349809
48960, 10.649393959556397, 6.875965881972235, 19.792937527792663, 69.6509811522981
48963, 10.847092935788682, 7.006538709590597, 21.29055031142184, 69.62071439144644
48966, 8.085889184361424, 6.385097337338991, 11.069950738916257, 83.35467980295567
48969, 8.096538464528118, 6.472633031242743, 11.732081067721206, 82.88680177953535
48977, 8.09172935963866, 6.45151493159528, 11.671889984082888, 82.96967839523872
48999, 7.719068093021911, 6.770745393817147, 12.26016808055181, 81.78268453183225
49003, 6.305215301786447, 5.939086028597252, 7.659417682038628, 88.09829828800576
49004, 10.12354404999794, 6.591652217470075, 16.488778501264235, 75.93922713745496
49006, 10.12354404999794, 6.591652217470075, 16.488778501264235, 75.93922713745496
4901, 7.798308514918891, 6.1896872938556635, 10.560428125464545, 84.01962241712502
49018, 5.379292457056721, 5.732317383724574, 6.386295215245198, 90.00336201231718
49035, 8.539921837497696, 7.104139072876166, 15.363579863269111, 77.94677665404825
49036, 8.373539980893725, 7.074216851114481, 14.983109453019255, 78.4062603077833
4905, 7.207573651334883, 5.969329804862125, 9.107219043659953, 85.96011420944963
49051, 7.924738379405463, 5.8763596453099955, 9.714334789749977, 85.22399115414757
49052, 8.050658017586505, 5.979407018530508, 10.376796801905249, 84.37951858467297
49055, 7.987007785462572, 6.626149742970228, 12.031762471948904, 81.17761173172877
49064, 8.711418392990403, 6.7240971463718235, 13.616304392488804, 79.31791099971237
49116, 8.76905313246416, 6.7904436950926295, 14.244073748902547, 78.92888498683055
49120, 8.8218338799795, 6.868908902154459, 14.796624963631075, 78.14023858015712
4914, 3.758700340536941, 4.260382279719252, 2.155190347410027, 95.7603494903266
49147, 8.021105015307453, 6.265822674549038, 10.646234285167749, 83.46741198099875
4916, 4.92409048192509, 5.2388179777869315, 4.282472159180873, 92.163403177284
49163, 7.281738590800295, 5.621514988997188, 8.33181070710762, 87.36785779541124
49164, 7.574514360092985, 5.796528873433569, 9.256836320816433, 86.13895067381918
4917, 4.985103233301446, 5.305649308553361, 4.4799024554322235, 91.87899428187016
4918, 4.467104526562295, 4.882205243491323, 3.4505386340022968, 93.67747580248263
49180, 9.30779125230028, 7.0059936237488545, 16.411204070525397, 76.27425418000936
49183, 8.481640914878477, 6.577897607349902, 12.744301113270895, 80.95776638982153
49186, 10.147203252545687, 6.626429445211108, 16.149208000112438, 74.3538208548258
4919, 5.037559768280128, 5.422774028981019, 4.886240405975932, 91.37195860224676
4920, 3.5593439606398967, 3.8891619908702952, 1.418197969280985, 96.84236621114934
4921, 5.130218558899515, 5.413355236927236, 4.816718702366311, 91.35156159660244
4922, 9.644335315147558, 6.0873769558343485, 11.73554897835467, 78.87708162464786
49221, 9.535679740614288, 6.436518445297666, 13.444014095359421, 78.39773159230303
49225, 6.499038288980775, 6.557072602896901, 10.28190149525698, 85.46679886381906
49297, 4.197404034719403, 4.280381036140672, 2.292051756007394, 95.69396447801977
49301, 8.891608523504887, 6.622489588184963, 13.680664024681477, 78.72255282894652
49302, 8.891608523504887, 6.622489588184963, 13.680664024681477, 78.72255282894652
49303, 8.940612485318487, 6.636698821954407, 13.835523014167514, 78.37041421641166
49304, 8.940612485318487, 6.636698821954407, 13.835523014167514, 78.37041421641166
49305, 8.940612485318487, 6.636698821954407, 13.835523014167514, 78.37041421641166
49307, 10.436821766863348, 6.857933145532036, 18.871097124521782, 71.75120325805257
49310, 8.589713937630783, 6.366525281617529, 12.46030378375717, 81.10583195883902
49311, 8.568763851903524, 6.376871840958255, 12.456308767784178, 81.1118495544725
49312, 10.018001036467952, 6.079208196015441, 13.50843151767318, 78.02004360784942
49314, 3.9149230174952954, 3.88557818945228, 1.137472783241985, 97.19198137998349
49318, 4.172393035122589, 4.108157748425372, 1.5865768747859832, 96.58714758589201
49320, 7.8872791469746035, 6.985517495400491, 13.798009784202991, 80.29809322219977
49322, 9.802413095328815, 6.974850396818711, 16.70464455509607, 75.11463695951839
49324, 8.678415889748619, 6.749099141391415, 14.525726286314317, 79.13331150428489
49326, 9.906843243148648, 6.517987843866014, 14.555655985128842, 76.70242338455242
49328, 8.439609763960403, 6.844722863361865, 14.354024617019393, 79.43859027716285
49330, 9.977492977196903, 6.66593463690489, 15.699383514471451, 75.87307453259646
49333, 8.390712003041829, 6.584653870274991, 12.490887504946784, 80.50446772614609
49338, 8.570827283106167, 7.16485688132578, 15.34832648745374, 77.44723250233845
49343, 8.866897888469241, 6.996492868552546, 15.433143239121808, 77.34327672285936
49359, 6.599141313760332, 5.301905910058487, 4.70075518147643, 90.37226787318275
49366, 8.361136739528101, 5.769988791511483, 9.471077304086325, 85.30868565363524
49368, 8.991095778744162, 5.874235126267931, 10.148878994135071, 83.53504246680136
49369, 9.038915497774251, 5.864358185389776, 10.234616740433198, 83.31831890642748
4937, 8.074675996837584, 6.114127671634977, 11.130920875467773, 83.58451495482446
49371, 8.635494204496082, 6.095782745378407, 9.818735376201618, 82.77563217094692
49375, 9.15307019592286, 6.484803921422591, 13.112303564584133, 78.92295898811805
49376, 7.839294955430965, 6.296889778627004, 11.353852572490565, 82.63639984070092
49377, 10.570608762654649, 6.841649371620827, 19.213281793812296, 70.93052531804919
49378, 7.972253120553801, 6.053822982361762, 9.990601102234374, 83.79971803306702
4938, 7.594061807084266, 6.009073699851609, 10.45185266953674, 84.94958972660706
4939, 7.974572033221627, 6.164915809321293, 11.272088684008342, 83.56565323967365
4940, 8.046866391846065, 6.333482729449334, 12.238666373239436, 82.56400381455398
4941, 7.699597858245233, 6.039644237236574, 10.654009418627334, 84.72770506878199
4942, 7.3343270241855745, 6.146399714408276, 10.313948367342658, 85.05651909485562
4943, 7.747205367786888, 6.071653067034092, 10.724411606606449, 84.28070027509301
49430, 7.919968885549235, 5.408164230758749, 7.059736229635376, 87.99041338800842
49431, 7.909869026099808, 6.7129542005674585, 12.236247935602341, 81.65198008938987
49433, 7.881977203563718, 6.698594939477659, 12.131310676803093, 81.68500711632589
49436, 7.513990396459365, 6.687581837981231, 11.498173241455858, 82.81112704065116
4944, 7.27169302155559, 5.865293649569507, 9.419720649710628, 86.18868333378478
49440, 6.189918132992739, 5.347368226474189, 5.892971450518499, 90.75918576366662
49445, 6.73642680223566, 5.457313758476748, 5.730934887256144, 89.29617430960222
49447, 6.69260623908239, 5.607323996553415, 6.425101981787898, 88.46334141208622
4945, 7.396733522483661, 5.785928490521713, 9.185562239703842, 86.46089773253124
49452, 8.25596740276326, 6.702387094444151, 13.71565634539904, 80.18276969432661
4946, 7.5170833922669, 6.123758690877609, 10.61600481239731, 84.62546799666005
4947, 7.160728864116104, 5.810784920427061, 9.046620510132144, 86.64563712286918
49475, 4.710604688091351, 4.729266882762058, 3.1762295081967213, 94.11592505854802
49476, 2.413674193608277, 2.545395998359396, 0.3313953488372093, 99.2063953488372
49477, 2.3647846203114105, 2.505279334816845, 0.3031702950857539, 99.24640526650113
49479, 8.973317497738607, 6.937106462849589, 15.627414192693964, 77.02555693947373
4948, 7.038146656219164, 5.774652014262019, 8.79649182714341, 86.96296828805838
49480, 8.590767681187769, 6.625147761339043, 13.758009190343667, 79.2926024205553
4949, 6.798063709488866, 5.769901928667712, 7.441211638102829, 87.97396040919358
495, 8.158299497144323, 6.312990841320152, 11.717433728076024, 82.00870292481304
4950, 5.838577283470412, 5.057024697674572, 4.812364760432766, 91.94806800618238
49501, 4.860804137820429, 4.548969881388514, 3.777955041277835, 94.09808651526656
49502, 7.690838743032326, 6.046614386927682, 9.240107913669064, 85.29676258992805
49503, 7.692524119584449, 6.045318955376412, 9.243301683811644, 85.29314165212644
49515, 10.044945880563596, 6.533720353805775, 14.791896869244937, 74.45303867403314
49516, 6.4385061281943035, 5.350064383497803, 5.317562866514263, 90.30165987476394
49517, 5.907183592862857, 5.210273220850987, 4.517422531279344, 91.70621526279726
49518, 6.452476777982504, 5.342513540944849, 5.32292935066226, 90.29348177232175
49519, 5.911854647193037, 5.212908054343253, 4.520189842897389, 91.69818024923225
49520, 6.452476779389269, 5.342513541833849, 5.32292935066226, 90.29348177232175
4953, 11.39632605338656, 6.258339551208102, 17.55478114514441, 73.31340964752339
49532, 5.951956044158866, 5.523850686183494, 6.686114785102412, 90.15068171423627
49541, 9.168038332826526, 6.430842069291582, 13.467009659449053, 78.1478389751103
49551, 8.851840307805015, 6.1865074131902285, 10.23547550634242, 81.82073025439765
49552, 8.394601888866951, 6.104750486137973, 9.767971825150196, 83.222843726262
49553, 8.377276213203755, 6.029199632525695, 9.415595784166113, 83.62687769179593
49581, 6.600033354031601, 5.842407736010252, 7.74543431908779, 87.78043014739964
496, 7.997592789099204, 6.235627894237631, 11.510045536264975, 82.33927798118185
49602, 8.861405619546408, 6.711809020833657, 13.969638047849664, 78.4785207908117
49608, 7.71197515621851, 6.18038551213354, 10.303568352568604, 84.17628430216381
49612, 7.988857953998788, 6.1563715541802315, 10.50774430784088, 83.6509056692543
49615, 9.942179147998834, 6.936909540351811, 17.72406060131946, 74.47260684763619
49616, 4.166249469017893, 3.9534780462619237, 1.2704056192685413, 97.07546556246884
49622, 7.473028164662982, 6.350096643720133, 11.098560470736576, 84.27682042660503
49632, 5.651754483423965, 5.023511645958811, 3.2110186894563255, 92.87270011823519
49633, 5.521942168941571, 4.917395391468908, 2.933427380038587, 93.36555816028049
49634, 5.6556046734566205, 5.026419906569524, 3.2151672924142796, 92.86440291231928
49641, 4.646451673110644, 5.3010611049576895, 4.771272366619946, 92.26727649773363
49647, 7.8778441654936335, 5.914768732355563, 8.334042299773698, 86.06115260928009
49648, 7.782013652388451, 5.962561731565362, 8.456380502379877, 85.73637216412465
4966, 6.978232732321067, 6.416495475277281, 9.648380994770225, 84.76799821965061
4967, 7.269585831602226, 6.333319209460755, 9.593905948828981, 84.54439838407308
49671, 6.147569070150414, 5.0788269341324614, 4.655797912840955, 91.99175885698929
49672, 6.676232061650718, 4.850275767999505, 4.867312686047248, 91.84242193932485
4968, 7.082367174213391, 6.265922670843551, 9.131341756208919, 85.3714855486021
4969, 7.933328222927386, 6.574542532928992, 11.475015630260184, 81.81599576780647
4977, 7.511868525437325, 6.631815515944915, 11.580220323423488, 83.0096744580185
4979, 7.407159637914412, 6.584676717025945, 11.18065179489472, 83.53167329786758
49796, 9.686651671915643, 6.536922092726423, 13.862096452770029, 75.71011026969576
49800, 12.076360796710336, 7.110923385949858, 25.213401884332487, 64.09313424024009
49801, 12.685873887857042, 6.8214704992184, 25.028994447871682, 59.54225786551511
49803, 11.88600905109577, 7.164563143073918, 24.892459826946848, 65.48949320148331
49818, 6.7996016745133945, 6.507081030938634, 10.439156396152601, 85.11045092214019
49819, 8.535840637045037, 6.990585518674533, 14.629534439712147, 78.24386840945807
49843, 6.535349899596484, 5.67770847742653, 6.313797958465329, 88.71656107004576
49866, 12.01318432604685, 6.9859699519622165, 24.197265625, 61.17578125000001
49877, 8.986318258673647, 5.944209415954785, 10.53193357923608, 82.97596368205585
49886, 8.66322164382592, 6.238228864532582, 11.320005773672055, 82.00899730561972
49895, 4.716550501334397, 4.232636750265083, 2.5519444840147334, 95.48627363194204
49898, 7.121315223998358, 5.725094636830118, 7.32057743620151, 87.48888230062259
49900, 5.930424776708583, 5.23793606570609, 4.970222455771589, 91.02732527588019
49905, 10.210105634233948, 6.598485989260901, 16.159597305500036, 73.19071236459645
49907, 10.083157848147586, 6.58458762123733, 15.776147745466732, 73.65056906331063
49913, 9.613626076835493, 6.47415518051074, 13.657075088945758, 75.94719430747145
49923, 7.964184413313174, 6.350784018476019, 10.893056601813129, 83.17790996701042
49934, 10.877246938091606, 6.623483247286636, 18.8711998355451, 70.56257280555492
49935, 9.267012842253784, 6.254640958801541, 12.661493310495366, 78.81395761747105
49936, 8.05377281046036, 5.973516246393164, 9.164314910968054, 83.86879713972944
49937, 8.187087943944057, 6.049915465501597, 9.681924762972779, 83.15730451626058
49939, 7.739264728073004, 5.724764383376797, 7.820700896495518, 85.18228742189622
49946, 5.7878223736883285, 5.307212196173322, 5.283532966440056, 90.85464551634833
49951, 7.5848863871980905, 6.525164185902089, 11.537109884254798, 83.07467322669508
49970, 5.9575470161167425, 5.9751835410605825, 7.758296841621297, 88.57085185953541
49980, 6.30406826407843, 6.123653694409048, 8.22646698352913, 87.37751472214748
49986, 4.053051685917795, 3.721995085655561, 1.2803684513529072, 97.2803684513529
49987, 4.214299341031658, 3.8763388047453375, 1.477230825958702, 96.88421828908554
49988, 4.02410270723754, 3.736235687067631, 1.2783305693753455, 97.28210797862539
49989, 4.1422296088396084, 3.8661632089086186, 1.4856167385637502, 96.89958245864958
500, 5.980912464812287, 5.644820143815298, 6.36652163860689, 89.426613699897
50023, 10.118900763953327, 6.850253959234088, 18.281530229593727, 72.27088798968384
5032, 8.75489812872138, 6.475742081293864, 12.308137851143933, 80.1847025131126
5033, 6.2023012252243, 5.454546706512591, 5.398981324278438, 90.73759667987173
50405, 5.820523482387166, 5.631174554549613, 6.114904372100042, 89.83741370855182
50409, 4.58739355541834, 4.951688811911729, 3.657969036021222, 93.78238341968913
50415, 8.58788495138656, 6.118248216156911, 11.117944410277948, 83.10108449457752
50416, 7.948195407369373, 5.90991658051202, 9.57468201699261, 85.376552209542
50417, 7.960960672857988, 5.849216127624489, 9.211997405071154, 85.79276456541844
50427, 11.704057185415287, 6.172991995215055, 17.717993496326628, 72.11700590148139
5045, 7.256606681365661, 5.769096062931021, 7.994203895178918, 86.97350001227989
5046, 8.139332596076878, 5.830296272076624, 8.59463183663896, 85.66632950730757
5047, 8.171994207014974, 5.799892677968911, 7.966577703350952, 85.54084462818568
50473, 7.463556445657754, 5.902266260858909, 8.051757689100054, 86.12465987683962
50486, 9.100206593406282, 6.748374674188046, 15.179222293962052, 76.59696332243351
50487, 8.82590868122854, 6.668342631326459, 14.659025446455177, 78.25231918317077
50489, 9.462203110022077, 6.674334391289387, 15.98964655838358, 76.61346148058227
50490, 9.081063194027983, 6.561185106896401, 14.128753011222312, 77.76102156328952
50492, 10.084949159467406, 6.601965106617224, 16.474329755935855, 74.37015704636805
50493, 10.071372248303202, 6.627678595953785, 16.557280721847643, 74.3857622324692
50496, 12.9944632318883, 6.916984081913275, 28.942746209786762, 56.052015284111924
50498, 12.916452190977367, 6.950395395053197, 29.23095431441547, 57.72053294835935
50499, 13.439435154942215, 6.722458061238476, 29.076888501840042, 55.48922662022081
50502, 11.437946365710895, 7.896282994634727, 29.037494131061774, 62.96062780870615
50514, 5.678236610442382, 5.796060738525845, 6.4482099294521005, 89.36506889958463
50515, 4.626534857309484, 4.662825482763299, 2.8582107168148556, 94.36619718309859
50516, 4.362372985868671, 4.541444998824404, 2.1138338683159787, 95.16558365301807
50520, 3.01306773322256, 3.532015850735063, 0.4234921816827997, 98.32464631422188
50522, 4.616547134337163, 4.578017062677481, 2.1756920732567653, 94.86412506702034
50525, 5.749045617224724, 5.826884099347451, 7.418126595651025, 89.29043049564223
50526, 5.711500125301585, 5.859139994634663, 7.546546943087284, 89.20507064571504
50527, 5.968245452202406, 6.037694138433294, 7.955706068913616, 88.30941246035586
50528, 6.6675863250340335, 5.74545062720769, 6.714452561430829, 88.93443561499531
50530, 8.332435859914753, 6.823908260500312, 13.393412949998563, 80.11626459293028
50531, 8.036771718289229, 6.789988917123416, 12.793581187824937, 81.08058941240677
50532, 8.317203784026084, 6.831330843791741, 13.255158697273556, 79.9052512361537
50536, 6.520719736269488, 6.052691029642142, 8.35013679833332, 87.37271898191919
50537, 5.267360779734108, 5.288029755753977, 5.115994011915886, 91.59256914931026
50538, 6.178036286785376, 6.034491300344581, 8.231931270160645, 87.83813995081601
50539, 7.439163909380416, 6.805145608650845, 12.154075882590167, 82.26645012915954
50542, 5.973234979036297, 5.609708020501776, 6.1248923522863326, 89.93887710306875
50543, 5.650956920440482, 5.371809416505761, 5.006859999624109, 91.39586896460992
50544, 5.675746491508374, 5.606705898562904, 6.171519112695583, 90.00396118043177
50546, 7.960245630181144, 6.846176991214846, 12.893655407437105, 81.08048511576627
50547, 2.7845919696724364, 3.4095519089601276, 0.4364973006087989, 98.4646016004901
50548, 2.7469595624446916, 3.0742079783087166, 0.23723912962894314, 98.91388960966749
50549, 3.912818172397504, 4.013548651926945, 1.4727054589082185, 96.64367126574686
5059, 7.491201087064619, 5.955431932448046, 8.33465419770698, 85.6554129022032
5060, 10.323386190190279, 7.0268752458617305, 19.80023434922585, 72.5993424570265
5061, 11.603080096652864, 6.970946019934574, 23.3390138101983, 67.0104461756374
50611, 7.7364758164252105, 6.1551065337024795, 10.509108560333505, 84.5311518474102
50614, 8.664156112893975, 6.284591074877168, 12.00690819170232, 81.76263557980401
50615, 7.76019558699375, 6.110876852541774, 10.035805495309353, 84.80512313753673
50624, 5.140912271190329, 4.551904762165503, 1.9089265441702055, 95.05108691081865
50627, 5.831911408217296, 5.191198010681213, 3.7967315871949854, 91.85135437653906
50644, 6.769776880039145, 5.46854869883064, 5.630995967928813, 89.36830884738379
50645, 5.706759326191504, 4.763746599143324, 3.246737583520274, 93.390742214825
50648, 6.277322004886267, 5.449074757215583, 5.690721062078004, 89.85783880801117
50650, 6.277843428808367, 5.4487835383829575, 5.69104532892675, 89.85868543263341
50660, 7.929943744797439, 6.260363479967257, 10.53242408841623, 83.15494838088159
50664, 8.62737351612327, 6.1113522269729526, 10.064786190779062, 82.93593858624106
50665, 9.656795739994143, 7.127828043142193, 18.001600632893926, 74.32180080399607
5069, 13.605474680156723, 7.027557300564848, 34.15404661225293, 53.05339758088308
5070, 11.622012959823433, 6.949378517156923, 23.734510610545325, 66.22685998093614
50708, 9.191377237087211, 6.470210399403358, 13.696003756260433, 79.37578255425709
50709, 8.661770249851948, 6.331780443950565, 12.024137579097776, 81.60338844662176
5073, 11.867530035235024, 7.2576813685851995, 27.303136718052496, 64.1414201535623
50737, 7.088625992117131, 5.896162319826811, 8.326539369234071, 86.56940570692984
50739, 8.248122096248771, 6.257766569105643, 11.191112720610947, 82.89646063885309
5074, 12.25683758350882, 7.551118631545164, 31.27809123075452, 60.07459118293966
50740, 8.340927545026867, 6.386821399880135, 12.026517170080787, 81.60850936840535
50741, 8.253340015212002, 6.256482244123361, 11.191231919562023, 82.89414822231217
50747, 3.4252818742114046, 3.651671786746018, 1.196994477233402, 97.39979615539596
50749, 4.036455591906208, 4.251408424925135, 1.72018853794987, 96.18739262587552
50758, 7.118960433881408, 5.904997125375914, 8.387658006937807, 86.47986854681946
50765, 7.248007052741385, 5.999792520260132, 8.850896680511285, 85.85595157603271
50766, 7.298918773010652, 5.971082677218969, 8.749543118832104, 85.77648298252026
50772, 7.308421606460477, 5.967659398875531, 8.741254972134488, 85.75571054362004
50773, 7.103918957602617, 5.904188609690428, 8.34642280796127, 86.50995158687466
50774, 8.342449767667361, 6.387374583627224, 12.028905184174626, 81.60172237380627
5078, 9.893167949816483, 6.628927558540201, 16.464973195503177, 75.84202311746478
50787, 7.534694285554174, 6.050348703544316, 9.405980494881922, 85.41146127186265
5079, 12.12576448676187, 6.991099095689074, 25.86402203367243, 64.31744480476212
50811, 6.591250470345884, 5.597268882749715, 6.946643843766877, 88.81067672338828
50814, 6.762962082806222, 5.49779347104265, 6.455915171202578, 89.04514782976139
50822, 9.427926560058257, 6.53648938345897, 13.762883901009785, 77.65395280699
50824, 9.531474445122504, 6.477183115892899, 13.811383928571427, 77.73968962585033
50825, 7.751937502864475, 6.559245227708748, 11.343224409508853, 82.25248166389656
50826, 7.762464570948456, 6.553426343234665, 11.343051447043397, 82.25122747095239
50829, 8.125547994058467, 6.491477518303583, 11.411706837186424, 81.86529407631228
50831, 8.203999069857598, 6.8303158786544005, 13.638326213770613, 79.80708281659088
50834, 8.526732458871026, 6.457683503782944, 12.418827430571547, 81.25086353797263
50837, 6.711525047842087, 5.914529565340504, 7.506344861905946, 87.90047275441653
5086, 13.45504828550258, 7.549881131680693, 37.125138051142635, 53.20420241837284
50864, 5.789359086554226, 5.00418762061197, 3.3074644404729847, 92.53555952701544
50868, 6.0307360595271735, 4.959850767763498, 2.910338340664509, 92.79608266246161
50869, 7.494353746412685, 5.703408356166163, 6.256638343069571, 86.86935740839087
5087, 13.727720467580173, 7.420539681996342, 37.777746146072055, 51.984968613439996
50876, 7.016186559925715, 5.530385279882683, 5.23066284698212, 88.32114985676182
50877, 7.5039666384861015, 5.97268333887261, 7.985839064449668, 85.63593627579003
50878, 9.245126320515384, 6.928683473075061, 15.835566483410227, 76.22454899577313
50879, 7.923079292836285, 6.615823468320714, 12.659401031779707, 81.89025615829554
50886, 8.16143519774903, 6.627105618185134, 13.13412759415834, 81.0037951575711
50887, 8.122176135468623, 6.583071515450276, 12.860632149162052, 81.18304273173564
50895, 5.605226373025316, 4.809452005843835, 2.616927622454927, 93.26874761320926
50899, 5.221449244859609, 4.792478364334072, 2.6396141882829665, 93.44519590217732
50901, 7.292017810205816, 5.533442653582111, 4.919759469914589, 87.49090351985906
50908, 9.518917716160711, 7.316445358439921, 18.924478065614608, 73.53018477677092
50910, 7.119958636534179, 5.627603735204072, 8.196068865465843, 87.5569706384563
50911, 6.3139052396364255, 5.484256522069007, 6.182361369386946, 89.5146785354998
50912, 6.315935890056308, 5.483327448700071, 6.183885620217663, 89.5146785354998
50913, 6.315935890056308, 5.483327448700071, 6.183885620217663, 89.5146785354998
50914, 6.315935890056308, 5.483327448700071, 6.183885620217663, 89.5146785354998
50915, 6.205396012412877, 5.4872761677653275, 5.612429553797632, 90.22025748410113
50916, 5.610589532873233, 4.645342108691818, 2.793334243955744, 93.24318171470199
50917, 5.5865293470759605, 4.644219135563387, 2.7934224514261157, 93.30257175815973
50920, 6.053404409931329, 5.0288460631234395, 3.8550120640491334, 91.75806097828472
50921, 7.281749609688612, 6.20303128574177, 9.544059535032998, 84.69500330973061
50924, 6.744780118201435, 5.859568897160952, 7.4779870759880644, 87.46773573507606
50934, 8.63769387978774, 6.715342643025796, 13.48731796701707, 79.56890731989584
5094, 13.924313118158652, 7.4423599643890155, 37.850965197536844, 51.024700754168684
50941, 8.271945396714209, 6.409973608617505, 12.534343103620083, 81.86541774025937
50943, 9.111473915189292, 6.6146487171619315, 14.415068388477115, 78.19974020019868
50944, 6.843805234535189, 5.49142304088401, 5.037686160552124, 88.91209589538686
50948, 11.273966384949453, 6.904758241834812, 21.91174343971434, 67.99559495867493
5095, 13.549979830549649, 7.5521519111537785, 37.2841726618705, 52.62174875484228
50953, 8.79787076307761, 6.4663158273603445, 13.317197419943483, 79.71563620696209
5098, 12.356064846694975, 7.390233504374967, 29.546497503036846, 60.21055473073289
50982, 5.8301473059847835, 5.034279169431011, 3.3490718202879846, 92.51004428282354
50983, 10.231681723376887, 6.368207620297458, 15.701221101807148, 76.10144217233072
50985, 10.235683823940523, 6.36883384573519, 15.708167954877794, 76.09045331105077
5099, 13.106075106707225, 7.372051510773336, 32.437206734750205, 56.908639249240956
51001, 8.491573547000112, 6.635233113074663, 13.222410772181062, 80.77342273360651
51010, 5.533742629436793, 5.0266875836443665, 5.078411511997485, 92.17049119253025
51012, 5.9735031619053, 5.11713855072438, 5.493388700688449, 91.45994973226969
51017, 10.704502154887198, 6.460007874188432, 16.49139514318754, 73.99768723216108
5102, 12.91853118881327, 7.748922608113121, 33.31712062256809, 57.70103761348897
51020, 7.076433036429523, 5.36702821008985, 4.972518438483582, 89.30802837412504
51023, 13.156149893800842, 7.118053409652589, 30.372694002539397, 54.53282545373067
51027, 11.145155605545439, 7.23213433784814, 24.14799485281437, 67.45599023626643
51028, 10.764560527709099, 7.104262724970139, 21.84290396989195, 70.35328396260775
5103, 11.442123820629872, 7.711316329861848, 27.424533549072155, 64.96561662537292
51030, 12.766646321286075, 6.86931161869476, 27.705887116365695, 60.74338003077172
51047, 6.174271370666263, 5.42811530368709, 5.563250635574647, 90.6268081002893
5105, 9.224013279887153, 6.977109199318156, 16.62164390163477, 76.23178480386562
5106, 9.582040480468567, 7.236568483022649, 18.773045136681503, 74.00381436745073
51076, 6.5105533887723235, 5.658139886566323, 6.319582125972244, 88.38455086167455
5109, 10.875750448857188, 6.893716867956593, 20.809937830672517, 69.46293573520728
5110, 11.676419247070577, 6.981728255421812, 24.12643256426305, 65.8051496773358
51105, 5.899642394719593, 5.61278267807756, 6.464237349202996, 89.79984842649306
51132, 6.269201244374771, 5.575491558291656, 6.281101971715374, 89.44029276467671
51156, 7.0407400501360815, 5.021417658734149, 5.954574587405864, 90.73465790738663
51191, 8.953469830973333, 6.417541768831231, 12.848404328932435, 80.84364361039607
51192, 9.729183924678718, 6.6029571406317125, 15.158612129231704, 76.70761267960233
51211, 11.118609764486637, 7.142625435894509, 21.881410434107668, 69.4697011698176
51283, 8.039021585809936, 6.673617333802051, 12.670705787506412, 81.59553416558767
51288, 8.173121125543984, 5.869699446606224, 9.635956920967654, 84.43887215196723
51292, 8.309234037126624, 6.952742763045477, 13.987374168230676, 79.50065404083489
51309, 8.123691531509207, 6.436442218189832, 11.402204562932582, 82.35324275826711
51310, 8.508262167417417, 6.581083124702279, 12.672326170672699, 80.95142656721973
51311, 8.054252291412382, 6.378831159248295, 11.00413830842368, 82.80891959369335
51312, 8.757361653600503, 6.691722068202658, 13.93053330281529, 79.69357976653697
51314, 8.480641876918261, 6.525635891616343, 12.63700380487251, 81.30927366687489
51316, 8.568898243394502, 6.627982198968917, 13.212723998971104, 80.44242476206807
51317, 8.673701700122924, 6.553095596079857, 12.290264156101562, 80.28568499470322
51320, 7.596588160215986, 5.839977938060996, 9.154639175257733, 85.9683848797251
51392, 9.252956317938176, 6.994278463404628, 16.409623689080817, 75.89579477688669
51395, 7.712106455446015, 6.7706584605304565, 12.429272729704785, 81.31061143139956
5145, 8.95184861041574, 6.513692018331697, 13.123007508318379, 79.27286030346846
5147, 10.02678752085444, 6.705791080781238, 16.51991614255765, 74.92313067784767
51487, 11.172629158517232, 5.816080854723045, 15.264706213861432, 75.91212903371243
51488, 9.431217453860354, 6.330831122399545, 12.78096552914276, 79.65507571508694
51489, 9.175512897309318, 6.105714630083686, 11.10556016032155, 81.47445868767954
5149, 9.521325016712348, 6.301400460548715, 13.628574226400314, 78.08460634547592
51494, 9.32332944284168, 6.010818548232418, 10.964643037920153, 81.39747773362195
51496, 9.323329442535277, 6.010818548207789, 10.964643037920153, 81.39747773362195
51497, 11.261936407613135, 5.830447601156465, 15.56993562788181, 75.53746772938908
5150, 10.273047058734395, 6.64995512665758, 17.14753774237738, 74.26598313773673
51501, 9.768989443864426, 6.0852958512357755, 12.403901840769468, 79.41426965398985
51502, 9.768989443864426, 6.0852958512357755, 12.403901840769468, 79.41426965398985
51504, 10.978432271730822, 5.925854055449052, 15.315629571283898, 76.44086868459547
5151, 10.02311151669855, 6.478336612710385, 15.274242383644596, 75.96393451408055
51511, 9.33431430547578, 6.311452872252627, 12.570837553060828, 79.95970609149087
51512, 11.214938633421925, 5.835638068245523, 15.512138025727888, 75.91077397499241
51513, 9.33431430541441, 6.31145287223545, 12.570837553060828, 79.95970609149087
5153, 7.9980772256178865, 5.575418308580582, 8.329772731896885, 86.61824248713097
5154, 10.66076206593706, 6.576773842777544, 17.484120135244105, 72.7856607296957
5156, 10.044233557237247, 6.38286150408288, 14.891554250574776, 76.35661062020442
5158, 8.015071933807025, 5.641080673733932, 8.363651397387134, 86.47263105672234
51580, 7.667096764844287, 6.688464252353928, 11.901481452321905, 81.75149916676509
51586, 11.617728052526884, 6.29828529575126, 18.029134351161236, 69.20416326270782
5160, 8.804569503281327, 6.175160510842728, 11.730942950455145, 82.04850253630741
5161, 9.593362444068987, 6.906253664673939, 16.712974063156707, 75.61457202093
51616, 7.492965919974557, 6.235157731500661, 10.302729402179448, 84.79987778796212
5162, 9.517677027316756, 6.642315988855166, 15.164924133502703, 77.4578092938204
51620, 5.49974793446518, 5.122445101766794, 5.209004366187102, 91.76866366043949
51624, 9.03565101706678, 6.78698237490713, 15.314126253865298, 77.61331925484576
51629, 8.448323445939236, 5.711439870282422, 8.322861568134662, 82.4425027031766
5163, 7.758366232034697, 5.882023641895784, 9.096094689021534, 85.523662069387
51647, 9.385970278183283, 6.664916662531748, 15.413085445178107, 77.03591673122088
51652, 6.688136013252674, 6.029898149323961, 8.70940453860017, 87.07810756801157
51657, 6.485875638253183, 5.629457988460415, 7.121019259823223, 88.59042837939116
51662, 8.50710782882175, 7.101119197596463, 14.485831031743029, 77.63894669138512
51667, 9.62356523881984, 6.799221713273859, 16.13697632058288, 74.82112932604737
51673, 4.455633775548178, 4.523296818116375, 3.0588913094359325, 94.74461228237581
5168, 6.444575180080472, 5.337297456774374, 6.035901460870446, 90.32964528951565
51680, 3.950959594069951, 3.976650693988971, 1.9603956828050957, 96.3747094542244
51693, 10.714656504530927, 6.626331333803062, 17.477798644046217, 72.93026068688926
51695, 11.006535429621826, 6.6540295828937435, 18.196910525400416, 71.69035685487059
517, 7.800018357998239, 6.283875118842277, 10.754092181779022, 83.45358604350636
51706, 6.139796095838437, 5.306060261168044, 5.408760983063797, 90.97478670571756
51708, 6.472837106705281, 6.066766202200197, 8.472906403940888, 87.04174228675136
51712, 7.054319679027449, 5.868370403892574, 8.674101610904584, 87.32392585286904
51716, 8.572096873902625, 5.973275137387525, 10.903051586647566, 83.51357176363199
51722, 4.964090384820838, 5.178055587996899, 4.806629080037678, 92.21055792936808
51723, 4.964090384559983, 5.178055588230305, 4.806629080037678, 92.21055792936808
518, 8.201679150274462, 6.180027734844636, 10.633414302770802, 83.30828770225204
5184, 8.076568691364438, 6.670684358253694, 11.766596194503173, 81.1416490486258
519, 8.310894204284638, 6.462515677940595, 11.887884911369609, 81.63628558565162
5196, 3.0724860787792148, 3.7242676233178518, 0.8042558538935198, 97.62912076404307
5197, 3.31970780271829, 3.7457170869266134, 1.1742865777317273, 97.26719336873461
5199, 3.1798624210075856, 3.602171351846509, 0.904398276524039, 97.60249136129005
5204, 3.6716900461888513, 3.6902392572085985, 1.1132454378765388, 97.3413079542478
5207, 7.392440826793593, 6.288840730912176, 10.341000689244284, 84.64503919346737
5212, 7.95386878501376, 6.212197909149983, 10.51689765330387, 83.65479307280282
5219, 7.57166860548331, 6.743442297808798, 12.210816278218951, 82.32616695719543
5220, 7.924073427637781, 6.793842661213277, 12.729598314633158, 81.27286578197447
5224, 7.4172398543842855, 6.891187597874104, 12.334943639291465, 82.07622114868491
5229, 7.132504676071983, 6.229318505834306, 9.151022514676473, 85.23966195729308
5230, 6.227257211262349, 5.646098233042674, 6.268143380032816, 89.58254449072321
5233, 5.8288137981449335, 5.5653023864362945, 5.863299956464954, 90.22377013495864
5234, 6.0608935616957185, 5.809334333839439, 6.773199644890073, 89.07166605740943
5237, 3.9835002635285957, 4.4912487731242905, 2.7927344221273933, 95.0959583547443
524, 9.918975705011302, 6.843155630929218, 16.8038256227758, 74.85959741992883
5241, 5.741679766767377, 5.857243799608366, 7.175055156103678, 89.30606479056553
5249, 8.132811128334401, 5.887278797202418, 8.5243472913289, 85.78157320959356
525, 9.808738377774693, 6.807970527069315, 16.498485673212464, 75.35904199639911
5252, 10.245957146265724, 6.635723206746949, 16.22419332523712, 73.45774853576424
5254, 9.107313470116082, 6.6474304255137, 13.411174485621286, 76.69692716576581
5257, 9.424005540130144, 6.250761672347018, 12.959579180509412, 79.59440753045403
5258, 9.617363344000108, 6.308424055571076, 13.601193765889244, 78.798220404554
5259, 8.669722393777754, 6.261382315889714, 11.594077658716442, 82.15088143795369
526, 7.709840709968295, 5.684248729167956, 7.119544811252636, 86.76169020593247
5260, 7.0287466486218415, 5.73889195260761, 7.635206786850477, 87.86298464533186
5261, 9.407819665619192, 6.383565795766791, 12.893755229977167, 79.270143390018
5263, 8.414714120152249, 5.714794584616404, 8.011037362965173, 85.86471772689984
5264, 8.602056528155769, 6.05734880360978, 9.929267712791251, 82.8741678554446
5265, 9.808028255837105, 6.49133350707995, 14.032773578205063, 77.13290379314427
5266, 8.039643264408225, 6.460552425844815, 10.794837977261725, 82.13325765037813
5271, 10.14805292166973, 6.822195158275568, 18.037772738998793, 73.93246527542057
5272, 9.666682115103637, 6.958949253311011, 17.19752146972497, 74.6618421256969
5275, 11.421580911689151, 7.402310124301177, 25.29875577767132, 64.29690433341533
5276, 11.320079175025525, 6.935696194523955, 20.76555023923445, 66.77238550922762
5277, 11.581369094602142, 7.236005065669669, 26.330366267272915, 64.32855936847406
5278, 9.255298308628422, 6.872439623516553, 16.564905760552165, 77.33091466831844
5280, 9.64162060995161, 6.439089021497674, 13.136620309558952, 79.33429929448725
5282, 10.655197004943012, 6.580439539176278, 15.660426028754904, 73.34401346783062
5283, 10.269985354176434, 6.640638849147904, 16.552137619333116, 74.25479254100755
5284, 9.063598854511932, 6.622275976008921, 13.10464444016188, 76.85933261188609
5285, 6.231660674652418, 5.810448185704036, 7.293681912703422, 88.82152722457299
5286, 6.0523773961556255, 5.617144050938145, 6.576438384026713, 89.78024865038941
5289, 7.485480810555394, 6.390992295210171, 10.70802828358676, 83.63916525874477
5293, 7.580531497632264, 6.002779712169598, 9.082837717857968, 84.73504335875262
5294, 7.015290354239261, 5.892069567194914, 8.212851900199503, 86.6259451737642
5295, 7.277607730924533, 5.671417924822271, 7.425957596981296, 87.07278008524038
5296, 5.828452191140983, 4.806225757825098, 3.8680098153170603, 93.0840759395583
5297, 8.250052174408609, 6.055525607405004, 9.829699021228581, 83.35826182791467
5302, 8.821083476015364, 6.713290570773546, 13.507499904093297, 77.96319740156775
5307, 7.0395040110815925, 5.505453215182247, 6.871386066356032, 88.90697804973895
5312, 5.953479272954032, 5.1482761553411684, 4.925088531735222, 91.61672568782349
5316, 5.911559490362371, 5.190662887692532, 5.345187433930556, 91.25850432331336
5319, 6.085458211795257, 5.452105148285994, 4.812680115273775, 90.00540345821325
5320, 5.563167722268364, 5.2586071829976335, 4.5038628020382445, 91.54749511442294
5321, 5.345883971865737, 4.896721489424379, 4.254323234949942, 92.50552593940971
5322, 5.316617940289587, 4.66125833893889, 3.0676838175620844, 94.19286190914174
5323, 4.4893992500745625, 3.7982649592221596, 1.318901870833632, 97.10594222636371
5324, 4.882507482643458, 4.430841874079788, 2.812222047820855, 94.66855020143358
5325, 5.031360009578878, 4.810460439265168, 3.1726283048211505, 94.20425090720582
5326, 6.07984528819913, 5.469292268827882, 5.828000077810415, 90.30482230046492
5329, 14.001451682261953, 7.449729027105555, 37.58743883034615, 52.167582335104626
5330, 13.8796193296847, 7.489490204432762, 37.24886427969788, 52.71675342787313
5333, 13.536676126432141, 7.656861627642786, 36.20551124866087, 54.47268182359243
5335, 11.546523358788154, 7.066060333652096, 23.924249524492105, 67.32227030901122
5337, 13.838228377957696, 7.4043191434087205, 36.37242651434012, 53.14173509460907
5339, 12.737208130899878, 7.819608776755932, 33.13558854367861, 58.1880139065173
539, 9.072970453035731, 6.800977075102811, 14.821445049367906, 77.51038110178094
5403, 5.686744274333686, 4.6482146013728824, 2.0116761623408594, 94.60505029190406
5405, 7.476965789390193, 6.711327971898278, 12.199724083319413, 82.35989186045792
5406, 4.825702332444998, 5.048503199907121, 4.039375424304141, 92.85132382892057
5414, 5.239907921062369, 4.653834025766924, 3.202657434790531, 93.86239085035109
5418, 5.537889386302194, 4.7121922380879315, 1.801306290821588, 94.07356479889997
5422, 3.27428935792076, 3.3722405923552574, 0.8532179865006179, 97.86814335963496
5443, 6.533202572521505, 5.354802844408972, 5.477445058475775, 90.57961701580773
5446, 9.00197920820596, 6.23483632372402, 11.63079127966265, 79.8500675247361
5452, 5.17444108920389, 5.084046955691418, 4.27041225600453, 92.12136464444688
5453, 5.003924338358516, 4.821038850220624, 3.603617749583896, 93.36431868856577
546, 7.901678392183117, 7.141927174574456, 14.673775376041881, 79.82220185035523
5496, 6.068662475745647, 5.358397807265624, 5.368750762722206, 90.80014644266363
5497, 4.254596903202382, 4.3313891731671195, 2.656449553001277, 95.37675606641123
5503, 6.091105992046276, 5.3668181181862495, 5.313607341726677, 90.73466255164193
5507, 5.952348931212319, 5.25506632409579, 5.110846078293813, 90.84642907254104
5508, 6.174839766858483, 5.88048581908264, 7.166439868829054, 88.36973252727151
5521, 8.831715584211437, 6.248995361235366, 12.446672612017643, 80.71175492299164
5522, 9.518452517121444, 6.839392545757598, 17.073398909440822, 75.37822089169251
553, 9.220754884587128, 6.661014880100726, 14.387221051101257, 77.3751544668169
558, 7.449452419819208, 6.6586642895850385, 11.393391521197008, 82.90778734980731
559, 7.8505908032140805, 6.948612438143832, 13.456281706953149, 80.64697105341689
5605, 11.104681140246916, 6.858997275928083, 19.71891485563177, 70.20819630320683
5641, 11.934954124083035, 7.4671964001965625, 28.297539603901296, 61.453794453663136
5643, 8.791744116232264, 6.489677824682465, 12.732590066791822, 80.31493046243439
5645, 9.248430140797042, 6.736031801177539, 15.411434746809386, 77.3299197200494
5659, 8.275716080176664, 6.088778547298145, 10.262556915700932, 84.63382459325665
5660, 8.784871938676877, 6.202931930465218, 11.368435052951837, 82.12937870953797
5715, 7.369860960154256, 6.091976220880226, 8.79727296115256, 85.74093130949319
5724, 6.576438777039225, 5.618699283593495, 6.723961005643921, 88.47614161108261
5725, 8.213386179733773, 6.099275074428594, 10.538200392437787, 83.03796679851746
5733, 7.547981553694448, 6.774400040100514, 12.0846375070743, 82.29057183446714
5750, 9.00350101454814, 6.683397106699371, 14.49357491844205, 78.47789128670108
5774, 7.5407435526261155, 6.3651336078675795, 10.24587425669807, 83.67296942161644
5793, 8.972711463415127, 6.4410382731426825, 13.087611425038215, 80.3840406712124
5794, 8.809749271688947, 6.156766515859893, 10.238091254371142, 82.18414844312079
5853, 7.585844613290589, 6.148977655415234, 9.441712013394726, 84.88384261197155
5857, 8.206614640937778, 6.3650091775178765, 11.272479421171289, 82.52110313007917
5863, 9.028858921243017, 6.811667784139277, 15.115725307172113, 78.07198569175901
5864, 9.000691652893543, 6.8105009136749874, 15.049710419600409, 78.19623704299767
5865, 9.191864550185942, 6.901336272367704, 15.933351799373574, 77.13975241301429
5866, 9.023662881384377, 6.805738625434936, 15.08318438058573, 78.11822441273837
5877, 8.400693008463195, 7.230984822888919, 15.219084536381256, 78.02633723984277
5878, 9.03837269674545, 7.4784106663184975, 17.618711800658204, 74.5208129904886
5879, 8.409246350158432, 7.237408981606209, 15.24721154108375, 77.97776505131492
5880, 8.840387139429057, 7.436047533970437, 16.92559206604404, 75.41322687284354
5890, 7.135103510782078, 6.555017930832352, 10.900423046363304, 84.10677088925634
5899, 9.28670528960158, 6.7413399099018685, 15.43126186309069, 76.54004486405206
5907, 10.254994060326194, 7.264203529413392, 20.544364887370687, 71.43117637762731
5918, 7.310397679203888, 6.487132157229869, 10.746217980156185, 83.67035122797752
5919, 8.194815359932669, 6.282012202347506, 10.925809899384513, 82.64659270998416
592, 6.460713937490518, 5.431284820717297, 6.585477211370494, 89.7530570112752
5920, 8.059922815444425, 6.298693767829747, 10.636807667496083, 82.86793843885356
5921, 7.614908091608859, 6.092039116015364, 9.193218087559728, 84.83847757504196
5922, 8.049941642816691, 6.3081489388834155, 10.68267315777827, 82.89628973961791
5926, 8.010206904791758, 6.375377498832038, 10.635121166877225, 82.78779526051837
5927, 7.666792194456994, 6.2909583399489835, 9.927272727272728, 83.82775119617224
5928, 8.083810703111414, 6.397168475925008, 10.871973111297837, 82.34283095256284
5929, 7.913728443190119, 6.325056806371384, 10.3944992893635, 83.15983559328545
593, 7.632357836434285, 5.923227577198761, 9.409494403705134, 85.58085681204169
5930, 8.101710660436723, 6.399617475057318, 10.896036760482481, 82.35113919203523
5931, 7.713262932610497, 6.3116318714363, 10.17309386129514, 83.56757170757861
5934, 7.351098687481085, 6.5661286740042515, 11.046174054578856, 83.784349746333
5935, 7.833557540057939, 6.689874214509892, 12.213174674085204, 82.098038419364
594, 7.906636502922233, 6.062190138028763, 10.456822932532221, 84.63251436434491
5942, 6.62603726457021, 6.513385535586442, 10.23747222907924, 85.26388546038015
5946, 6.511037964976589, 6.46049536220094, 9.941799257096319, 85.68221997099896
5950, 7.113120239989405, 6.705168022771688, 11.295857464528373, 83.60094787661872
5951, 7.141528920609218, 6.693706656350779, 11.316299524798064, 83.57946104426364
5954, 7.330459650642032, 6.566780947722045, 11.025270061728396, 83.82233796296296
5958, 7.3775168661001205, 6.565513406892733, 11.082782863985784, 83.72928496928961
596, 7.769828236320283, 6.150250274026908, 10.67089322159017, 84.3710104650658
5964, 9.885734524068399, 6.71350209846929, 16.061056562024618, 73.51334531876643
5965, 9.909474070146647, 6.70788523870576, 15.897818320557732, 73.986334154209
597, 9.168678462398365, 6.293023888995422, 13.57118580233872, 80.07863093980507
5970, 6.2801435196913795, 5.104210591255251, 4.093008005683215, 91.59539878138747
5971, 6.507529793381212, 5.178291021110404, 4.361520392910528, 90.8765748451847
5972, 6.586167237409222, 5.275201156790526, 4.8210470085470085, 90.36858974358975
5975, 6.426400455483987, 5.361772708881323, 4.797609200309523, 90.24468340582223
5984, 6.38655413329394, 5.470952592258059, 6.812215724496426, 89.45159194282
5985, 7.101425869035917, 6.188375980997746, 9.69673506258872, 85.44715447154472
5986, 6.967116295295109, 6.040424285099493, 8.967989027766995, 86.34164014181094
5987, 10.585670905665271, 7.117026349780534, 20.647350993377483, 70.66721854304636
5988, 10.17448955746333, 7.292917064034275, 20.4492723054208, 70.3939042396119
5989, 9.468764058069643, 7.382225879508559, 19.415451572130358, 72.27760186596824
5990, 9.57379235148853, 7.594990132295605, 20.66199905951199, 71.73441663618789
5991, 13.874702316909715, 7.451582530005357, 37.49485221908955, 50.10453955079672
5992, 7.582111360558223, 5.981966177537682, 9.574345220526903, 85.25671461752667
5993, 6.919998215017815, 5.939103325060648, 8.865981982891318, 86.57927275480077
5994, 6.845401532934497, 5.806512091918205, 8.240995481965724, 87.10972008379818
5995, 7.891750306409296, 6.474558074535801, 11.830994857469367, 82.57888388038855
5996, 5.993203965145315, 5.6232229980050334, 6.110351117191063, 89.67663910862626
5997, 6.142350131486085, 6.010281881126328, 7.6953495729199615, 87.57711167352103
5998, 11.006599348209612, 6.672920347430926, 19.34511688523255, 69.77817599304933
5999, 12.607478260090971, 6.805409240903949, 25.19836406094776, 57.31592460230425
6000, 12.717126136921435, 6.779922179093982, 25.806846414627877, 56.78216064719057
6001, 5.653776220606175, 5.447102754548969, 5.541209170297068, 90.59512310512724
6002, 12.73999187890615, 6.912089527719053, 27.028336776596017, 56.28331675466116
6003, 12.67814279960796, 6.902165779641217, 26.53782821255792, 56.66636882347685
6004, 12.318876491394194, 6.8765211280426515, 24.777297178076484, 58.79722096286039
6005, 12.212586250644726, 6.648089206595901, 24.174630274273298, 60.86339549012217
6006, 8.572220940698559, 6.754707467751724, 13.201075729820321, 79.46369411856413
6007, 12.714691228708064, 6.798709398255642, 25.570167314934867, 56.345002160894
6008, 12.559936858984512, 6.89714064091888, 26.221312781052035, 57.2702878217931
6009, 12.776462355460517, 6.893002123660911, 26.838691519439152, 55.88675528036128
6010, 12.635496381493894, 6.868268034977171, 26.01394493538336, 56.959697604331616
6011, 12.168959916557009, 6.792090708889002, 22.802788374318126, 59.87052201250047
6021, 5.227851443555524, 5.256885493531785, 4.218270465576911, 92.36662821322072
6022, 6.9109694179374355, 6.417812647561717, 9.631665480601704, 84.62614414370199
6023, 5.381894982308968, 5.716194360903954, 5.925259792166266, 90.33106847855049
6024, 6.765116844104127, 5.801360225162104, 6.853356669583698, 87.97349668708588
603, 7.643633639297341, 5.663547713962967, 8.369240760862777, 86.47757503091161
6030, 8.157582318679163, 6.761907508933601, 12.301484736222394, 80.71135234484937
6032, 8.064198219085318, 6.817165597536767, 12.852396122358101, 80.46792039187477
6033, 7.408979010845771, 6.622997768921705, 11.469352928019353, 83.35970442288735
6034, 7.426354765370982, 6.7345568497393415, 11.995685923907645, 81.91210069961826
6035, 7.694827657397368, 6.5577075285724735, 11.053767476775828, 82.84904027608353
6036, 7.303132295145648, 6.506088007048557, 10.19982462200728, 82.99630643318365
6037, 8.057969353343427, 6.631369629561242, 12.20963237130725, 81.39944140420991
6038, 8.403414413516323, 6.683284061001828, 12.467668386035733, 80.60551693204755
6054, 10.12981806539549, 6.420092024827241, 15.288362940997146, 74.5628135132888
6055, 10.672532065061963, 6.6436352344676575, 18.630238595623684, 71.11303416161866
6058, 10.483497419269801, 6.5021033211884, 16.348195329087048, 73.45031430831355
6059, 10.231182220622031, 6.370198971668951, 14.275562243959536, 74.87668255162612
6061, 9.294162124685947, 6.605727160264189, 14.894355202442494, 78.0210248759671
6064, 6.403160316231131, 5.518016113846579, 6.353574078654464, 89.61476626267623
6069, 8.371868497350846, 6.845956008154785, 14.944584451128634, 79.36211148145136
607, 7.561956433548649, 5.967619930698237, 9.297437950360287, 84.86414131305044
6070, 6.274815309381068, 5.849111830463408, 7.213587110912706, 88.16200641207743
6078, 8.002693338733833, 6.244863496162782, 10.898101227181147, 83.78411380426155
6079, 7.959716720039905, 6.239950711004781, 10.773602685670534, 83.90217327286649
6084, 7.045954302201391, 6.318217576907009, 9.530394698934025, 85.21847690387017
6085, 7.067590884997819, 6.312482826466974, 9.576651948253156, 85.116972654737
6086, 7.012577167383235, 6.305650436710836, 9.469653455868276, 85.33601378518092
6087, 7.683610739193607, 6.635674238429649, 11.621871862081557, 82.53980673682564
6089, 5.491408291397655, 5.79437645065162, 7.129550738660159, 89.48979739194478
6093, 5.6004904633596215, 5.71807206341997, 7.023502436228146, 89.5786758383491
6094, 5.637371398667097, 5.848790543759641, 7.367711202938477, 89.10267447199264
613, 7.252236955982987, 6.619072022278308, 10.815992039102056, 83.50016097403928
6134, 7.026385905023406, 5.9977712966851895, 8.582334962536915, 86.74412906387424
6138, 7.42976082557214, 6.105172381047454, 9.338172118849464, 85.65163309011169
614, 4.824635358139176, 5.3697030218788715, 5.077561971087294, 92.02545916401466
6151, 6.086190935940892, 5.50098930718002, 5.566963267168606, 90.0932173006095
6156, 6.0667460865787515, 5.247100306673757, 4.5478240549334, 91.15421257931729
6159, 6.7407830325282125, 5.963487346249628, 7.864479818712038, 87.27083604212716
616, 7.319483015063618, 6.7770809996320995, 11.250414838305248, 83.17600206497289
6160, 5.717655208650153, 5.176312238402014, 4.833816715004834, 91.75917591759176
617, 4.996208330844999, 5.129294593389118, 4.432940833363713, 92.23323976522913
618, 5.054658970107582, 5.125565799795474, 4.6044232115645976, 92.30811471246379
619, 6.771232232849525, 6.563088084381654, 10.457689907452897, 84.5830069177964
621, 8.06294790494729, 6.873302292515117, 13.191113016910997, 80.261571034224
6212, 9.424499716886167, 6.426761411449842, 13.826947912182522, 79.39856097410983
6217, 7.54189309762469, 5.935295110604419, 8.031618610747051, 85.76752948885976
6218, 7.105013899381422, 5.908388934939917, 7.63943903222353, 86.77657638368484
6219, 7.762542542228448, 6.14332377307198, 9.236757779737198, 84.25127422095099
622, 6.962399138774328, 6.731004919872969, 11.378207273165312, 83.36032551229371
6220, 8.633693056283306, 6.741762332269853, 13.539464807735552, 79.36136721385203
6222, 7.55508149399884, 5.8752683385055695, 7.935436227450153, 85.80862960227871
6223, 7.713206070011929, 6.121475138526724, 9.055402250053067, 84.52557843345362
6224, 7.789889640923649, 5.969472775092289, 8.451388155811253, 84.86012878707908
6225, 7.869890441980889, 6.5732681909805635, 11.490294301815904, 82.3888541014402
6227, 8.799952961329463, 6.617231793889391, 13.587888419555853, 79.30032202751872
6228, 9.038181327323128, 6.700474099857526, 14.330289351611093, 78.25390551869033
6229, 7.539012060960828, 6.071664767789021, 9.6682929645775, 85.41817027050435
6231, 7.541648190423528, 6.09249241729558, 8.709991910224232, 85.21437905785227
6232, 7.299678259703933, 5.977681473593878, 7.852843089959519, 86.3791765421482
6233, 7.56269706456099, 6.0369287936710645, 8.364111715151264, 85.41104701830103
6234, 7.770084986453491, 6.553622423820764, 11.197484496462573, 82.62730369464583
6235, 6.008016659425056, 5.6406604679162005, 6.845394194602209, 89.61577078119615
6238, 6.011903652878896, 5.470175775072795, 6.0919481167739615, 90.35227447900228
6239, 7.381709298519264, 6.20392621568723, 9.544400985078951, 85.1477618426771
624, 7.544879897252634, 6.571716301425964, 11.188638975537678, 83.10074974005363
6241, 4.638765275453255, 4.331842602744004, 2.8390793535634704, 95.1546872570866
6244, 6.07882389862992, 5.471519409110782, 6.212056934712328, 90.1900261852865
6245, 4.525435115246557, 4.058974415550521, 2.177529447747499, 96.01271157992107
6246, 6.779677541287551, 5.948052662688753, 8.31137340560905, 87.2749316152821
6248, 5.323211240872582, 5.266724538916828, 5.217051910317013, 91.46363675788194
6250, 7.156592157152526, 6.187332014137725, 9.384288000562776, 85.34672270976593
6255, 5.5930627520837595, 5.5884712930840035, 6.559099319471885, 90.02571580895035
6256, 4.959473180232082, 5.02555795446083, 4.415960630677009, 92.6932909857164
6257, 4.581089871593359, 4.562615916141226, 3.316060358962219, 94.28676644658968
626, 7.708556856575454, 6.95105547178485, 13.060625979673357, 81.04532200704521
6262, 6.757572631108485, 6.139449834395578, 8.776986241774974, 86.25129153298168
6265, 8.5612592675024, 6.300998828690559, 12.049175793782497, 82.02373050116162
6268, 6.1590426669709375, 5.400022803968642, 6.400174468576414, 90.30544829444138
6269, 7.589704120514931, 6.2055475939727325, 10.091366389487732, 84.47227640328964
627, 6.975787593243932, 6.654664094050827, 11.028477662502647, 83.8556002540758
6273, 9.054933884903111, 6.837191542946677, 15.446009389671362, 77.8336686787391
6274, 7.946689090289571, 5.9740744366135665, 9.8214011722466, 85.74278086353453
6275, 8.79741017075698, 6.672554589556325, 14.089804982996737, 79.4100909154001
6280, 10.89988383498047, 6.554996263177712, 17.960451324071165, 72.60502535806916
6281, 7.542683566120171, 6.956806593096163, 12.727581017782583, 81.52292942780639
6282, 7.218331978531747, 6.782606880570832, 11.545430096111655, 82.89170099225728
629, 4.481270783417553, 4.94370960846491, 3.9179247451912023, 93.45926890949498
6290, 7.519723023919165, 5.70630956636071, 8.14823815309842, 87.18104495747266
6296, 7.692062580039327, 6.033796902773203, 9.804135949019118, 85.36017743346245
6297, 6.083372623158505, 5.439242232726576, 6.04688074637555, 90.401254282562
6298, 7.389629851659624, 6.2286013394224256, 9.80004369372995, 84.85552323241615
6299, 5.94880773594679, 5.488162679469546, 6.16125662552714, 90.50566796920339
630, 5.347488206682637, 5.782188792666662, 5.973573858691352, 89.94975868344015
6300, 6.766873141595257, 5.974550498737254, 8.091445290730077, 87.05763514768717
6305, 6.51470086798857, 5.589250144589051, 6.797901267664969, 89.31101834475892
6307, 6.042790457568892, 5.53247120958693, 6.342350534212321, 90.11044176706827
6308, 6.300151280235621, 5.605906244535266, 6.671863834210355, 89.1100778647066
632, 5.289973700889052, 5.360905167511596, 5.134170437886417, 91.22314997769138
6320, 6.9053437974765055, 5.837938438269264, 8.06182043529699, 87.29037952338923
6323, 7.63210605224126, 6.205519625989823, 9.666927342528082, 84.0359732688753
6326, 6.908780599871222, 5.504148815090697, 5.5093772189967, 89.0292803141055
633, 7.771224123463168, 6.758259845293764, 12.20636456485513, 81.49088856636027
6331, 6.291684357577844, 5.884443430675611, 7.231168015081297, 88.32299112402796
6332, 7.551766942492624, 6.638834842740093, 11.433753967881659, 82.89002517552501
6333, 6.819209805235134, 6.109596709014882, 7.9477952444084785, 86.64061020334373
6334, 8.02916302718449, 6.353995450525835, 10.609449095486214, 83.12628066272467
6335, 5.414549450634589, 5.4368341581465165, 5.7255306189382935, 90.85648690437147
6336, 7.307328997925526, 6.644806366683813, 10.957845826568885, 83.2950792140178
6337, 8.810612220691976, 6.237813580036613, 10.741977995035091, 82.03285420944559
6339, 8.955810315445031, 6.306340989492954, 11.633992725982436, 81.0875543333629
6341, 9.286529875731642, 6.576548525634851, 14.264639593492603, 77.6963897881408
6342, 9.395924114754157, 6.540313924517585, 14.695113220283512, 77.07877349806697
6344, 10.099855938353448, 6.615544238682364, 17.340474841633622, 74.59133748776846
6345, 7.2427964426397375, 5.805090980456864, 7.668252757965041, 86.61795789941029
6346, 7.209657751135908, 5.900402039191695, 7.844117358278364, 85.94431997714959
6347, 7.8789909469797585, 6.155154459826022, 9.831188091619826, 83.77062086896021
6348, 10.631372620931517, 6.05190902609452, 13.91434506353861, 77.01918377321603
635, 7.24029710563164, 6.79481676454353, 12.005813565875968, 82.55796898542609
6353, 8.161877356914053, 6.592872400885601, 12.08667793684758, 80.80601496648501
6354, 8.385317958267601, 6.475828225103168, 11.683337775844896, 81.20537029502954
6356, 10.177117574593186, 6.871076441146307, 17.069540241933794, 72.90928530996456
6362, 6.698113213730253, 5.724486517620069, 7.196116640800943, 88.34525490379119
6366, 8.651812191690146, 6.7073210329041455, 13.703925646539062, 79.53752335295569
6367, 9.026307969715342, 6.788161003354364, 14.852547563357527, 77.94121193122905
6368, 6.92187003727633, 5.948517453309428, 8.511569065607302, 86.77922415729672
6369, 7.843129834027932, 6.404007264551045, 11.177435371037745, 82.913630937106
637, 6.489013663718887, 6.490081065185042, 10.105684785991691, 85.38951812609102
6370, 7.437058032848973, 6.243406133970103, 9.885768571296168, 84.66680569071782
6386, 8.075698820227192, 6.853724968926862, 13.089442604061643, 81.3610831052859
6387, 8.068962818603849, 6.862904221863404, 13.117310691387974, 81.30739906428695
6388, 8.561921692851731, 6.997797885705711, 14.5018698686077, 79.25377197632932
639, 7.277803402290854, 6.531191286297548, 10.608786723239701, 83.78135238197541
6395, 7.970120416012185, 6.875758201265738, 13.00982907214712, 81.49626725852478
6396, 8.019377890886604, 6.8498451512993315, 13.013146917522512, 81.492189522741
6398, 5.468293705159646, 4.80645864948461, 3.423993984875432, 93.91691609190417
6399, 4.999291885881961, 4.787410628236979, 3.6873857140800257, 93.90235123032842
6400, 4.9714928131268215, 4.802908147569055, 3.717086794408534, 93.81685213710897
6408, 8.04791858592148, 6.880243760148547, 13.086910168971711, 81.27145006060783
6409, 8.064473156392532, 6.902859955002837, 13.112734440676002, 81.27808215207119
6422, 6.253712355702232, 6.187974475880983, 8.857690873248442, 87.24092919175236
6423, 5.441249683976887, 5.58665816244656, 6.063979811474801, 90.68878497736213
6424, 6.1265423409778865, 6.321747295084291, 9.435077130858675, 86.81705953109503
6445, 10.012229395755694, 6.831727913151762, 17.54501842452896, 74.89223388722797
6452, 9.232380178550084, 6.502656252261808, 13.801152623735607, 78.44567238582563
649, 8.01098375671595, 6.404725498476586, 12.177850260724018, 82.00253213450355
650, 5.767053931253305, 4.9648283336784695, 5.103841455137776, 91.82357617948767
652, 6.431887435169972, 5.287331901586896, 6.353315724106564, 89.95749295922472
6562, 4.029746861393902, 4.80087120432529, 3.886093565999358, 93.89251686114977
6576, 2.29396781327237, 2.853831160478088, 0.549496295062859, 98.6512363666639
6577, 2.3431884414827286, 2.793996567459551, 0.468913544065313, 98.7858488591166
6598, 4.988106101336099, 5.295209244430744, 4.93399655634207, 91.90931700784388
6599, 5.354608275819305, 5.4094835112506, 5.262388234311022, 91.29272165120749
6613, 7.349842244042459, 6.694888378484515, 11.170677948025169, 82.82057662910164
6614, 7.419469255994682, 6.853102577381555, 12.04155961489596, 82.09294446483526
6624, 7.41383800575919, 6.7703823302133035, 11.610284552556566, 82.43849385471684
6625, 7.810460953523526, 7.007754049034038, 13.272227314390467, 80.52034125361348
6638, 2.593608213393296, 3.4838330164213063, 1.3131874922753677, 97.68879001359535
6644, 6.679880958479215, 5.913653175472283, 7.708548141601611, 87.31771984091914
6647, 6.445278600486031, 6.016576292559566, 8.121858601747508, 87.38156390940483
6648, 6.837869061513536, 5.948294689667718, 8.996097429686449, 86.97685372089894
6649, 6.257286383860134, 5.888192487465394, 8.187618147448015, 88.27133405347016
6650, 7.117020345305165, 6.135425183708522, 9.766816607207486, 85.91248298088689
6653, 8.21817737457493, 5.853737304681368, 8.91772558611969, 84.370141580813
6668, 6.5825848925207255, 5.346633959272269, 6.797931882639359, 89.25783701026529
6669, 6.139191033824159, 5.055882893959344, 5.790244451954489, 90.91534927966156
6673, 8.970434746742658, 6.268750699694474, 12.287033596942837, 80.31022769492066
6676, 8.619035210282362, 6.69917293769994, 13.8168635089339, 79.48749704455128
6677, 8.378285831402453, 6.596733747309778, 12.922088896400203, 80.62306348938087
6680, 5.689991257584344, 5.673542211829844, 6.579090533218242, 89.90577465708213
6681, 8.121765627990557, 6.800110033376804, 12.75422083573217, 80.76959123833495
6682, 5.9296104457944745, 5.707080914501063, 6.787623307719246, 89.61407079002835
6683, 6.352692717154785, 6.14241304063466, 8.764895868136763, 87.26950185353125
6690, 5.963111801893964, 5.565182215975312, 6.366532218610366, 90.1773192289712
6691, 8.033779509756847, 6.733103106133679, 12.487964567687271, 81.10597599332434
6692, 8.102814866286652, 7.019885642672394, 13.90198047850833, 79.6080249298205
6706, 4.255897380838705, 3.9765770952060713, 1.6493127863390256, 96.61474385672636
6708, 5.577964468187045, 5.404944103294447, 5.3899633421817725, 90.81026418910379
6709, 5.569422367473688, 4.993371832997668, 4.338421453678441, 92.69473735958509
6710, 6.219973260173173, 5.61720749356406, 5.836701296769235, 89.68783318043194
6711, 5.285083173936504, 4.869889962861299, 3.962698196749697, 93.04919979221808
6718, 6.164332589558532, 5.972026586333325, 7.656316461080391, 87.92003402807316
6721, 6.212837874520445, 5.89221981409064, 7.242168970311605, 88.29639322810175
6724, 7.090543688765848, 6.4867321330450585, 10.44951831401615, 84.39702200334942
674, 5.859146093195741, 5.978876486469473, 7.762896591967924, 88.31612532823839
6740, 9.821514142564142, 6.205276807881303, 13.7323765728435, 79.0060134418111
6741, 9.48550762659842, 6.0609187316204824, 12.338889395696768, 80.52858613634291
6742, 9.480057900694096, 6.065400813383523, 12.36589938548068, 80.52546609728152
6744, 9.984027683601866, 6.333731696416918, 14.798212406554509, 77.44871602137458
6745, 9.828300552864613, 6.123205941564906, 13.444779170477164, 79.43945344020658
6746, 9.629190850120526, 6.043645201015402, 12.680679761164996, 80.50144543808932
6749, 7.688533388619386, 6.07594431847226, 9.264839124296762, 84.45500326597694
675, 5.72677429135538, 5.4316272801820835, 5.7466419378407245, 90.79225912812154
6755, 8.446451217176492, 6.2953823507349576, 10.895241254309171, 81.50521839053226
6759, 6.254283353394024, 5.231958941063168, 5.822453261348906, 90.80594940599485
676, 5.521940142054924, 5.232753487748073, 5.097398047367683, 91.78306161535946
677, 5.285398052045936, 5.192606140944358, 5.063896864268423, 91.95987914954306
6775, 6.471358508632301, 5.665517319887051, 7.378046660408192, 88.20277459059143
6784, 10.074855839840255, 6.907730703411374, 18.62248237428235, 72.41785574028015
6787, 11.340238705641415, 7.31043542242255, 25.190827375861346, 64.86839769554763
6789, 8.298804119005139, 5.91836787406127, 10.329573103295731, 84.0171790901718
679, 7.141185009234757, 6.420568473706641, 10.260197460403955, 84.51864545317665
6793, 11.905701814338975, 6.724455481734813, 23.581078611716837, 62.706640515550575
6796, 9.434076743008916, 6.501660933846092, 14.307883302296709, 76.91030415890751
68, 6.782219931195767, 5.731602175971757, 7.8463239729240675, 87.94149185711413
680, 6.541565377149198, 6.213277592215916, 8.784293089471364, 86.53662907285992
6801, 8.501786619242694, 6.319261555664248, 10.874730741045058, 81.16186626990296
681, 7.423424968384841, 6.511566973127036, 10.802983129389617, 83.49359206429658
6810, 10.251031253404404, 6.904977140774099, 18.958001798934475, 72.0853801978828
6814, 6.853104567190281, 5.30364043417656, 5.749189321477372, 89.63147268166337
6815, 7.304331924990546, 5.838954154242751, 8.342089462623836, 86.7400930651456
682, 5.728011512452278, 5.487228852115665, 5.838967424708052, 90.53253138993766
6825, 8.014807667161163, 6.057511874418228, 10.048238314197862, 83.87824762334621
6826, 7.902041292837691, 6.074902420688995, 9.735736243901064, 84.05392447189554
6828, 8.344968313124177, 6.330022761823148, 11.606013769846847, 81.5034424617114
6830, 9.404034404516278, 7.032740821853092, 16.936233316856153, 75.65101334651507
6836, 10.557637025184903, 7.190821942917388, 21.312478275981924, 69.8380257212374
6837, 10.346036213378989, 7.126076317461629, 20.055207849353632, 71.21539260433464
684, 7.477934689625983, 6.818231404174288, 12.180163545238724, 82.09575309944606
6846, 8.795845505806025, 6.479882439811359, 13.311198793827991, 79.96342989125205
6847, 11.072771050334907, 7.063619864523331, 22.581783629700013, 67.80371928871996
6848, 9.615000759191883, 6.372000570428534, 14.025560356643997, 77.36381081680874
686, 5.310200797827676, 5.311479407070257, 5.149693786617622, 91.71233006579321
688, 9.856360803484701, 6.351483003709044, 14.33802969350387, 78.59217433658651
69, 7.574074320586271, 6.103318697287207, 9.92620605411556, 84.97849768243503
6902, 9.00453914101272, 7.2462037695623005, 16.822153742243234, 76.33922917809954
6903, 5.064505945321035, 5.053077618091024, 4.6461035128252695, 92.53587871224514
6904, 7.575390129091022, 6.062169630127333, 8.66975959510755, 85.31590046393927
6906, 7.170587926793345, 5.4460137036299185, 5.661383561936048, 88.99293926918236
6907, 7.270250120609775, 5.661402132899495, 6.587783818356252, 88.00554311907047
693, 10.578752450930155, 6.1920616284804275, 14.898178970041121, 76.39710201683964
694, 9.065586071491193, 6.169798101485369, 11.722579775933008, 82.13993304936315
695, 11.646673794654989, 6.748759745259314, 20.53734348455295, 67.39193355565342
696, 11.335764714249505, 7.014550051095595, 22.054183693665376, 68.01718417100345
6965, 9.108248093022949, 6.749593610554299, 14.70333082208981, 76.85204209757323
6969, 10.078040672625926, 6.707416994617544, 17.160707928012773, 74.0947043217604
697, 10.015755858428435, 6.5736856374286505, 15.744203440538518, 75.4827003518103
7016, 7.654543890251774, 5.932150753489878, 8.582983193277311, 86.7594537815126
7018, 8.298240897651073, 5.947946307828178, 8.985103829435317, 84.99490686111363
7019, 10.08187697970098, 6.961828798550502, 18.69226250867731, 74.69963154803226
7020, 10.407687642605325, 7.553857649674515, 22.919945725915873, 70.76933514246947
7021, 10.962808467777323, 7.423705250562371, 24.27891833799567, 67.58807074107439
7023, 8.976070556757268, 6.248778062479977, 11.999815706420328, 80.43378101315395
7024, 10.46241032300205, 6.72350938560067, 18.94775797199778, 71.8744217603158
7025, 10.906102294824828, 6.862192538160541, 20.73903732905047, 70.7597216138609
7026, 8.795569288734946, 6.3747228028955, 13.144645142938415, 80.3769022898592
705, 10.916438970893436, 6.899253586984055, 19.936398906061186, 70.82999427590154
706, 11.194616011040084, 7.062651002274483, 21.83522873222334, 68.58580669266516
707, 9.581056160747005, 6.435192104693599, 14.069138663576672, 78.44727694090382
7075, 5.492056285464463, 5.156581093605533, 5.14916918429003, 91.8202416918429
7077, 5.897080271629886, 5.207225583220205, 5.504370179948586, 91.34293059125964
7078, 5.111530174229782, 4.491225747048592, 3.1588005162942876, 94.60892708844041
7092, 6.15089325580249, 5.428618134557493, 6.026368235474474, 90.69139966273187
7093, 7.282305426343108, 5.937280936177382, 8.21208694559618, 86.99585375047117
7102, 6.12015807888098, 5.246450180716796, 5.548082941575997, 90.76695654490005
711, 11.900143251473025, 6.874210071867752, 23.90646222324044, 62.98581223715001
712, 11.79661857895323, 6.7849589163427115, 23.32791294965122, 65.02940684792024
714, 9.432209580983736, 6.37729302475782, 12.94800932723033, 77.95362293807754
7173, 6.015053406859004, 5.7201910033865415, 6.5048742644691, 89.45226733803683
7174, 6.251556048489097, 5.984568576557282, 7.524516641273793, 88.0871655114697
718, 7.5784526948799185, 6.117326063720658, 9.38838339963117, 85.01516467773155
7185, 5.777602415946375, 5.061547354229871, 4.535622351202419, 92.01714805860878
7186, 5.838914288560785, 5.0852375374052965, 4.582660770398953, 91.75541313670618
7188, 5.8974264376934284, 5.46577931946566, 5.558561773950286, 90.54307655111275
7189, 5.183415189903453, 5.105946530305161, 4.809417703547414, 92.18937944905645
7190, 5.356615362400761, 4.8930017099590275, 3.8806089263981165, 93.29223279663215
7191, 5.514792593109478, 5.204088745780702, 5.045510504752871, 92.0846031201437
7192, 5.64131328501941, 5.069188102317499, 4.393832926879676, 92.38622742115487
721, 7.13057305874802, 5.831577477287767, 7.82578457793619, 87.53716421803009
7222, 3.8605721414811542, 4.44561084131005, 2.955074149462053, 95.20754579819715
7239, 4.275662987813496, 4.527754594908979, 3.0528180315980933, 94.97022075868709
724, 4.699118368774229, 4.940669897389744, 3.52336734934364, 93.71214442270981
7243, 4.456489512841182, 4.999100022035782, 4.182220927872353, 93.37234033164773
7260, 4.366556943702889, 4.938567912415892, 3.9239816458923014, 93.59452189659113
7284, 7.041467533346524, 6.3595930435537555, 8.979903844219589, 85.04556335619883
7291, 6.337921957660627, 5.888854206820198, 7.028203342618385, 88.10759052924791
7293, 7.296637613022693, 6.345399121486353, 9.874854964362672, 84.31750372948783
7294, 10.1611832351272, 6.643345365848324, 16.338177130958808, 71.98713217067501
7299, 9.797276991500784, 6.532870587249049, 14.680104656756345, 73.46857364104609
73, 6.771200725659822, 5.594266230838376, 6.898744237800032, 88.67429661421077
730, 4.054846256868577, 4.414924571634712, 2.4602083972622846, 95.66528357770869
7304, 9.74270438953004, 6.515176909578327, 14.367694938280279, 73.78141615721547
7310, 10.848081143511331, 7.061497758464119, 21.342904472667033, 67.87631143014909
732, 6.663531349412985, 5.347159923192132, 5.472073109571484, 90.25577205267753
7329, 11.155629452778662, 7.0885400759213235, 22.191131670991762, 68.91571702583775
7332, 5.857521645470517, 5.841516274987383, 7.064414155513589, 88.8763445274653
7334, 7.835761853462388, 6.890476206744983, 12.982541470407535, 80.8660147450338
7336, 7.255542553534051, 6.988249073283966, 12.677473997757794, 81.91013166831695
7338, 7.443826690863031, 6.7436036190035376, 11.829214797485012, 82.66728154138593
7343, 3.467758796066405, 4.676665972284896, 3.192292776519095, 94.77884595758577
7344, 6.0616602767541465, 5.343064580116815, 5.5539935549451735, 90.67846097281398
7348, 6.776685263189023, 5.869158826148806, 7.699364392896927, 87.43201625057335
7350, 6.716961994092473, 5.537247435294502, 6.373706581941523, 88.70593791593319
7358, 6.346678212994707, 5.743913573835326, 6.380365743672405, 89.259877573734
736, 5.11986827091327, 4.642855345398773, 2.4669537726220407, 94.07034925692663
7360, 7.517391191108226, 6.000848796716232, 8.866625369293816, 85.84889926617745
7362, 7.126614553187669, 6.174837035137338, 9.351101889904108, 85.61092713029832
7365, 6.400255793354458, 6.155769862048954, 8.579193689229895, 87.14298329098027
739, 4.723427501062612, 4.331490057647078, 1.7824936172206218, 95.25214906424941
7399, 9.968039199920563, 6.847624642081405, 17.30924403651218, 74.40869433657774
740, 4.6866260833996405, 4.34274781673145, 1.3017809944915149, 95.79576612405208
7410, 7.25323307815134, 6.610655438966177, 10.473258945748364, 83.57829934590228
7411, 7.829792872936207, 6.93089136245268, 12.844536441878201, 80.84486327486654
7412, 7.073426877742427, 6.533790636348585, 10.170037011210642, 84.27023547712278
7413, 7.204012130350522, 6.6150929574787405, 10.404862470382199, 83.66385082929845
7421, 7.295811733827969, 6.376680224328569, 10.240419493197235, 83.89227577604969
7427, 6.907119405873264, 6.601772165063965, 11.250361205946252, 84.34774232905595
7430, 8.027300269414248, 6.279794568025409, 10.87172482304731, 82.64621880044703
7444, 6.34356437482824, 5.244774426260461, 5.6946068597054, 90.49468410380749
7457, 7.365666187860624, 5.7370389927435905, 7.444168734491314, 87.47593052109181
7458, 8.259772909768177, 6.602400618897996, 12.841177869273029, 80.97538388376488
7459, 5.608963200071531, 5.095370305925571, 4.897130516869043, 92.07045040152073
7464, 5.045524911464618, 5.16703524122675, 5.097815484844581, 91.97232088632056
7470, 6.137248051852185, 6.072075517380029, 7.641620440410153, 87.77945873256009
7473, 7.8161666423929015, 6.734685915072299, 12.746086976232842, 81.52463419886435
7474, 7.113191605704628, 6.529071143009822, 11.027330463119336, 83.98230298993839
7481, 4.7123766990834195, 5.055384793800552, 5.006705870215619, 92.8515423501496
7484, 5.162211127752582, 5.4352675424705055, 6.040152301834545, 91.28975808622745
7485, 7.507853674301601, 6.945155063569357, 12.672256511781374, 81.51954504871706
7498, 9.531643704914222, 7.017976787954418, 16.882388353765325, 74.85907399299475
7499, 9.850299627206592, 7.0589651940794855, 17.942825878812748, 73.76829435097798
75, 7.5969306869186255, 5.912305665890543, 9.172896475307518, 85.72450453735782
7501, 9.368710270527384, 7.039940642145208, 17.096008309838254, 75.80056388188159
7512, 8.04570710402099, 6.445318059983329, 11.921517242937343, 82.3876921686679
7515, 8.071431333140247, 6.472483543452221, 11.959430588976094, 82.24526053028089
7517, 8.130811409982298, 6.443225060535131, 12.032490686838537, 82.22012098565716
7520, 8.274773166212714, 6.450135568093234, 12.041204007327167, 82.04504850855967
7523, 9.259180343428998, 7.24174667498959, 17.647569821482865, 75.3637666681145
7525, 6.864920513517428, 5.724127143350903, 7.377979568671964, 87.95200259445436
7528, 4.908599834075522, 4.646057937487939, 2.019556974655757, 94.83536220315307
7549, 6.8587855444721235, 5.792223846026824, 7.9043304686659575, 87.56200470936973
7550, 7.263654687356441, 5.974911580279535, 9.050074013577664, 86.21688530447655
7552, 7.750410054997329, 6.140777124682602, 10.514335802748402, 84.46813323531075
7553, 7.5060001204411355, 6.063495113967497, 9.564811825063682, 85.38490056087731
7554, 7.3121128437654725, 5.924377303587513, 8.771571530685183, 86.41759419993873
7555, 7.82375523696604, 6.189734103014579, 10.827662032204639, 84.10226434526045
7561, 6.897406656129297, 5.882537943947461, 7.480781289918016, 87.94388833406879
7562, 9.073035697464574, 6.459208438840112, 13.13136430416941, 80.1813668372258
7564, 9.713050250699924, 6.29349608962621, 14.045028080057326, 78.83246954521972
7587, 4.9863627482597375, 5.031892033310682, 4.052770448548813, 92.86279683377309
7589, 6.175671929753609, 5.792646592098085, 6.556329733075127, 88.58831280321029
7592, 3.790675790346867, 3.936622433523486, 1.6555329654371187, 96.56952915738857
7599, 5.112090333965522, 5.424044274758715, 4.928949402461502, 91.43825435519352
76, 7.614865470268776, 5.982843462179738, 9.500668374735435, 85.52272474100478
7602, 6.09126225392916, 5.607657603695878, 5.667574931880108, 89.52716781535503
7603, 6.310591832654838, 5.983586770507706, 7.074460764073222, 87.86448809453587
7604, 5.623545917727952, 5.65362506147091, 5.594811537922614, 90.0414356346458
7607, 5.685083207875424, 5.471376738380548, 5.318909896318172, 90.51134722177639
7608, 7.378760576042801, 6.325135815112761, 9.438352922615762, 84.03210538771002
7609, 6.794798372545267, 6.042464149135163, 7.888777298595931, 86.50085661960182
7612, 4.981785073529166, 5.1173663089276, 3.8572713257965052, 92.51348920863309
7618, 5.997890540532606, 5.64057151208613, 6.36326194398682, 90.19452540869345
7619, 6.998673905171357, 5.861285028314075, 7.62722218828273, 87.56185472539556
7624, 10.392479174226354, 6.024573999998962, 12.911880234195507, 76.925813384718
7625, 11.591154091749358, 6.6378380083866455, 20.42458331487961, 68.99626496597133
7628, 9.30681327071218, 6.4693150791159955, 13.862102945168978, 79.40493308262361
7633, 8.423357713638516, 5.696456401024937, 8.046781007806162, 84.82974734898296
7636, 5.638968098763865, 5.256652821359514, 5.24761721646936, 91.32172384431566
7637, 8.520922494082551, 6.587364263358607, 12.486580229581303, 80.21994659619567
7644, 8.158406505693486, 5.476698467917, 7.617274758004468, 86.68900471581037
7660, 10.405169359877597, 5.991356424137715, 12.973916615321421, 77.62784966112139
7661, 11.135053968403977, 6.18645197634768, 16.554171169885194, 73.13770672322029
7672, 9.04180995555319, 6.0405724359450454, 11.014564527384463, 81.3857686333656
7681, 9.789536207495004, 6.54067820970414, 14.654296875, 76.01953125
7684, 7.030243427434928, 5.795164392927786, 7.178044996121025, 88.21955003878976
7693, 7.134758795920581, 6.078368777860709, 8.451017953401346, 85.55040762685437
7696, 5.583980199149124, 5.5163729511696955, 5.751339159853397, 90.51636269003058
770, 8.358772190485567, 6.698442606543988, 12.954505969074981, 79.70018118190167
7707, 7.736605938014945, 6.040120474933967, 9.07988709341315, 84.4223009453085
7713, 6.437513703370209, 5.7295888511393915, 7.541889086595492, 88.56668890865956
7714, 7.082232212081689, 6.073232906043479, 9.05326073461859, 86.52696734831422
7718, 8.81676563271764, 6.338132453602871, 11.604448235139746, 80.73579582731925
7719, 8.554853413089818, 6.197298101337954, 10.366666118339886, 82.62736260301689
7721, 9.716631562921167, 6.42955282158447, 14.265945806783806, 77.2494690094613
7723, 12.352139697124736, 6.760340730794901, 23.82813799527596, 62.726637612695036
7724, 9.70045330169435, 6.247127664757133, 13.263235862424322, 79.42966636609559
7726, 10.96285561141141, 6.409418436876461, 16.41172429585528, 72.37233798946644
773, 7.154517820670672, 6.077797735086818, 9.18833576537569, 85.58357055713705
7731, 8.459663543287538, 6.622168511852967, 12.901764919000053, 80.50696133740489
7732, 8.893689069185264, 6.6732516663394135, 14.020272113296892, 79.04924006851931
7737, 7.939620504884488, 6.470455800076857, 11.106233538191395, 82.99158854682942
7740, 7.543926568041842, 6.421828379006383, 10.338400464756003, 83.66818357862122
7743, 7.735823304835347, 6.674563608963256, 11.347637619386855, 82.1357417983796
7747, 5.83094109762953, 6.0679838002524695, 7.7201378254211335, 88.36619448698315
7748, 5.698151041344056, 6.044094811075013, 7.600351264836689, 88.57445020443235
7752, 7.106529789077994, 6.701179564543922, 11.035417909638227, 83.82166296035146
7753, 7.762202522446685, 6.011590909275688, 9.533670057224407, 84.86561358834804
7754, 7.511775453780731, 6.273893974128799, 10.554652989433263, 84.27207669275903
7756, 8.247005604873229, 6.46080779424957, 11.977557027225902, 81.4532744665195
7757, 13.38206693857338, 6.654319247500837, 28.902678856170937, 56.93233762092059
7760, 13.423797796550382, 6.568967077986902, 28.38666385979685, 56.35492868796379
7763, 7.9330549010407, 6.712503847408344, 12.183580036543555, 81.57732657209141
7764, 7.127373212387469, 6.311804883958489, 9.62545182600025, 85.13025052972704
7766, 7.3417041973096, 6.441006113454141, 10.28635965107812, 84.341610568707
7767, 8.18232048536894, 6.7861020642377925, 13.123206786144953, 80.36370188642633
7776, 5.584090756761968, 4.937080578073325, 4.130269033874305, 92.86134408016557
7787, 7.190695641531387, 5.626253784195682, 7.3493028518823955, 88.25108839492913
7792, 9.186370288195642, 5.977209210604796, 11.78623188405797, 82.17572463768116
78, 7.142529019021547, 6.556114912639606, 11.05779635088243, 84.07522107384054
7801, 9.851108842467697, 6.311445441251441, 13.275522270398108, 78.05124162396531
7812, 10.495535104689562, 6.471958467472895, 15.841691263966373, 73.34373889258063
7820, 5.511944656690782, 5.542610196337318, 6.391518793582403, 90.24434491751234
7824, 6.2905087567443205, 6.023742274248201, 8.152714739933495, 87.24788233295308
7827, 7.437063942373285, 6.101564682236308, 9.625157686069562, 85.40728059109749
7828, 8.043683447673002, 6.2062218793618324, 11.144747575455453, 83.4016133417928
7829, 7.942791023562756, 6.129833861879106, 10.670608503307315, 84.21422038837017
7832, 8.242535102041542, 6.143028100688408, 12.203606599309374, 82.849469241591
7836, 6.351761755795862, 5.511692532433881, 6.335011351297997, 89.83318527292468
7837, 6.293409054806207, 5.6102279716748775, 6.722185078853188, 89.45215715577929
7838, 8.066329629719686, 5.868084684580711, 9.539724367155436, 85.23041326563404
7840, 5.974527177193871, 5.465568397046761, 6.191372023502732, 90.15823111019483
7841, 7.231560728459527, 6.132729582303746, 9.349315903714363, 85.58885935175475
7848, 5.432388927360219, 5.604158429605409, 6.097778129513483, 90.49720040361672
7851, 6.07429815512186, 6.049157103200797, 7.627069303471965, 88.19065732528577
7859, 10.747943769269503, 6.710192791675283, 17.49348877588987, 70.71809500186035
7869, 3.4412802246223295, 3.9417213931755497, 1.8395908496213773, 96.67961780914244
7872, 3.6372348920237787, 3.901100716115192, 1.8921070356989773, 96.70565182781213
7875, 7.383076219773554, 6.023214673636047, 9.214731305793702, 85.78992676800435
7876, 7.3304527472094625, 6.032490381203505, 9.335447051363348, 85.93912492073558
7878, 7.838916549386665, 6.185508370543348, 10.812612862897625, 84.08528962355882
7879, 7.094191473547091, 5.98437904942443, 8.904414864783474, 86.61326266337409
7880, 7.45092661100133, 6.032749594191862, 9.325565975182345, 85.70853462157811
7882, 7.795627213241967, 6.185376674989546, 10.745571345143079, 84.14166133652216
7883, 6.47841599228469, 5.820915725817701, 7.569006737665725, 88.20039121930016
7884, 6.711429730810026, 5.917364154093577, 8.172830543218312, 87.44127946703108
7885, 7.275554100978651, 6.254811480177402, 10.07343446332842, 85.09528219442524
7886, 9.055462814606068, 6.462222426070943, 13.2025795270867, 80.29694555998067
7887, 9.313356127160548, 6.29949122209023, 12.89729006356641, 80.16393442622952
7889, 5.934011617527303, 5.554466935193177, 6.244934818348114, 89.87195220784032
7899, 8.153488495838092, 6.196837293084848, 10.210030753982714, 83.18442186885102
79, 6.8417487505290415, 6.356694215476818, 9.961764149157675, 85.70584894946055
7914, 9.91563949004455, 6.519724247654266, 14.540495773360748, 76.72206991089787
7916, 7.883436315670451, 6.433852599629181, 10.953885028427038, 82.64529374605179
7917, 3.314767725863648, 3.8485206561364413, 1.6462301069658232, 96.94234281241847
7918, 2.694233224145847, 3.1961569572244963, 0.8508403361344538, 98.30357142857142
7922, 6.801631203806845, 5.7367982923962115, 7.977284056113366, 87.999359111301
7931, 7.913095904826793, 6.025993286762425, 10.117196535505924, 84.34680922151688
7932, 8.131100089364583, 6.080652038914978, 10.842861009783324, 83.6145447983398
7933, 7.9703113444977065, 6.1368959937528595, 10.145200322667383, 84.19064264587254
7934, 7.949769940024619, 6.024010156718734, 10.175596578117965, 84.30436740207114
7935, 8.17193122101114, 6.113299559820113, 10.99530335199125, 83.40989512964036
7937, 7.762734566694977, 6.181156980611004, 9.81041351834043, 84.172276411595
7938, 8.325899564896217, 6.231612857609385, 11.464813652188802, 82.51241367501855
7939, 8.353476892525745, 6.259841638509958, 11.66590753814621, 82.20792530175358
7941, 8.052758176188505, 6.313349408784634, 11.482506454754873, 82.72444767396917
7942, 8.880430818039574, 6.353896781892327, 13.079080201906898, 80.584221349785
7943, 8.847465396419262, 6.350657475137987, 13.026364996260284, 80.6497756170531
7944, 8.7519580662999, 6.583908760388523, 13.402796330928846, 80.11992756849824
7945, 8.168362882737394, 6.637962572615561, 12.854501493386431, 80.71967003271227
7946, 8.135225358057875, 6.623979457907839, 12.728614197136737, 80.82691298117169
7948, 8.546746009034333, 6.2843736993115265, 12.019770156766427, 81.90565713534875
7949, 9.381872982623753, 6.335962996093358, 13.1868296035137, 79.42573724939497
7950, 11.152492669234034, 6.940786825263648, 21.921479594661943, 68.81111910958525
7951, 8.432013591646374, 5.911022640225264, 9.965039459139868, 83.74077787203413
7952, 13.181908593757983, 7.3262210202515625, 32.884063135388935, 57.46745760580209
7953, 15.39687107382098, 7.746235181655667, 47.64629191296533, 42.295862182448765
7954, 13.760211234616785, 7.175048351706332, 36.130375992323124, 53.120910756346504
7956, 13.826311464718264, 7.313765858493298, 35.96328940256932, 54.04315470003742
7957, 13.439419338938, 7.368289716064574, 34.91708240490604, 55.36351625815866
7959, 14.785359661596795, 7.861390359238195, 44.20046401359078, 46.23781330425853
7960, 8.16570689614967, 6.632354632328397, 12.819712152610213, 80.86410991568968
7961, 13.283512940816758, 7.638678260773771, 34.88994460925669, 55.827438126257704
7962, 8.085543029838462, 6.58895898580866, 12.447407323174891, 81.13628610416193
7963, 15.301840145539025, 7.608363682366491, 46.976490020988834, 42.303058905351534
7964, 13.358170953126669, 7.3477124166689896, 34.570818874396714, 55.703801204578994
7966, 9.374606015460976, 6.393727032080939, 13.390457238747233, 79.25867625001857
7967, 13.146966240146037, 7.008111566040216, 32.09305801712541, 57.0263287138861
7968, 14.555008994620868, 7.379496284816246, 41.8744702116623, 45.82305385812426
7969, 12.645088426587744, 7.186643669704222, 30.65542939324758, 59.53978135591515
7971, 7.971287045635421, 7.080036037082478, 14.057902789219726, 79.49393903730729
7972, 7.198434338744249, 6.277033304088221, 10.238470134091832, 85.33751523770825
7974, 7.840030874578895, 6.5948602464466735, 11.469759154045015, 82.40612265763069
7975, 8.33505518604907, 7.092202329450259, 14.569637850192033, 78.19914705120048
7985, 7.935721525641788, 7.022173786655296, 13.770282567332806, 79.71802356500467
7986, 8.576985247910097, 7.0275734883531875, 14.584736087121989, 78.0160426241986
7987, 8.575678144094013, 7.1246285492784045, 15.378543321001908, 77.51832041282782
7992, 8.552759959747618, 7.204198706970348, 15.710287723193636, 77.16139328337496
7993, 7.488842126396902, 6.486391066842828, 10.376215385524722, 83.42347134793273
7994, 8.339968590389581, 7.05832275399129, 14.639030388196032, 78.54558229404532
8003, 7.171828608710853, 6.029517931735386, 9.387973329978614, 85.98880362309724
8009, 6.967643558620617, 6.099255488614481, 9.467784762964286, 86.04968461708
8016, 5.2908561043676645, 5.157256906609552, 4.2625008113897485, 92.66287296882099
8020, 5.0656107000300405, 5.0900472049735, 4.080659666915884, 93.05009264376037
8023, 6.07817242132513, 5.666853052875784, 6.092358356410448, 90.13696579597335
8025, 4.674902715508231, 4.828007198957983, 3.0390282063540353, 94.5988526228867
8026, 4.7204508015923325, 4.994234937406088, 3.6952620046466045, 93.67533225426398
803, 7.192810974227962, 6.204048318651236, 9.882172621898649, 85.30318996072421
8039, 6.666834602803866, 5.306619712606817, 6.315683738683877, 89.5998392827995
8043, 5.669568624821948, 4.463460961030693, 3.4642322733159805, 93.80713468381808
8046, 7.979563805955416, 6.2082758340213555, 12.241525938525088, 82.61329121613413
8053, 9.344132197029086, 6.840364753394206, 17.567033356507043, 75.3568069357543
8066, 6.763116887095847, 5.890654977446638, 7.962517238130316, 87.68533666817991
8068, 6.48686981949918, 6.099104583462819, 8.705497108618406, 87.14902807775377
807, 5.684106107740303, 5.283802109299593, 5.294370038922431, 91.0524380152625
8074, 6.264037017629785, 6.206152645208685, 8.871795306709183, 87.19734041199868
8075, 7.033645753846589, 6.65512029066201, 11.632560841779098, 83.80903197248172
8079, 6.647826979231743, 6.266281584945595, 9.343447554276747, 86.00784724038712
8081, 7.530224649019921, 6.659297436849397, 11.862195643779287, 82.51980337518394
8085, 6.937831221027088, 6.405746023659017, 10.280636586695747, 85.0821292257361
8087, 7.255417199209764, 6.744117946735473, 12.15542069533018, 82.98361105396694
8091, 6.21664345325323, 5.952526795943282, 7.76043568448612, 88.03499149296519
8093, 6.759639325172425, 6.244647948310501, 9.543571671458158, 86.1162632538873
8103, 4.5284112707747095, 4.998128399240331, 4.286332236626513, 93.30571904206373
8106, 6.540250161419109, 6.212577166298577, 8.392823887267987, 86.40304591636145
811, 4.605570665208308, 4.5313873801162075, 2.834577356289172, 94.39965296994899
8134, 7.151355287210487, 6.801126512767432, 11.776682982138151, 82.95259463905013
8157, 7.6520794889248585, 6.176585811397924, 10.059298860109994, 84.06611976526254
8167, 6.7898465663473955, 5.7225037046910225, 7.6420356297275, 88.10598469464668
8179, 7.510666864546885, 5.9352446563847145, 8.83848716899515, 85.69299117320395
8185, 7.186082313330073, 5.851148589002719, 8.093038333738553, 86.90817732393225
8192, 7.899522863635704, 6.483301061209711, 11.97243244525634, 82.72876088349031
8196, 9.274078061976223, 6.856236456349462, 14.604077761972498, 74.32979538242697
8199, 9.488165231038645, 6.378106818020178, 12.834266990804355, 77.66092379241096
8202, 8.981791269159679, 6.660191473749027, 13.752347160943243, 77.52830992892278
8224, 3.8534712841481573, 3.8664151538875986, 1.6371557054525014, 96.71163575042159
8228, 8.625606165375126, 6.469191988960131, 12.549634538051038, 80.71018488075065
8229, 10.644348648073949, 6.982811953423578, 20.236801966400016, 69.92571133862242
8232, 10.179481780639101, 6.8253529177011405, 18.11343579881198, 73.86509918265428
8233, 10.096064238146273, 6.788154797826344, 16.68464234813759, 72.62624706290205
8237, 8.953838241549851, 6.537617258053074, 12.773488670252794, 79.48660776498787
8238, 8.983575584273487, 6.310248867663172, 12.167781791986378, 80.67431427978913
8241, 10.284650821217147, 6.843881372745163, 18.517617680919717, 73.02784128682849
8243, 9.52614917529189, 6.350353538363744, 12.400067160034613, 75.69323362651271
8253, 9.238651221472848, 6.325859289683973, 12.288059046685076, 77.52200056775659
8259, 7.066742176926801, 6.248426414731659, 9.656159379354499, 85.51670244416827
8260, 7.695966396820577, 6.649569581740399, 12.016215619575142, 82.46485445076613
8261, 8.285932675775532, 6.790465933887441, 13.444665118837824, 80.21949331916043
8262, 8.603488631910063, 6.746373947853466, 13.5848227219597, 79.11026304484649
8264, 7.112976661178382, 5.893960430799766, 8.682146462685408, 86.84044765430181
8271, 9.625480458661277, 6.5752918820977735, 14.656003334462186, 76.9375048844661
8272, 9.325221632481107, 6.319006934625415, 12.93471944211274, 79.34525731258475
8278, 7.816621212873062, 5.767292401746538, 8.035822781733785, 86.46073832843221
8280, 9.344096116471015, 7.022649895840107, 16.63986629357171, 76.26077818154194
8298, 8.085989848458087, 6.2512482936679685, 10.151483125484393, 82.7041499330656
8308, 7.566750705692039, 6.122557507765726, 10.051066129927028, 85.03150737542852
8309, 10.788746583449678, 6.5773527796908295, 17.571754625320363, 71.13749091511852
831, 9.616208248333821, 6.537971903192064, 13.8024502791253, 77.12893545160215
8313, 6.588842709875494, 5.499332201475119, 6.030967806488731, 89.80788953648347
8314, 10.378011636645391, 6.989289786661081, 19.209598058819566, 68.93998966501157
8315, 10.520007060647417, 7.062260827895211, 20.27742268272444, 68.2937495794927
8319, 5.129197967636942, 5.149779025223503, 4.627920998300842, 92.13088995669888
832, 9.463837844264072, 6.385233568416813, 12.32711584824261, 78.94514232542402
8323, 6.671102498277527, 5.82706037631599, 7.158311561071196, 87.8449542782495
8326, 6.217614126082194, 5.39522784416612, 5.822995288786006, 90.15535594933407
8333, 8.829483084452793, 6.863507888937383, 14.845204803421616, 78.55634150353677
8337, 8.96381798538916, 6.786886600571776, 14.866136963576878, 78.191548887821
8341, 10.758302342272625, 7.622818834430609, 23.876122810386395, 68.91335424267639
8344, 11.32176647087672, 7.346733500479064, 23.84719990110026, 67.16303846975129
8346, 6.398966062046082, 5.901255723171646, 7.660041155055061, 87.9655382945526
8348, 7.18766742341062, 5.988646769055365, 9.034979375917597, 86.1527347300226
8349, 6.940376559876647, 6.020628671575771, 8.538450410234153, 86.43437286874574
8352, 10.974103948049608, 6.780692017976607, 19.60747871984537, 67.98312455859941
8355, 11.106968599703416, 7.197900868033121, 24.117478446850264, 65.97799484047361
8356, 9.397784388453665, 6.473489458798567, 13.415173401276032, 78.45486513234087
8361, 8.945606245883816, 6.6369033171795495, 13.733713224701477, 79.66674136440759
8364, 10.726353143679017, 7.475385653398991, 23.75611894498429, 68.87922846496676
8367, 11.621812342520741, 7.413370825101696, 26.246995929177498, 64.00510078964147
8368, 9.193400226010702, 6.7675170139601235, 14.895484850641802, 77.1893610458633
8371, 9.747730600596833, 6.594761095266101, 14.491838474410383, 76.05847251602312
8372, 8.812225115053417, 6.543200300892901, 13.094260275322798, 80.31836251930217
8375, 9.654921486598704, 6.626826178703807, 14.611482975096662, 76.35845840435704
8376, 10.27801990386115, 6.432160643758001, 14.934209004925652, 74.5993571213838
8379, 9.588993896319765, 6.566175292774854, 13.528267553491874, 76.2847461881157
8380, 8.13132069434441, 6.633821980229635, 12.842753829010903, 81.32360331228561
8383, 7.949298445404664, 6.400822767562483, 10.864507438927324, 82.40678381191454
8393, 4.978098811750551, 4.41436970978495, 2.4933671008200675, 94.68162083936325
8397, 6.833505461820808, 6.1249142028642645, 9.282692794388806, 86.09855743157743
8400, 7.422802841251159, 6.442236239481762, 10.967059493619386, 83.86742429379296
8408, 10.599301005809352, 6.755476463278557, 17.522324901210368, 69.78126264040574
8410, 8.784944611469482, 6.374677420122225, 13.727413287794521, 80.59446611127777
8412, 11.800937766081661, 7.259020063464706, 26.820691412554147, 63.31436337382146
8413, 7.135896261439595, 5.335738309862948, 7.834965617837049, 88.62783913315275
8414, 6.791306327450608, 5.146040248159345, 7.212941840213899, 89.67547280888954
8416, 8.473054693192891, 6.981468413634696, 14.659718813326789, 78.69828443403945
8420, 8.467235867570377, 6.8672552335976365, 14.248570554601283, 79.35951434151391
8424, 6.999135337775926, 6.6237596896470174, 10.997768568696205, 84.05610455849538
8428, 8.082435914119158, 6.944081303715018, 13.829640150324906, 79.92358064881034
8432, 8.631972375298218, 7.050948425801637, 15.188602272014059, 77.87736145107638
8436, 8.326384015082075, 6.947164410688035, 14.237033324981208, 79.02530694061639
8440, 10.011296926819195, 6.758465883986231, 16.80198609228743, 73.8920062318712
8443, 7.895295792797604, 6.843435253203395, 12.969060773480662, 81.12596685082873
8447, 7.676328238173892, 6.31444368409453, 10.427807486631016, 83.26335793521015
8460, 6.503806474586963, 5.912006345466096, 7.629929701609596, 88.08309169011146
8463, 8.319804208409135, 6.630775579651805, 12.81435711755677, 80.59939391554174
8472, 8.790847997311648, 6.475026559529019, 12.643287956456303, 79.61774790372407
8476, 8.458756701195112, 6.723023708752093, 12.956226654622691, 78.75296013280926
8487, 6.735315008125766, 5.871880105320195, 7.81530568619068, 87.7084224027362
8489, 5.600063332307712, 5.264729687576084, 5.209397344228805, 91.65037209981031
8490, 6.830551042604107, 5.582658857845342, 7.244364678924972, 88.63679974715836
8495, 4.608967166517758, 4.51819770665083, 3.4626970432544675, 94.62901763518849
8500, 7.910170264015115, 6.671312226724715, 12.547232718381862, 81.99723395322417
8504, 6.352797667860208, 5.597773448712126, 6.950097753277139, 88.98272491266306
8505, 6.264917250610975, 5.671196126895833, 6.816541515025874, 89.0081540516884
8514, 6.150385384746176, 5.962497462436648, 7.18923198733175, 88.17300079176563
8515, 6.6471152744934825, 6.308766797471909, 8.659428935019486, 85.69553805774278
8517, 7.545115170494046, 6.49302338575398, 10.944120551785657, 83.74589824460799
8518, 7.543325227399325, 6.515917658292382, 11.280689583682193, 83.40151025843441
8520, 6.769107844890979, 6.535980417854471, 10.117765331035473, 84.7450811431854
8521, 6.2742162777427115, 6.38880524342829, 9.247881203505187, 86.13753111645107
8523, 7.697215045145162, 6.502340272553734, 11.704586593890111, 83.21451446712523
8529, 8.97916188740928, 6.375233149765922, 12.85832251975935, 79.82305060752624
8530, 9.742330425990243, 6.733332808907886, 16.54123769024172, 76.06591316025067
8534, 6.985107254809906, 6.292720421568979, 8.937879678620419, 85.48108955516362
8535, 6.719448049849197, 6.227220681236219, 8.493107891756804, 86.25678472412042
8537, 9.875172397343707, 6.668802319745833, 15.234949185224991, 73.99832461394996
8547, 8.835444406541638, 6.305582141469477, 12.340259262664338, 80.72308540957984
8549, 6.836767580413476, 6.374701447915004, 9.144999440444659, 85.28742492632522
8555, 5.924941971673786, 5.536862394810409, 6.234243207071493, 89.97375164700634
8556, 6.673385605750489, 5.841517642000792, 7.695192067327723, 87.7749770852429
8562, 9.583472445799634, 6.761549185589127, 15.322112594312246, 76.57983680994161
8568, 5.973749581945219, 6.092174219021514, 7.688925910500255, 88.36904376262977
8569, 5.942304091823135, 5.9252588040011505, 7.214086558991234, 88.8104627699212
8572, 4.425065228279849, 4.826876967340879, 3.056889742768705, 93.96306969794001
8575, 6.690922431976256, 5.807698992271094, 7.384893416026615, 87.99133363453403
8576, 6.85376794093744, 5.965555863861546, 8.034172218110042, 86.79270499218686
8580, 7.461219291440497, 6.468759254866706, 10.686068968366262, 83.60374688878102
8582, 5.5879092061772955, 5.149552792091845, 4.981919619795434, 91.8617625787788
8591, 6.517580720903469, 5.5986448080601185, 6.794924273434303, 89.12051926787908
860, 6.257814719340436, 6.440162965866817, 8.971522031941506, 86.46975819382978
8629, 9.521167197365996, 6.472642679306375, 14.070378657302829, 77.1413889453907
8630, 9.654218921179236, 6.714060623749632, 15.80554483822962, 76.20459681419831
8631, 9.76708460173161, 6.5468187814792165, 15.918135901124634, 76.48769833352584
8632, 11.012669218050299, 7.336131526677403, 23.572746086017634, 67.30475076480114
8633, 3.5239941061728213, 3.575580637469279, 1.3835645082595665, 97.30954206454311
8634, 3.695936035449354, 4.050303098379754, 2.1272617736876, 96.10694476182562
8635, 4.296786875069253, 4.667040618527284, 3.289363132246681, 94.31818181818183
8638, 5.866211913228759, 5.538103350691696, 5.915768854064642, 90.05408167610612
8640, 5.834810378867819, 5.609609539484027, 6.441502113564936, 89.90825688073394
8653, 3.3700251147723295, 3.4969336758392346, 1.3887445887445888, 97.41991341991341
8654, 3.7798776964195784, 4.20051297095183, 2.3696878292667813, 95.75232940107018
8655, 4.565097867871779, 5.0080107534236795, 4.189359028068706, 92.88856304985337
8658, 5.774781091581137, 5.551728419783265, 6.039448128055723, 90.28112651530374
8659, 5.6120174253793, 5.415181517079093, 5.6060007895775765, 90.71826360131372
8672, 3.4854514627170685, 3.609260420241577, 1.5237099023709904, 97.1792189679219
8673, 3.855231441850861, 4.146073046245712, 2.1844307398409435, 95.98413588322016
8674, 4.585634676855006, 4.949408296533576, 3.71705385977706, 93.31180331284509
8677, 5.6116254737336, 5.401774913189504, 5.7552545380100995, 90.7994404258223
8678, 5.500198798206628, 5.282440434932008, 5.095365495814274, 91.27470441011478
8691, 4.01158584363781, 3.524650780100888, 1.2660387013626972, 97.40727403673029
8692, 4.334981629933835, 3.893086579383794, 1.6128110897423693, 96.53064721899575
8697, 9.019563871004433, 6.581132701647941, 14.226117625383289, 78.8805979970258
87, 6.82013629017861, 6.125072338689269, 8.887587746671901, 86.70111118975157
8707, 6.242433345610873, 6.030012752337675, 7.542537108998489, 87.44838222014792
8710, 5.988104028321058, 6.009256980938299, 7.518336804904294, 87.92288176586146
8729, 7.134556405019139, 5.656985223376323, 6.805343257792251, 87.57227354289891
8730, 6.0456503395835615, 5.552356402973501, 5.4455689953098, 90.12589484078005
8732, 5.482363524493734, 5.129201567366157, 4.104509060261273, 92.53603034134008
8734, 6.39946660743009, 5.797609536738756, 6.747531511565784, 88.64792132496983
8736, 5.311283229987436, 5.510859850758238, 4.768041237113402, 91.62876490802506
8750, 5.585634394088758, 5.357907475561413, 4.858576982081949, 91.09906313766962
8751, 6.667592647825619, 5.972148637865886, 7.726358752738513, 87.28429518922
8754, 7.064927626491598, 5.890893714228514, 7.665443947540325, 86.71172302899352
8756, 5.538083006646799, 5.090551012842916, 3.5386726366722034, 92.29676704942106
8757, 4.537303929834426, 4.4460977764681635, 1.7714176135001678, 95.06927465362674
8762, 8.49591877926506, 6.166942086779748, 11.23767915179285, 82.8099525813842
8763, 8.024398442989083, 6.194905553141992, 10.671678722978593, 83.7971591327879
8766, 8.709960159139598, 6.25126133628727, 11.930513563777286, 81.66941994202537
8774, 6.307132096406079, 5.773983456643719, 7.525483054655535, 88.456353617293
8782, 6.701768866634577, 5.336306428081391, 6.024139092214168, 89.72404870354288
8785, 6.722165624934001, 5.46591294038539, 6.559191616231947, 89.11859746844483
8786, 6.124468488753911, 5.016606126910368, 4.518537965636941, 92.36603366296198
8787, 5.955899713261503, 5.347300745777033, 5.475624336705222, 90.67693010384342
8790, 5.083027992371525, 4.760891954373162, 3.3050539520040445, 93.63950898146831
8791, 5.9891708787574505, 5.158148308028291, 5.517381788568229, 91.29383620909046
8792, 5.496719553469651, 4.833964750339183, 4.1770718875903174, 92.83454866313721
8796, 5.570728171001921, 4.940270524838583, 4.597701149425287, 92.64367816091954
88, 7.480870340879828, 6.767379372051936, 12.127780541539336, 82.55063605998151
8800, 5.812211825946555, 5.442231399283474, 5.704653091804244, 90.51052899151793
8821, 8.291716549353524, 6.083545648802756, 9.83434262549422, 84.21800710675141
8828, 7.804910441622154, 5.757254493111109, 8.119190470799845, 86.23448171767103
8847, 8.959911634645602, 6.848506533150961, 15.18682569031026, 78.05636263892556
8850, 8.59981030859211, 6.806307550857086, 14.244727879539, 79.41896889912464
8851, 8.433142325978155, 5.979163664438777, 10.172155917096548, 82.86987576691797
8853, 8.25040484992487, 6.023076980534275, 10.516695849844869, 82.79267655822812
8857, 8.549595145740739, 6.072356525572049, 10.964219437755931, 82.18640246614419
8859, 8.63175735122868, 6.072461271456319, 11.126749671332457, 81.73845796922126
8860, 8.517909720600048, 6.6678554548155216, 13.421421343504319, 79.32007472561688
8861, 8.667515165858799, 6.90327426323299, 14.741502037950738, 78.00573356475613
8863, 6.368484078033841, 5.755399129184759, 6.811035412143446, 87.89585984876844
8864, 5.929612282781185, 5.683953209280946, 6.394848178516605, 89.07484368564903
8866, 7.091123352094279, 6.555123731072711, 10.526397696766916, 84.13959459985215
8867, 7.019736804000235, 6.53351916810376, 10.36649709416786, 84.39355519506087
8877, 6.868296781174574, 6.5060232251905425, 10.159447641681616, 85.11226574089176
8881, 7.028858977052003, 6.549584041629185, 10.44690453351784, 84.29465507209913
8911, 4.251982630606757, 4.698749504998913, 3.21325598360371, 94.399092182814
8927, 5.1451524452638955, 4.826274949305324, 3.7746344564526386, 93.41127622377621
8953, 8.87613934621119, 5.875080745029239, 9.775073925056958, 82.8372679237966
8970, 4.894016153271459, 3.9418250247241238, 2.27622133985157, 95.89771382433942
8971, 4.91113002388807, 3.8575278981739296, 1.9748613596203644, 96.09917649281515
8974, 6.572707645995536, 6.260917007576129, 8.79625634728353, 86.71534300222362
8975, 7.231727201534928, 6.590434999305941, 10.629422219241475, 83.91267898460816
8981, 7.591934941781228, 6.472147932558988, 10.165723023515312, 83.77484812166797
8986, 4.717695868372263, 4.3630745014189385, 2.1817233004837124, 95.43383577865644
8995, 9.486328834610783, 6.856250731960886, 16.340203440379184, 76.6373755125952
8997, 5.966089843397059, 5.077113471712356, 4.891635006692535, 91.6688073766613
9001, 5.7848942246217785, 4.8382795712717686, 3.3651838258558504, 92.77605517939632
9004, 5.895144738298295, 4.953202082687652, 3.753178247504838, 91.95349955093418
9008, 5.803452793764575, 4.854167606377461, 3.4126633419607346, 92.70753109020895
9025, 6.195964468786564, 5.304494497637831, 5.510738913371301, 90.20394418985988
9027, 6.367849065501879, 5.464494158436949, 6.126205207345216, 89.5046084580425
9030, 6.333962389883639, 5.438504574673179, 6.103048711891102, 89.48981887726404
9035, 6.279518460937551, 5.289171491488998, 5.3088612591276885, 90.21539936282387
9037, 6.990459941747893, 5.904099053126452, 8.40984453368437, 86.82285504807292
9040, 10.572244692366908, 6.787596040591181, 19.310183012670105, 71.56264664476771
9044, 10.721329805986034, 6.820208015901344, 20.052576774039366, 71.0844813164678
9045, 10.754513278691983, 6.958249025371417, 21.246562467365194, 70.35019319803669
9046, 11.396716770392485, 7.09417319238571, 23.100600474324256, 68.01170672632163
9050, 9.950233857550637, 6.80256995584986, 17.785708068587343, 74.52519801549307
9051, 11.529996127196194, 6.8994554844661335, 22.797673396232796, 67.30918805586555
9056, 6.723308816582459, 5.71062119913049, 7.145658725899014, 88.09504149291936
9068, 5.635209326273644, 4.523222381482165, 3.1218789819884973, 94.06446946998656
9069, 7.26647507102754, 6.315924477727198, 9.401586157173757, 84.41240086517664
9074, 9.054512131636482, 6.385517653645947, 12.152265946532388, 80.03985896060095
9075, 9.223639364561958, 6.452580507035952, 12.905659487687284, 78.91454774787519
9076, 9.438685668400312, 6.685971669071947, 14.859118409680208, 76.4206280610775
9077, 9.192119316343968, 6.509786347554992, 13.13696612665685, 78.83946980854198
9078, 9.212643714109761, 6.620230844679544, 13.855365870607583, 77.9701651571657
9080, 9.666807657487261, 6.845342745138402, 16.30620441325824, 74.50604745637523
9081, 9.407770848581368, 6.6615916317435175, 14.259954921111945, 76.51852279951453
9082, 9.308324686374448, 6.576436386960998, 13.765369326060831, 78.13280022187298
9083, 9.244366185647891, 6.584305462344443, 13.886989278470008, 78.45146334395827
9084, 9.286842649472373, 6.489746908328901, 13.3408352088022, 78.66625747345928
9102, 6.121138554040646, 6.169311336447267, 8.346303377335408, 87.67301398202768
9104, 5.895509939824549, 6.174553635065208, 8.527834848008094, 87.58521973581111
9105, 5.9271116591172905, 6.221396820776475, 8.413481998467955, 87.48768892185353
9116, 11.408290066167407, 7.12353373321149, 24.372818567846476, 65.62881947507024
9117, 10.171042035238703, 6.9937690356584055, 18.014721390306658, 71.50630615430042
9119, 10.201954409168446, 6.898717658024772, 17.92249047013977, 72.51270648030496
9125, 8.89866365869312, 6.4550773376718125, 13.367319428445382, 79.7027033651136
9126, 9.185882320668123, 6.410163190780961, 13.426569613696465, 78.70287069600066
9127, 9.680520040351222, 6.572073953108694, 15.76772324471711, 76.65196830265849
9128, 9.565258512430473, 6.583788634537604, 15.493583148318624, 76.9047490117507
9129, 10.631243582832262, 7.29004043270655, 22.082824227613894, 67.23577413161111
9130, 6.7545632882373745, 6.512119232894743, 9.88554890025611, 85.33582270837526
9132, 6.759098493563827, 6.298220785505127, 9.14068374899787, 86.24609246334839
9142, 8.578939234633665, 6.938132565931536, 15.011410172246709, 78.58013692206696
9149, 8.489120579809196, 6.604810054366895, 13.677696686270341, 80.62897092515175
9150, 8.689238428322815, 6.572838006616759, 13.60371163134715, 79.93567402194256
9175, 8.121630312105857, 5.766225364695704, 8.099126199684859, 85.84443489471423
9196, 8.836694487385424, 6.793721596844453, 14.485032231477938, 78.4181555941483
9200, 8.817971129175099, 5.984835673394261, 11.404910649426123, 82.13593878638191
9201, 8.953586960494661, 6.027976927823557, 11.83696655542143, 81.48121849037847
9204, 9.122857700442546, 6.031753933297695, 12.200004853308744, 80.88888349632361
9205, 8.799269281028211, 5.952968776835957, 11.151227685155687, 82.38056469977464
9208, 8.017790717556148, 6.502045764904149, 11.929828827076443, 82.27849640147831
9209, 7.9730384985065434, 6.512679468406841, 11.93819886978478, 82.2243597451004
9210, 7.743304609853158, 6.347452299898375, 11.25367609488015, 83.52768851695829
9211, 6.665349614262977, 5.95681935678393, 8.78585086042065, 87.33843212237093
9212, 8.00195576158223, 6.499450070523365, 11.916138469039494, 82.31960019502682
9214, 6.68707523746496, 6.039195396246694, 9.202988561152413, 87.06130999833145
9220, 8.08459162783792, 6.582186752014789, 12.499251075455646, 81.68789618108396
9221, 7.732788589957688, 6.414640273322512, 11.402560455192035, 83.31493598862019
9222, 6.115609412250826, 5.523710654597715, 6.93988520793475, 89.62440841808478
9223, 6.0429813562456145, 5.506102830697595, 6.783144912641316, 89.8353586038732
9226, 7.14304294853785, 5.297944649050066, 6.524378852979637, 89.34475994769289
9227, 6.903325921231521, 6.164095080044658, 8.934969762804196, 85.7585239708815
9239, 8.356323347012465, 6.58824814098334, 12.87932468652762, 81.0129702085708
9243, 7.575153971104078, 5.832767869747659, 8.507354076164855, 86.1121524179144
9244, 7.257579538424771, 6.1375420068857585, 8.828135903360366, 84.87447082357684
9250, 10.104625588480562, 6.4160185878438, 16.140287553389882, 75.80581122541058
9256, 7.766417604206938, 6.003269968150975, 9.805661295400556, 84.92801740175734
9259, 7.009418951410028, 5.531569800735337, 7.223194523086426, 88.31651824779946
9260, 8.37846512330735, 6.224299228770189, 10.465007045561297, 82.82761860028182
9261, 8.639703679730182, 6.200145571593904, 10.925447835658964, 82.01530006177043
9263, 8.509522056786917, 6.036774615848225, 9.415902140672783, 83.09327217125382
9264, 7.72108908985862, 5.715610672770073, 7.81144401892318, 87.04381617481415
9265, 8.44945713302051, 6.92331310138115, 14.430875109641725, 78.77336212131435
9268, 8.649031833178084, 6.725130079223374, 13.77319587628866, 79.25635738831616
9269, 6.894473881748245, 5.651850787237358, 7.053997328754054, 88.65388284678495
9270, 10.051223255161222, 6.333144366226309, 14.56591707072396, 76.06901019896338
9271, 10.49117101397841, 6.341440075722081, 15.028924442872999, 74.40800652150426
9278, 7.611000740302706, 6.201488979777679, 10.389658803903112, 84.76779839513881
9282, 9.567407075311147, 6.540480610018469, 14.32490016713234, 78.28555389699035
9283, 8.174076135783556, 5.879111697306263, 9.130627493193186, 85.30234914202495
9284, 8.555634046017147, 6.269652070095189, 11.618648260265259, 82.09734033781714
9285, 7.969012249978568, 5.727669120947339, 8.355174137237453, 86.51274487096656
9286, 8.584706221964357, 6.3531243236329615, 12.041642882383321, 81.04052841882084
9290, 5.988820671478295, 5.509020191947633, 5.876353971908463, 90.30393868689835
9292, 5.711144380984115, 5.332055426258423, 5.335894893406048, 91.1378284581061
9293, 5.1960908404780985, 5.091585114042774, 3.95207540741582, 92.69774572710237
9300, 7.282615064860117, 6.393284993776684, 10.448262183027678, 84.26352567819109
9309, 8.817404367519442, 6.307425548997833, 12.212547117435642, 80.61975864184905
9340, 4.440392060380235, 4.5632145961379, 3.0899163965193654, 94.8728885855656
9350, 5.947802492114557, 5.711756829137232, 6.754012835143988, 89.31392746513318
9353, 7.064814992412163, 6.5030730878533465, 10.88342329580148, 84.35141538236084
9360, 6.8290546063118045, 6.234790221233312, 9.283400670703093, 85.93354774467501
9368, 4.497497915079121, 4.871320938265818, 3.122598887420475, 93.6656729262071
9373, 5.862105414179095, 5.410188927913915, 5.531961063922128, 90.81623163246326
9374, 6.398872733526616, 6.353664121046286, 8.946700507614214, 85.93811011323702
9376, 4.9485583856213164, 4.472590792734466, 3.1380569758948136, 94.20891161431702
9377, 5.04592121288219, 4.488857013439077, 2.941706730769231, 94.13161057692308
9378, 5.048791133729875, 4.6535017104930825, 3.081371847890302, 93.8279282360623
9382, 5.107814463980416, 4.371853541022219, 2.027168234064786, 94.91118077324974
9383, 6.812921613705496, 5.22081989429285, 5.281304841540209, 90.65138845875916
9384, 6.1719070180706135, 5.15576908966318, 5.045007759958613, 91.14330056906364
9385, 7.777431102011594, 6.090942965902833, 9.404498791646871, 84.63429244211265
9389, 7.991391047171216, 6.470261973491752, 11.929903990838515, 82.64378071028136
9391, 6.591565466321458, 5.753559783351036, 7.029464527068538, 88.13309414395596
9394, 7.260898692060078, 6.077058650039625, 9.127930793513096, 85.65266632930914
9395, 8.301292847171382, 6.623062225094278, 12.756041918286181, 80.84153765447914
9396, 7.659600597314008, 6.831490252238513, 12.771466897593942, 81.49780109690455
9404, 7.0893310068634, 6.263779389882128, 8.75006772498239, 85.21969984287804
9408, 6.046572646889125, 5.845202428320739, 6.865846592384897, 88.9483113440649
9417, 5.779940494603493, 5.86071950791301, 6.381181363311455, 88.98076548183768
9420, 6.000922031446273, 5.850287043210638, 6.827086369896902, 88.97677279595631
9421, 5.234951723520236, 5.6549258347314595, 5.4638543499318, 90.52523375570799
9422, 5.2913314640709475, 5.582381855829349, 5.176463410914193, 90.51947655797213
9424, 4.0460381222509225, 4.298324188837989, 1.7217425821176937, 95.76262776620025
9425, 8.603703099102065, 6.069145189677221, 10.690391642221194, 82.07760794606557
9442, 5.27878149326874, 5.215379551565824, 4.516677690635926, 91.87753945006142
9464, 6.9474492871564, 6.5526126855009, 10.397898762758334, 84.57326298489352
9465, 6.313819544509613, 6.15025840389773, 8.120490648268639, 87.38190022253194
9467, 7.225895694083143, 6.653376482336351, 10.780025988490811, 83.09782810469649
9468, 6.943237937329167, 5.875126349149791, 8.465914897966137, 87.40844206725036
9472, 8.792581627142706, 6.442709243204679, 12.875503165925547, 80.46773639095576
9475, 5.85297457474894, 5.819620438871242, 6.393948442321092, 88.97979496367074
9478, 8.373938049165043, 6.578520496842864, 12.983791961705874, 81.04515184960131
9481, 6.668703374534862, 6.000857131128009, 7.9820521903412445, 87.55198698521404
9492, 7.210838337618034, 6.042708663218257, 8.896759880792558, 85.87506069867749
9498, 6.11347979471625, 5.977550915598634, 7.616229368054185, 88.38692707305846
9508, 9.04939907851365, 6.413907625245231, 13.488990129081246, 79.70640344216655
9514, 8.023199031664026, 5.723429961180541, 8.91113468960957, 85.4115729421353
9517, 6.768367679517565, 5.233563452360745, 4.954444718049741, 90.943117458754
9518, 5.2791519039231405, 4.597667496387155, 2.6851200643022204, 93.69536823068422
9519, 8.48246009778321, 6.418061410162081, 11.248557990948619, 81.54583370307924
9520, 9.779268703376037, 6.646117491441757, 15.07762917279214, 76.06403958549966
9522, 7.299739466717646, 5.473800081981525, 6.1943620178041545, 88.8932678041543
9523, 8.40977364313059, 5.9672737344750155, 9.34844192634561, 84.07560488552454
9525, 6.248173012499788, 5.729137308945361, 7.043652242489741, 89.12710119317103
9530, 10.819497399098438, 7.266797472371105, 22.568046626209217, 68.30499309018808
9531, 10.981943370001458, 7.266675504928546, 23.22568984214966, 67.5141583323292
9533, 9.364653243530705, 6.500245587030751, 13.871880865204147, 77.89606473646965
9534, 10.449382351870852, 6.621987560400849, 17.527713205876307, 72.91617249395132
9535, 6.890193237956453, 6.448813084935709, 9.715546450240328, 85.4752711895569
9537, 6.116229069134676, 5.845054771348748, 7.156274097556796, 89.18056773019963
9538, 6.8571223695224965, 6.406558810865148, 9.540926836654751, 85.73271974350365
9541, 6.31602699619596, 5.9179026584673755, 7.5359025511619615, 88.65056611750406
9542, 4.7681419145080115, 4.739210225989924, 3.8820534577853207, 94.04433602036487
9545, 6.947728191890821, 6.107247748001533, 8.050277224524951, 86.1899122570921
9548, 4.91068085263117, 4.915251895376663, 4.707830000776016, 93.14260586150702
9549, 7.076390750328231, 6.042479837228064, 9.491004124591097, 86.42262836011948
9562, 6.989066784289101, 6.508751914508606, 10.50101451537381, 84.47323240206025
9564, 6.546064297876254, 6.519876169786153, 9.958276686512587, 85.21025737190006
9566, 7.474893998491469, 6.8207666562721885, 12.061756191701512, 82.25191769739855
9573, 7.564124175849783, 6.47220422685986, 11.384546777449184, 83.40961366943624
9585, 7.077149173998977, 6.5810718822698995, 10.372722362024216, 84.2498781307229
9586, 6.88772645269562, 6.446014110192247, 9.70788863866314, 85.49365188158883
9597, 8.803479416699801, 6.638472529448841, 13.979440920147166, 79.21723931404544
9600, 7.578750495212856, 6.007722631255209, 9.741348031169549, 84.85754271990601
9601, 7.532080848651807, 6.328267907208262, 10.772742600710746, 84.01986978288501
9612, 6.688155624227322, 6.66764347996331, 10.39742795704911, 84.73406217162263
9615, 7.296120368550541, 6.788405274131626, 11.447226464530411, 82.97838057474324
9616, 8.086398187126012, 7.026441765073677, 14.05321782178218, 80.05294279427943
9618, 7.779870333769478, 6.105742233895944, 9.588656070379583, 84.69862416909089
9621, 7.445484997794205, 6.018623768215614, 8.835592137940822, 85.59852408997375
9623, 8.260893644699962, 6.175023429527698, 10.602782383629231, 83.27132284547257
9626, 8.01048249765798, 5.788337423947181, 8.69179120641109, 84.91769547325103
9638, 8.228831398388243, 6.39348297958847, 11.641005932793698, 82.1980159969255
9644, 7.96408019792936, 6.516639195087506, 12.048698572628044, 82.49730118747752
9648, 7.683216529223093, 6.270951088203263, 9.944897044477841, 83.683988504838
9650, 8.310292925086044, 6.848712885175547, 14.42912595368759, 79.06815443959066
9651, 10.09712641549545, 7.128921128453412, 18.72431639974233, 70.01488260512228
9654, 9.781645587290784, 7.009017827596081, 17.907622921113035, 72.78755419535833
9655, 9.875904161298113, 6.986839755457483, 17.98381078133073, 72.62644239049314
9667, 8.704163014073968, 6.863768101949848, 14.520213381322709, 77.79934443087602
9668, 8.633061179806088, 6.872005497307423, 14.520848573518656, 78.28926742606332
9669, 8.965603055025463, 6.4157126899656465, 12.228749550413621, 79.70567078287975
9671, 9.215581453678748, 6.899114364743112, 15.470961444607125, 75.6717562574078
9672, 8.909693153622134, 6.779250532379243, 14.094357964372737, 77.7992399853552
9673, 9.1612479563928, 6.51621908527495, 13.22095291167456, 78.60747345283427
9678, 8.516960873654249, 6.563378152628132, 12.801318842349493, 80.79374771034314
9682, 9.240651970079586, 6.626838066781548, 14.675445288400942, 78.15184583236592
9688, 9.21359722696676, 6.388734275835731, 13.16397815318176, 79.14517972818493
9691, 8.853538949549009, 6.314773084815285, 12.344278884740204, 81.92937153226087
972, 7.552022988534202, 6.726358118653579, 11.950486832723575, 81.9889425268547
9720, 5.295991287835504, 5.5679956963143376, 5.234687083888149, 91.37954948956947
9729, 11.244553497514682, 6.563543255015683, 19.68144761247466, 68.6192468619247
973, 7.833679630439106, 6.950201570145862, 13.388170860734808, 80.68896126797087
974, 6.74268897175293, 6.248486856347789, 8.648570752143614, 85.69311058271315
9747, 7.041427271284837, 5.897316375793353, 7.938529696801883, 86.47653329641423
9748, 6.792446858302009, 5.696869155811543, 6.791704536065438, 87.57746013385112
9753, 6.550707553100923, 5.8981141505414065, 7.711633376690484, 87.53274058763787
9756, 7.899714468016464, 6.572159982491199, 11.82403681484361, 82.03385200516921
9759, 6.469061026585222, 6.073848733285178, 8.712504475335066, 86.9724942015224
976, 8.396188149847324, 6.10411348469854, 10.308777801882211, 82.24501812997799
9762, 6.066449229031722, 5.833591778227627, 7.685520294319984, 88.55173032632429
9764, 6.440563820153975, 5.436435391451485, 6.108415074858028, 89.97625193598347
9765, 6.8513887495590575, 6.397856460178053, 10.354489692602927, 85.2576554939427
9767, 5.252233411172219, 5.139299436967325, 4.6870725969692, 92.37923299961705
9768, 6.993019647820649, 6.118776202819378, 9.468968913316283, 85.96413197147078
9769, 6.424766455374436, 5.860396093243535, 8.024934781289813, 88.0027907541103
9770, 6.854297521674177, 5.541610811113351, 6.898454746136866, 88.91516871649323
9771, 5.569844148610611, 5.525897248700357, 6.740361034794313, 90.4264930946103
9772, 5.5962871474355085, 5.4544282035066365, 6.2934086731321255, 90.86686044932222
9774, 6.003992787364334, 5.648759133610953, 7.4507056919188575, 89.38480324873865
9775, 5.420583542390801, 5.183822992403356, 5.396848838389898, 91.82304021561552
9777, 6.161254518555391, 5.682224760673656, 7.131790224893188, 89.23423634912437
9778, 5.980059329409191, 5.613885220374007, 6.869497787711536, 89.68549012452675
978, 7.554085535636809, 5.862513202682778, 9.626989830575218, 84.69860896445131
9780, 7.2572470010093415, 6.191080655179981, 10.22796887423261, 85.32344468919852
9783, 9.089717070650202, 6.889023426432282, 15.85569392733342, 77.58091895978659
9786, 10.746966856271055, 7.338714507018555, 22.844537393820456, 68.96477632464799
9789, 9.622493909095814, 7.219344124445461, 19.555433505728715, 73.3580484232688
9792, 9.076903425281124, 7.0413724170578105, 17.473991220157554, 77.00553250345781
9795, 6.702116785017184, 5.393865813302222, 6.683742038526713, 89.81223583490777
9813, 5.188386152683289, 5.821788472396698, 6.702199350609569, 89.88135350936307
982, 10.024993927275132, 6.5775456129831005, 15.822342187595853, 75.59658916630882
983, 10.197927716031078, 6.5109444479475185, 15.736597617625184, 75.68855996781234
9831, 7.020784091239202, 5.688678794472241, 7.7083487574344165, 87.51388169097505
9833, 7.689406834673182, 6.111123018072042, 9.792106458594981, 84.0966785132138
9834, 7.39361839784132, 5.998728532224536, 8.909341256612798, 85.26994709761577
9835, 7.06876394584703, 5.430719137997791, 6.655355903447211, 88.17327501680089
9839, 5.904263281688854, 5.619634451494343, 6.237918377098673, 89.72654807671422
9847, 6.918699286036573, 5.846039269789708, 7.641575035855534, 87.7667434482159
9848, 6.851957812139147, 5.750731695172819, 7.660312327135016, 88.04625335092123
986, 9.988919718264205, 6.4961030749434805, 15.33233186396434, 76.6431895978526
9860, 6.573715772477555, 4.852237339822655, 4.827332525532283, 91.60572096243726
9867, 7.672275219535022, 6.109289419018393, 10.565119191115375, 84.47999438274567
987, 10.008228526314563, 6.435268222416296, 14.792031361719962, 76.52432259177988
9873, 4.23279259451527, 4.036948730658971, 1.9744058500914077, 96.14411943936624
9875, 4.235623148110121, 4.181151258884002, 2.3745656282387366, 95.69286106200086
9884, 8.276210055697389, 6.74869798481334, 12.600524181805964, 80.39470441970386
9892, 9.227263766004992, 6.054813475967111, 11.699083103957419, 80.44441203813413
9893, 9.269638149073183, 6.004305191508369, 11.452138530370261, 80.59580579235174
990, 8.981143553575931, 6.305326215892084, 13.444925569271204, 79.80783730799888
9901, 11.112230923207624, 6.5428969688838405, 19.10288582183187, 69.24458097174751
9910, 10.49315726116812, 6.745412443888105, 18.57728952632828, 72.68391369703545
9917, 4.411690316738553, 4.299026021997507, 2.4457375357137514, 95.38077216496387
9924, 4.519797272782075, 4.3782519610661375, 2.6978202448492086, 95.12988951925948
993, 3.703109089947041, 4.017049881193857, 2.2571449191685913, 96.2561345265589
9937, 8.90932306911125, 6.0112750892968405, 9.392579482965678, 82.52533552451384
994, 6.327007689758179, 6.096919281102337, 8.185829133460055, 87.38817292433254
9940, 4.007421476678687, 3.6675584440892797, 1.3465952563121653, 97.28385615914308
9942, 7.0931279066945, 6.4011708865733805, 10.440509007880156, 84.5682621891794
9943, 7.078793077734044, 6.355668898701103, 10.227826256384564, 84.77168663799702
995, 7.703965174702698, 6.601512831887042, 11.40077551585653, 82.6166735909154
996, 5.900552287021001, 5.778270718623522, 6.7387801282271065, 89.32697912023862
9979, 7.3723521154600755, 6.3383770990908275, 10.2223770539395, 84.40457527724554
9983, 7.6621985465638875, 6.5440346574188, 11.47692835496598, 82.78117673966493
9987, 7.092456478515282, 6.444815169282289, 10.885354417578377, 84.22818791946308
9991, 6.308036718941327, 5.910678438833341, 8.006414427814446, 87.77888816584549